2025-05-16 21:40:04,693:WARNING:
'cuml' is a soft dependency and not included in the pycaret installation. Please run: `pip install cuml` to install.
2025-05-16 21:40:04,693:WARNING:
'cuml' is a soft dependency and not included in the pycaret installation. Please run: `pip install cuml` to install.
2025-05-16 21:40:04,693:WARNING:
'cuml' is a soft dependency and not included in the pycaret installation. Please run: `pip install cuml` to install.
2025-05-16 21:40:04,693:WARNING:
'cuml' is a soft dependency and not included in the pycaret installation. Please run: `pip install cuml` to install.
2025-05-16 21:43:07,690:WARNING:
'cuml' is a soft dependency and not included in the pycaret installation. Please run: `pip install cuml` to install.
2025-05-16 21:43:07,690:WARNING:
'cuml' is a soft dependency and not included in the pycaret installation. Please run: `pip install cuml` to install.
2025-05-16 21:43:07,690:WARNING:
'cuml' is a soft dependency and not included in the pycaret installation. Please run: `pip install cuml` to install.
2025-05-16 21:43:07,690:WARNING:
'cuml' is a soft dependency and not included in the pycaret installation. Please run: `pip install cuml` to install.
2025-05-16 21:43:55,506:WARNING:
'cuml' is a soft dependency and not included in the pycaret installation. Please run: `pip install cuml` to install.
2025-05-16 21:43:55,506:WARNING:
'cuml' is a soft dependency and not included in the pycaret installation. Please run: `pip install cuml` to install.
2025-05-16 21:43:55,506:WARNING:
'cuml' is a soft dependency and not included in the pycaret installation. Please run: `pip install cuml` to install.
2025-05-16 21:43:55,506:WARNING:
'cuml' is a soft dependency and not included in the pycaret installation. Please run: `pip install cuml` to install.
2025-05-16 21:45:14,865:WARNING:/var/folders/6v/vvlsrhf9375dd2sb2m9p71mc0000gn/T/ipykernel_22125/612678871.py:40: UserWarning: You passed a edgecolor/edgecolors ('k') for an unfilled marker ('x').  Matplotlib is ignoring the edgecolor in favor of the facecolor.  This behavior may change in the future.
  ax.scatter(xy['Longitud'], xy['Latitud'], c=[col], marker=marker,

2025-05-16 21:46:07,959:WARNING:
'cuml' is a soft dependency and not included in the pycaret installation. Please run: `pip install cuml` to install.
2025-05-16 21:46:07,959:WARNING:
'cuml' is a soft dependency and not included in the pycaret installation. Please run: `pip install cuml` to install.
2025-05-16 21:46:07,959:WARNING:
'cuml' is a soft dependency and not included in the pycaret installation. Please run: `pip install cuml` to install.
2025-05-16 21:46:07,959:WARNING:
'cuml' is a soft dependency and not included in the pycaret installation. Please run: `pip install cuml` to install.
2025-05-16 21:46:12,632:WARNING:/var/folders/6v/vvlsrhf9375dd2sb2m9p71mc0000gn/T/ipykernel_22309/612678871.py:40: UserWarning: You passed a edgecolor/edgecolors ('k') for an unfilled marker ('x').  Matplotlib is ignoring the edgecolor in favor of the facecolor.  This behavior may change in the future.
  ax.scatter(xy['Longitud'], xy['Latitud'], c=[col], marker=marker,

2025-06-18 09:46:57,713:WARNING:
'cuml' is a soft dependency and not included in the pycaret installation. Please run: `pip install cuml` to install.
2025-06-18 09:46:57,713:WARNING:
'cuml' is a soft dependency and not included in the pycaret installation. Please run: `pip install cuml` to install.
2025-06-18 09:46:57,713:WARNING:
'cuml' is a soft dependency and not included in the pycaret installation. Please run: `pip install cuml` to install.
2025-06-18 09:46:57,713:WARNING:
'cuml' is a soft dependency and not included in the pycaret installation. Please run: `pip install cuml` to install.
2025-06-18 09:47:27,077:WARNING:/var/folders/6v/vvlsrhf9375dd2sb2m9p71mc0000gn/T/ipykernel_7076/612678871.py:40: UserWarning: You passed a edgecolor/edgecolors ('k') for an unfilled marker ('x').  Matplotlib is ignoring the edgecolor in favor of the facecolor.  This behavior may change in the future.
  ax.scatter(xy['Longitud'], xy['Latitud'], c=[col], marker=marker,

2025-06-18 10:06:15,913:INFO:PyCaret ClassificationExperiment
2025-06-18 10:06:15,913:INFO:Logging name: clf-default-name
2025-06-18 10:06:15,914:INFO:ML Usecase: MLUsecase.CLASSIFICATION
2025-06-18 10:06:15,914:INFO:version 3.3.2
2025-06-18 10:06:15,914:INFO:Initializing setup()
2025-06-18 10:06:15,914:INFO:self.USI: 9d10
2025-06-18 10:06:15,914:INFO:self._variable_keys: {'fold_groups_param', 'seed', 'fold_shuffle_param', 'X_test', 'log_plots_param', 'pipeline', 'USI', 'exp_id', '_available_plots', 'fix_imbalance', 'fold_generator', 'is_multiclass', 'y_test', '_ml_usecase', 'n_jobs_param', 'memory', 'y_train', 'exp_name_log', 'y', 'target_param', 'data', 'html_param', 'logging_param', 'gpu_param', 'idx', 'X_train', 'X', 'gpu_n_jobs_param'}
2025-06-18 10:06:15,914:INFO:Checking environment
2025-06-18 10:06:15,914:INFO:python_version: 3.10.17
2025-06-18 10:06:15,914:INFO:python_build: ('main', 'Apr  8 2025 12:10:59')
2025-06-18 10:06:15,914:INFO:machine: arm64
2025-06-18 10:06:15,914:INFO:platform: macOS-15.6-arm64-arm-64bit
2025-06-18 10:06:15,916:INFO:Memory: svmem(total=8589934592, available=1471119360, percent=82.9, used=3235430400, free=64667648, active=1419329536, inactive=1362034688, wired=1816100864)
2025-06-18 10:06:15,916:INFO:Physical Core: 8
2025-06-18 10:06:15,916:INFO:Logical Core: 8
2025-06-18 10:06:15,916:INFO:Checking libraries
2025-06-18 10:06:15,916:INFO:System:
2025-06-18 10:06:15,916:INFO:    python: 3.10.17 (main, Apr  8 2025, 12:10:59) [Clang 16.0.0 (clang-1600.0.26.6)]
2025-06-18 10:06:15,916:INFO:executable: /Users/robertoorazi/Repositories/Facultad/AA1-TUIA-2025C1-Gallardo-Orazi-Oviedo/Clasificacion/aa1/bin/python
2025-06-18 10:06:15,916:INFO:   machine: macOS-15.6-arm64-arm-64bit
2025-06-18 10:06:15,916:INFO:PyCaret required dependencies:
2025-06-18 10:06:16,747:INFO:                 pip: 25.1.1
2025-06-18 10:06:16,747:INFO:          setuptools: 78.1.0
2025-06-18 10:06:16,747:INFO:             pycaret: 3.3.2
2025-06-18 10:06:16,747:INFO:             IPython: 8.37.0
2025-06-18 10:06:16,747:INFO:          ipywidgets: 8.1.7
2025-06-18 10:06:16,747:INFO:                tqdm: 4.67.1
2025-06-18 10:06:16,747:INFO:               numpy: 1.26.4
2025-06-18 10:06:16,747:INFO:              pandas: 2.1.4
2025-06-18 10:06:16,747:INFO:              jinja2: 3.1.6
2025-06-18 10:06:16,747:INFO:               scipy: 1.11.4
2025-06-18 10:06:16,747:INFO:              joblib: 1.3.2
2025-06-18 10:06:16,747:INFO:             sklearn: 1.4.2
2025-06-18 10:06:16,747:INFO:                pyod: 2.0.5
2025-06-18 10:06:16,747:INFO:            imblearn: 0.13.0
2025-06-18 10:06:16,747:INFO:   category_encoders: 2.7.0
2025-06-18 10:06:16,747:INFO:            lightgbm: 4.6.0
2025-06-18 10:06:16,747:INFO:               numba: 0.61.2
2025-06-18 10:06:16,747:INFO:            requests: 2.32.4
2025-06-18 10:06:16,747:INFO:          matplotlib: 3.7.5
2025-06-18 10:06:16,747:INFO:          scikitplot: 0.3.7
2025-06-18 10:06:16,747:INFO:         yellowbrick: 1.5
2025-06-18 10:06:16,747:INFO:              plotly: 5.24.1
2025-06-18 10:06:16,747:INFO:    plotly-resampler: Not installed
2025-06-18 10:06:16,747:INFO:             kaleido: 0.2.1
2025-06-18 10:06:16,747:INFO:           schemdraw: 0.15
2025-06-18 10:06:16,747:INFO:         statsmodels: 0.14.4
2025-06-18 10:06:16,747:INFO:              sktime: 0.26.0
2025-06-18 10:06:16,747:INFO:               tbats: 1.1.3
2025-06-18 10:06:16,747:INFO:            pmdarima: 2.0.4
2025-06-18 10:06:16,747:INFO:              psutil: 7.0.0
2025-06-18 10:06:16,747:INFO:          markupsafe: 3.0.2
2025-06-18 10:06:16,747:INFO:             pickle5: Not installed
2025-06-18 10:06:16,747:INFO:         cloudpickle: 3.1.1
2025-06-18 10:06:16,747:INFO:         deprecation: 2.1.0
2025-06-18 10:06:16,747:INFO:              xxhash: 3.5.0
2025-06-18 10:06:16,747:INFO:           wurlitzer: 3.1.1
2025-06-18 10:06:16,747:INFO:PyCaret optional dependencies:
2025-06-18 10:06:16,754:INFO:                shap: 0.48.0
2025-06-18 10:06:16,754:INFO:           interpret: Not installed
2025-06-18 10:06:16,754:INFO:                umap: Not installed
2025-06-18 10:06:16,754:INFO:     ydata_profiling: Not installed
2025-06-18 10:06:16,754:INFO:  explainerdashboard: Not installed
2025-06-18 10:06:16,754:INFO:             autoviz: Not installed
2025-06-18 10:06:16,754:INFO:           fairlearn: Not installed
2025-06-18 10:06:16,754:INFO:          deepchecks: Not installed
2025-06-18 10:06:16,754:INFO:             xgboost: Not installed
2025-06-18 10:06:16,754:INFO:            catboost: Not installed
2025-06-18 10:06:16,754:INFO:              kmodes: Not installed
2025-06-18 10:06:16,754:INFO:             mlxtend: Not installed
2025-06-18 10:06:16,754:INFO:       statsforecast: Not installed
2025-06-18 10:06:16,754:INFO:        tune_sklearn: Not installed
2025-06-18 10:06:16,754:INFO:                 ray: Not installed
2025-06-18 10:06:16,754:INFO:            hyperopt: Not installed
2025-06-18 10:06:16,754:INFO:              optuna: 4.4.0
2025-06-18 10:06:16,754:INFO:               skopt: 0.10.2
2025-06-18 10:06:16,754:INFO:              mlflow: Not installed
2025-06-18 10:06:16,754:INFO:              gradio: Not installed
2025-06-18 10:06:16,754:INFO:             fastapi: Not installed
2025-06-18 10:06:16,754:INFO:             uvicorn: Not installed
2025-06-18 10:06:16,754:INFO:              m2cgen: Not installed
2025-06-18 10:06:16,754:INFO:           evidently: Not installed
2025-06-18 10:06:16,754:INFO:               fugue: Not installed
2025-06-18 10:06:16,754:INFO:           streamlit: Not installed
2025-06-18 10:06:16,754:INFO:             prophet: Not installed
2025-06-18 10:06:16,754:INFO:None
2025-06-18 10:06:16,755:INFO:Set up data.
2025-06-18 10:06:16,801:INFO:Set up folding strategy.
2025-06-18 10:06:16,801:INFO:Set up train/test split.
2025-06-18 10:06:16,801:INFO:Set up data.
2025-06-18 10:06:16,833:INFO:Set up index.
2025-06-18 10:06:16,837:INFO:Assigning column types.
2025-06-18 10:06:16,894:INFO:Engine successfully changes for model 'lr' to 'sklearn'.
2025-06-18 10:06:16,969:INFO:Engine for model 'knn' has not been set explicitly, hence returning None.
2025-06-18 10:06:16,974:INFO:Engine for model 'rbfsvm' has not been set explicitly, hence returning None.
2025-06-18 10:06:17,005:WARNING:
'xgboost' is a soft dependency and not included in the pycaret installation. Please run: `pip install xgboost` to install.
Alternately, you can install this by running `pip install pycaret[models]`
2025-06-18 10:06:17,005:WARNING:
'catboost' is a soft dependency and not included in the pycaret installation. Please run: `pip install catboost` to install.
Alternately, you can install this by running `pip install pycaret[models]`
2025-06-18 10:06:17,054:INFO:Engine for model 'knn' has not been set explicitly, hence returning None.
2025-06-18 10:06:17,054:INFO:Engine for model 'rbfsvm' has not been set explicitly, hence returning None.
2025-06-18 10:06:17,066:WARNING:
'xgboost' is a soft dependency and not included in the pycaret installation. Please run: `pip install xgboost` to install.
Alternately, you can install this by running `pip install pycaret[models]`
2025-06-18 10:06:17,066:WARNING:
'catboost' is a soft dependency and not included in the pycaret installation. Please run: `pip install catboost` to install.
Alternately, you can install this by running `pip install pycaret[models]`
2025-06-18 10:06:17,066:INFO:Engine successfully changes for model 'knn' to 'sklearn'.
2025-06-18 10:06:17,086:INFO:Engine for model 'rbfsvm' has not been set explicitly, hence returning None.
2025-06-18 10:06:17,098:WARNING:
'xgboost' is a soft dependency and not included in the pycaret installation. Please run: `pip install xgboost` to install.
Alternately, you can install this by running `pip install pycaret[models]`
2025-06-18 10:06:17,098:WARNING:
'catboost' is a soft dependency and not included in the pycaret installation. Please run: `pip install catboost` to install.
Alternately, you can install this by running `pip install pycaret[models]`
2025-06-18 10:06:17,118:INFO:Engine for model 'rbfsvm' has not been set explicitly, hence returning None.
2025-06-18 10:06:17,130:WARNING:
'xgboost' is a soft dependency and not included in the pycaret installation. Please run: `pip install xgboost` to install.
Alternately, you can install this by running `pip install pycaret[models]`
2025-06-18 10:06:17,130:WARNING:
'catboost' is a soft dependency and not included in the pycaret installation. Please run: `pip install catboost` to install.
Alternately, you can install this by running `pip install pycaret[models]`
2025-06-18 10:06:17,130:INFO:Engine successfully changes for model 'rbfsvm' to 'sklearn'.
2025-06-18 10:06:17,161:WARNING:
'xgboost' is a soft dependency and not included in the pycaret installation. Please run: `pip install xgboost` to install.
Alternately, you can install this by running `pip install pycaret[models]`
2025-06-18 10:06:17,162:WARNING:
'catboost' is a soft dependency and not included in the pycaret installation. Please run: `pip install catboost` to install.
Alternately, you can install this by running `pip install pycaret[models]`
2025-06-18 10:06:17,192:WARNING:
'xgboost' is a soft dependency and not included in the pycaret installation. Please run: `pip install xgboost` to install.
Alternately, you can install this by running `pip install pycaret[models]`
2025-06-18 10:06:17,192:WARNING:
'catboost' is a soft dependency and not included in the pycaret installation. Please run: `pip install catboost` to install.
Alternately, you can install this by running `pip install pycaret[models]`
2025-06-18 10:06:17,196:INFO:Preparing preprocessing pipeline...
2025-06-18 10:06:17,203:INFO:Set up simple imputation.
2025-06-18 10:06:17,209:INFO:Set up column name cleaning.
2025-06-18 10:06:17,350:INFO:Finished creating preprocessing pipeline.
2025-06-18 10:06:17,355:INFO:Pipeline: Pipeline(memory=FastMemory(location=/var/folders/6v/vvlsrhf9375dd2sb2m9p71mc0000gn/T/joblib),
         steps=[('numerical_imputer',
                 TransformerWrapper(exclude=None,
                                    include=['MinTemp', 'MaxTemp', 'Rainfall',
                                             'Evaporation', 'Sunshine',
                                             'WindGustSpeed', 'WindSpeed9am',
                                             'WindSpeed3pm', 'Humidity9am',
                                             'Humidity3pm', 'Pressure9am',
                                             'Pressure3pm', 'Cloud9am',
                                             'Cloud3pm', 'Temp9am...
                ('categorical_imputer',
                 TransformerWrapper(exclude=None, include=[],
                                    transformer=SimpleImputer(add_indicator=False,
                                                              copy=True,
                                                              fill_value=None,
                                                              keep_empty_features=False,
                                                              missing_values=nan,
                                                              strategy='most_frequent'))),
                ('clean_column_names',
                 TransformerWrapper(exclude=None, include=None,
                                    transformer=CleanColumnNames(match='[\\]\\[\\,\\{\\}\\"\\:]+')))],
         verbose=False)
2025-06-18 10:06:17,355:INFO:Creating final display dataframe.
2025-06-18 10:06:17,728:INFO:Setup _display_container:                     Description             Value
0                    Session id                42
1                        Target      RainTomorrow
2                   Target type            Binary
3           Original data shape      (142193, 29)
4        Transformed data shape      (142193, 29)
5   Transformed train set shape      (113754, 29)
6    Transformed test set shape       (28439, 29)
7              Numeric features                25
8      Rows with missing values             60.3%
9                    Preprocess              True
10              Imputation type            simple
11           Numeric imputation              mean
12       Categorical imputation              mode
13               Fold Generator   StratifiedKFold
14                  Fold Number                10
15                     CPU Jobs                -1
16                      Use GPU             False
17               Log Experiment             False
18              Experiment Name  clf-default-name
19                          USI              9d10
2025-06-18 10:06:17,784:WARNING:
'xgboost' is a soft dependency and not included in the pycaret installation. Please run: `pip install xgboost` to install.
Alternately, you can install this by running `pip install pycaret[models]`
2025-06-18 10:06:17,784:WARNING:
'catboost' is a soft dependency and not included in the pycaret installation. Please run: `pip install catboost` to install.
Alternately, you can install this by running `pip install pycaret[models]`
2025-06-18 10:06:17,830:WARNING:
'xgboost' is a soft dependency and not included in the pycaret installation. Please run: `pip install xgboost` to install.
Alternately, you can install this by running `pip install pycaret[models]`
2025-06-18 10:06:17,830:WARNING:
'catboost' is a soft dependency and not included in the pycaret installation. Please run: `pip install catboost` to install.
Alternately, you can install this by running `pip install pycaret[models]`
2025-06-18 10:06:17,831:INFO:setup() successfully completed in 1.93s...............
2025-06-18 10:06:17,831:INFO:Initializing compare_models()
2025-06-18 10:06:17,831:INFO:compare_models(self=<pycaret.classification.oop.ClassificationExperiment object at 0x33974ac50>, include=None, fold=None, round=4, cross_validation=True, sort=Accuracy, n_select=1, budget_time=None, turbo=True, errors=ignore, fit_kwargs=None, groups=None, experiment_custom_tags=None, probability_threshold=None, verbose=True, parallel=None, caller_params={'self': <pycaret.classification.oop.ClassificationExperiment object at 0x33974ac50>, 'include': None, 'exclude': None, 'fold': None, 'round': 4, 'cross_validation': True, 'sort': 'Accuracy', 'n_select': 1, 'budget_time': None, 'turbo': True, 'errors': 'ignore', 'fit_kwargs': None, 'groups': None, 'experiment_custom_tags': None, 'probability_threshold': None, 'engine': None, 'verbose': True, 'parallel': None, '__class__': <class 'pycaret.classification.oop.ClassificationExperiment'>}, exclude=None)
2025-06-18 10:06:17,831:INFO:Checking exceptions
2025-06-18 10:06:17,870:INFO:Preparing display monitor
2025-06-18 10:06:18,104:INFO:Initializing Logistic Regression
2025-06-18 10:06:18,104:INFO:Total runtime is 3.4888585408528645e-06 minutes
2025-06-18 10:06:18,105:INFO:SubProcess create_model() called ==================================
2025-06-18 10:06:18,106:INFO:Initializing create_model()
2025-06-18 10:06:18,106:INFO:create_model(self=<pycaret.classification.oop.ClassificationExperiment object at 0x33974ac50>, estimator=lr, fold=StratifiedKFold(n_splits=10, random_state=None, shuffle=False), round=4, cross_validation=True, predict=True, fit_kwargs={}, groups=None, refit=False, probability_threshold=None, experiment_custom_tags=None, verbose=False, system=False, add_to_model_list=True, metrics=None, display=<pycaret.internal.display.display.CommonDisplay object at 0x1658fe860>, model_only=True, return_train_score=False, error_score=0.0, kwargs={})
2025-06-18 10:06:18,106:INFO:Checking exceptions
2025-06-18 10:06:18,107:INFO:Importing libraries
2025-06-18 10:06:18,107:INFO:Copying training dataset
2025-06-18 10:06:18,192:INFO:Defining folds
2025-06-18 10:06:18,192:INFO:Declaring metric variables
2025-06-18 10:06:18,193:INFO:Importing untrained model
2025-06-18 10:06:18,196:INFO:Logistic Regression Imported successfully
2025-06-18 10:06:18,200:INFO:Starting cross validation
2025-06-18 10:06:18,201:INFO:Cross validating with StratifiedKFold(n_splits=10, random_state=None, shuffle=False), n_jobs=-1
2025-06-18 10:06:37,807:WARNING:/Users/robertoorazi/Repositories/Facultad/AA1-TUIA-2025C1-Gallardo-Orazi-Oviedo/Clasificacion/aa1/lib/python3.10/site-packages/sklearn/linear_model/_logistic.py:469: ConvergenceWarning: lbfgs failed to converge (status=1):
STOP: TOTAL NO. of ITERATIONS REACHED LIMIT.

Increase the number of iterations (max_iter) or scale the data as shown in:
    https://scikit-learn.org/stable/modules/preprocessing.html
Please also refer to the documentation for alternative solver options:
    https://scikit-learn.org/stable/modules/linear_model.html#logistic-regression
  n_iter_i = _check_optimize_result(

2025-06-18 10:06:37,858:WARNING:/Users/robertoorazi/Repositories/Facultad/AA1-TUIA-2025C1-Gallardo-Orazi-Oviedo/Clasificacion/aa1/lib/python3.10/site-packages/sklearn/linear_model/_logistic.py:469: ConvergenceWarning: lbfgs failed to converge (status=1):
STOP: TOTAL NO. of ITERATIONS REACHED LIMIT.

Increase the number of iterations (max_iter) or scale the data as shown in:
    https://scikit-learn.org/stable/modules/preprocessing.html
Please also refer to the documentation for alternative solver options:
    https://scikit-learn.org/stable/modules/linear_model.html#logistic-regression
  n_iter_i = _check_optimize_result(

2025-06-18 10:06:37,930:WARNING:/Users/robertoorazi/Repositories/Facultad/AA1-TUIA-2025C1-Gallardo-Orazi-Oviedo/Clasificacion/aa1/lib/python3.10/site-packages/sklearn/linear_model/_logistic.py:469: ConvergenceWarning: lbfgs failed to converge (status=1):
STOP: TOTAL NO. of ITERATIONS REACHED LIMIT.

Increase the number of iterations (max_iter) or scale the data as shown in:
    https://scikit-learn.org/stable/modules/preprocessing.html
Please also refer to the documentation for alternative solver options:
    https://scikit-learn.org/stable/modules/linear_model.html#logistic-regression
  n_iter_i = _check_optimize_result(

2025-06-18 10:06:38,010:WARNING:/Users/robertoorazi/Repositories/Facultad/AA1-TUIA-2025C1-Gallardo-Orazi-Oviedo/Clasificacion/aa1/lib/python3.10/site-packages/sklearn/linear_model/_logistic.py:469: ConvergenceWarning: lbfgs failed to converge (status=1):
STOP: TOTAL NO. of ITERATIONS REACHED LIMIT.

Increase the number of iterations (max_iter) or scale the data as shown in:
    https://scikit-learn.org/stable/modules/preprocessing.html
Please also refer to the documentation for alternative solver options:
    https://scikit-learn.org/stable/modules/linear_model.html#logistic-regression
  n_iter_i = _check_optimize_result(

2025-06-18 10:06:38,087:WARNING:/Users/robertoorazi/Repositories/Facultad/AA1-TUIA-2025C1-Gallardo-Orazi-Oviedo/Clasificacion/aa1/lib/python3.10/site-packages/sklearn/linear_model/_logistic.py:469: ConvergenceWarning: lbfgs failed to converge (status=1):
STOP: TOTAL NO. of ITERATIONS REACHED LIMIT.

Increase the number of iterations (max_iter) or scale the data as shown in:
    https://scikit-learn.org/stable/modules/preprocessing.html
Please also refer to the documentation for alternative solver options:
    https://scikit-learn.org/stable/modules/linear_model.html#logistic-regression
  n_iter_i = _check_optimize_result(

2025-06-18 10:06:38,106:WARNING:/Users/robertoorazi/Repositories/Facultad/AA1-TUIA-2025C1-Gallardo-Orazi-Oviedo/Clasificacion/aa1/lib/python3.10/site-packages/sklearn/linear_model/_logistic.py:469: ConvergenceWarning: lbfgs failed to converge (status=1):
STOP: TOTAL NO. of ITERATIONS REACHED LIMIT.

Increase the number of iterations (max_iter) or scale the data as shown in:
    https://scikit-learn.org/stable/modules/preprocessing.html
Please also refer to the documentation for alternative solver options:
    https://scikit-learn.org/stable/modules/linear_model.html#logistic-regression
  n_iter_i = _check_optimize_result(

2025-06-18 10:06:38,163:WARNING:/Users/robertoorazi/Repositories/Facultad/AA1-TUIA-2025C1-Gallardo-Orazi-Oviedo/Clasificacion/aa1/lib/python3.10/site-packages/sklearn/linear_model/_logistic.py:469: ConvergenceWarning: lbfgs failed to converge (status=1):
STOP: TOTAL NO. of ITERATIONS REACHED LIMIT.

Increase the number of iterations (max_iter) or scale the data as shown in:
    https://scikit-learn.org/stable/modules/preprocessing.html
Please also refer to the documentation for alternative solver options:
    https://scikit-learn.org/stable/modules/linear_model.html#logistic-regression
  n_iter_i = _check_optimize_result(

2025-06-18 10:06:38,280:WARNING:/Users/robertoorazi/Repositories/Facultad/AA1-TUIA-2025C1-Gallardo-Orazi-Oviedo/Clasificacion/aa1/lib/python3.10/site-packages/sklearn/linear_model/_logistic.py:469: ConvergenceWarning: lbfgs failed to converge (status=1):
STOP: TOTAL NO. of ITERATIONS REACHED LIMIT.

Increase the number of iterations (max_iter) or scale the data as shown in:
    https://scikit-learn.org/stable/modules/preprocessing.html
Please also refer to the documentation for alternative solver options:
    https://scikit-learn.org/stable/modules/linear_model.html#logistic-regression
  n_iter_i = _check_optimize_result(

2025-06-18 10:06:43,252:WARNING:/Users/robertoorazi/Repositories/Facultad/AA1-TUIA-2025C1-Gallardo-Orazi-Oviedo/Clasificacion/aa1/lib/python3.10/site-packages/sklearn/linear_model/_logistic.py:469: ConvergenceWarning: lbfgs failed to converge (status=1):
STOP: TOTAL NO. of ITERATIONS REACHED LIMIT.

Increase the number of iterations (max_iter) or scale the data as shown in:
    https://scikit-learn.org/stable/modules/preprocessing.html
Please also refer to the documentation for alternative solver options:
    https://scikit-learn.org/stable/modules/linear_model.html#logistic-regression
  n_iter_i = _check_optimize_result(

2025-06-18 10:06:43,275:WARNING:/Users/robertoorazi/Repositories/Facultad/AA1-TUIA-2025C1-Gallardo-Orazi-Oviedo/Clasificacion/aa1/lib/python3.10/site-packages/sklearn/linear_model/_logistic.py:469: ConvergenceWarning: lbfgs failed to converge (status=1):
STOP: TOTAL NO. of ITERATIONS REACHED LIMIT.

Increase the number of iterations (max_iter) or scale the data as shown in:
    https://scikit-learn.org/stable/modules/preprocessing.html
Please also refer to the documentation for alternative solver options:
    https://scikit-learn.org/stable/modules/linear_model.html#logistic-regression
  n_iter_i = _check_optimize_result(

2025-06-18 10:06:43,315:INFO:Calculating mean and std
2025-06-18 10:06:43,321:INFO:Creating metrics dataframe
2025-06-18 10:06:43,326:INFO:Uploading results into container
2025-06-18 10:06:43,327:INFO:Uploading model into container now
2025-06-18 10:06:43,328:INFO:_master_model_container: 1
2025-06-18 10:06:43,328:INFO:_display_container: 2
2025-06-18 10:06:43,328:INFO:LogisticRegression(C=1.0, class_weight=None, dual=False, fit_intercept=True,
                   intercept_scaling=1, l1_ratio=None, max_iter=1000,
                   multi_class='auto', n_jobs=None, penalty='l2',
                   random_state=42, solver='lbfgs', tol=0.0001, verbose=0,
                   warm_start=False)
2025-06-18 10:06:43,329:INFO:create_model() successfully completed......................................
2025-06-18 10:06:45,873:INFO:SubProcess create_model() end ==================================
2025-06-18 10:06:45,873:INFO:Creating metrics dataframe
2025-06-18 10:06:45,877:INFO:Initializing K Neighbors Classifier
2025-06-18 10:06:45,877:INFO:Total runtime is 0.4628912369410197 minutes
2025-06-18 10:06:45,879:INFO:SubProcess create_model() called ==================================
2025-06-18 10:06:45,879:INFO:Initializing create_model()
2025-06-18 10:06:45,879:INFO:create_model(self=<pycaret.classification.oop.ClassificationExperiment object at 0x33974ac50>, estimator=knn, fold=StratifiedKFold(n_splits=10, random_state=None, shuffle=False), round=4, cross_validation=True, predict=True, fit_kwargs={}, groups=None, refit=False, probability_threshold=None, experiment_custom_tags=None, verbose=False, system=False, add_to_model_list=True, metrics=None, display=<pycaret.internal.display.display.CommonDisplay object at 0x1658fe860>, model_only=True, return_train_score=False, error_score=0.0, kwargs={})
2025-06-18 10:06:45,879:INFO:Checking exceptions
2025-06-18 10:06:45,879:INFO:Importing libraries
2025-06-18 10:06:45,879:INFO:Copying training dataset
2025-06-18 10:06:45,994:INFO:Defining folds
2025-06-18 10:06:45,994:INFO:Declaring metric variables
2025-06-18 10:06:45,996:INFO:Importing untrained model
2025-06-18 10:06:45,998:INFO:K Neighbors Classifier Imported successfully
2025-06-18 10:06:46,000:INFO:Starting cross validation
2025-06-18 10:06:46,001:INFO:Cross validating with StratifiedKFold(n_splits=10, random_state=None, shuffle=False), n_jobs=-1
2025-06-18 10:07:06,849:INFO:Calculating mean and std
2025-06-18 10:07:06,852:INFO:Creating metrics dataframe
2025-06-18 10:07:06,860:INFO:Uploading results into container
2025-06-18 10:07:06,861:INFO:Uploading model into container now
2025-06-18 10:07:06,861:INFO:_master_model_container: 2
2025-06-18 10:07:06,861:INFO:_display_container: 2
2025-06-18 10:07:06,862:INFO:KNeighborsClassifier(algorithm='auto', leaf_size=30, metric='minkowski',
                     metric_params=None, n_jobs=-1, n_neighbors=5, p=2,
                     weights='uniform')
2025-06-18 10:07:06,862:INFO:create_model() successfully completed......................................
2025-06-18 10:07:07,026:INFO:SubProcess create_model() end ==================================
2025-06-18 10:07:07,026:INFO:Creating metrics dataframe
2025-06-18 10:07:07,030:INFO:Initializing Naive Bayes
2025-06-18 10:07:07,030:INFO:Total runtime is 0.8154370029767355 minutes
2025-06-18 10:07:07,031:INFO:SubProcess create_model() called ==================================
2025-06-18 10:07:07,031:INFO:Initializing create_model()
2025-06-18 10:07:07,031:INFO:create_model(self=<pycaret.classification.oop.ClassificationExperiment object at 0x33974ac50>, estimator=nb, fold=StratifiedKFold(n_splits=10, random_state=None, shuffle=False), round=4, cross_validation=True, predict=True, fit_kwargs={}, groups=None, refit=False, probability_threshold=None, experiment_custom_tags=None, verbose=False, system=False, add_to_model_list=True, metrics=None, display=<pycaret.internal.display.display.CommonDisplay object at 0x1658fe860>, model_only=True, return_train_score=False, error_score=0.0, kwargs={})
2025-06-18 10:07:07,031:INFO:Checking exceptions
2025-06-18 10:07:07,032:INFO:Importing libraries
2025-06-18 10:07:07,032:INFO:Copying training dataset
2025-06-18 10:07:07,107:INFO:Defining folds
2025-06-18 10:07:07,107:INFO:Declaring metric variables
2025-06-18 10:07:07,109:INFO:Importing untrained model
2025-06-18 10:07:07,110:INFO:Naive Bayes Imported successfully
2025-06-18 10:07:07,113:INFO:Starting cross validation
2025-06-18 10:07:07,114:INFO:Cross validating with StratifiedKFold(n_splits=10, random_state=None, shuffle=False), n_jobs=-1
2025-06-18 10:07:08,029:INFO:Calculating mean and std
2025-06-18 10:07:08,032:INFO:Creating metrics dataframe
2025-06-18 10:07:08,035:INFO:Uploading results into container
2025-06-18 10:07:08,035:INFO:Uploading model into container now
2025-06-18 10:07:08,036:INFO:_master_model_container: 3
2025-06-18 10:07:08,036:INFO:_display_container: 2
2025-06-18 10:07:08,036:INFO:GaussianNB(priors=None, var_smoothing=1e-09)
2025-06-18 10:07:08,036:INFO:create_model() successfully completed......................................
2025-06-18 10:07:08,175:INFO:SubProcess create_model() end ==================================
2025-06-18 10:07:08,176:INFO:Creating metrics dataframe
2025-06-18 10:07:08,179:INFO:Initializing Decision Tree Classifier
2025-06-18 10:07:08,179:INFO:Total runtime is 0.8345985054969788 minutes
2025-06-18 10:07:08,181:INFO:SubProcess create_model() called ==================================
2025-06-18 10:07:08,181:INFO:Initializing create_model()
2025-06-18 10:07:08,182:INFO:create_model(self=<pycaret.classification.oop.ClassificationExperiment object at 0x33974ac50>, estimator=dt, fold=StratifiedKFold(n_splits=10, random_state=None, shuffle=False), round=4, cross_validation=True, predict=True, fit_kwargs={}, groups=None, refit=False, probability_threshold=None, experiment_custom_tags=None, verbose=False, system=False, add_to_model_list=True, metrics=None, display=<pycaret.internal.display.display.CommonDisplay object at 0x1658fe860>, model_only=True, return_train_score=False, error_score=0.0, kwargs={})
2025-06-18 10:07:08,182:INFO:Checking exceptions
2025-06-18 10:07:08,182:INFO:Importing libraries
2025-06-18 10:07:08,182:INFO:Copying training dataset
2025-06-18 10:07:08,252:INFO:Defining folds
2025-06-18 10:07:08,252:INFO:Declaring metric variables
2025-06-18 10:07:08,254:INFO:Importing untrained model
2025-06-18 10:07:08,257:INFO:Decision Tree Classifier Imported successfully
2025-06-18 10:07:08,259:INFO:Starting cross validation
2025-06-18 10:07:08,260:INFO:Cross validating with StratifiedKFold(n_splits=10, random_state=None, shuffle=False), n_jobs=-1
2025-06-18 10:07:12,115:INFO:Calculating mean and std
2025-06-18 10:07:12,118:INFO:Creating metrics dataframe
2025-06-18 10:07:12,125:INFO:Uploading results into container
2025-06-18 10:07:12,125:INFO:Uploading model into container now
2025-06-18 10:07:12,126:INFO:_master_model_container: 4
2025-06-18 10:07:12,126:INFO:_display_container: 2
2025-06-18 10:07:12,127:INFO:DecisionTreeClassifier(ccp_alpha=0.0, class_weight=None, criterion='gini',
                       max_depth=None, max_features=None, max_leaf_nodes=None,
                       min_impurity_decrease=0.0, min_samples_leaf=1,
                       min_samples_split=2, min_weight_fraction_leaf=0.0,
                       monotonic_cst=None, random_state=42, splitter='best')
2025-06-18 10:07:12,127:INFO:create_model() successfully completed......................................
2025-06-18 10:07:12,288:INFO:SubProcess create_model() end ==================================
2025-06-18 10:07:12,289:INFO:Creating metrics dataframe
2025-06-18 10:07:12,293:INFO:Initializing SVM - Linear Kernel
2025-06-18 10:07:12,293:INFO:Total runtime is 0.9031524181365967 minutes
2025-06-18 10:07:12,294:INFO:SubProcess create_model() called ==================================
2025-06-18 10:07:12,294:INFO:Initializing create_model()
2025-06-18 10:07:12,294:INFO:create_model(self=<pycaret.classification.oop.ClassificationExperiment object at 0x33974ac50>, estimator=svm, fold=StratifiedKFold(n_splits=10, random_state=None, shuffle=False), round=4, cross_validation=True, predict=True, fit_kwargs={}, groups=None, refit=False, probability_threshold=None, experiment_custom_tags=None, verbose=False, system=False, add_to_model_list=True, metrics=None, display=<pycaret.internal.display.display.CommonDisplay object at 0x1658fe860>, model_only=True, return_train_score=False, error_score=0.0, kwargs={})
2025-06-18 10:07:12,294:INFO:Checking exceptions
2025-06-18 10:07:12,294:INFO:Importing libraries
2025-06-18 10:07:12,294:INFO:Copying training dataset
2025-06-18 10:07:12,365:INFO:Defining folds
2025-06-18 10:07:12,366:INFO:Declaring metric variables
2025-06-18 10:07:12,368:INFO:Importing untrained model
2025-06-18 10:07:12,369:INFO:SVM - Linear Kernel Imported successfully
2025-06-18 10:07:12,371:INFO:Starting cross validation
2025-06-18 10:07:12,372:INFO:Cross validating with StratifiedKFold(n_splits=10, random_state=None, shuffle=False), n_jobs=-1
2025-06-18 10:07:22,995:INFO:Calculating mean and std
2025-06-18 10:07:22,998:INFO:Creating metrics dataframe
2025-06-18 10:07:23,001:INFO:Uploading results into container
2025-06-18 10:07:23,002:INFO:Uploading model into container now
2025-06-18 10:07:23,002:INFO:_master_model_container: 5
2025-06-18 10:07:23,002:INFO:_display_container: 2
2025-06-18 10:07:23,003:INFO:SGDClassifier(alpha=0.0001, average=False, class_weight=None,
              early_stopping=False, epsilon=0.1, eta0=0.001, fit_intercept=True,
              l1_ratio=0.15, learning_rate='optimal', loss='hinge',
              max_iter=1000, n_iter_no_change=5, n_jobs=-1, penalty='l2',
              power_t=0.5, random_state=42, shuffle=True, tol=0.001,
              validation_fraction=0.1, verbose=0, warm_start=False)
2025-06-18 10:07:23,003:INFO:create_model() successfully completed......................................
2025-06-18 10:07:23,189:INFO:SubProcess create_model() end ==================================
2025-06-18 10:07:23,189:INFO:Creating metrics dataframe
2025-06-18 10:07:23,193:INFO:Initializing Ridge Classifier
2025-06-18 10:07:23,193:INFO:Total runtime is 1.0848238348960877 minutes
2025-06-18 10:07:23,194:INFO:SubProcess create_model() called ==================================
2025-06-18 10:07:23,195:INFO:Initializing create_model()
2025-06-18 10:07:23,195:INFO:create_model(self=<pycaret.classification.oop.ClassificationExperiment object at 0x33974ac50>, estimator=ridge, fold=StratifiedKFold(n_splits=10, random_state=None, shuffle=False), round=4, cross_validation=True, predict=True, fit_kwargs={}, groups=None, refit=False, probability_threshold=None, experiment_custom_tags=None, verbose=False, system=False, add_to_model_list=True, metrics=None, display=<pycaret.internal.display.display.CommonDisplay object at 0x1658fe860>, model_only=True, return_train_score=False, error_score=0.0, kwargs={})
2025-06-18 10:07:23,195:INFO:Checking exceptions
2025-06-18 10:07:23,195:INFO:Importing libraries
2025-06-18 10:07:23,195:INFO:Copying training dataset
2025-06-18 10:07:23,275:INFO:Defining folds
2025-06-18 10:07:23,275:INFO:Declaring metric variables
2025-06-18 10:07:23,277:INFO:Importing untrained model
2025-06-18 10:07:23,279:INFO:Ridge Classifier Imported successfully
2025-06-18 10:07:23,281:INFO:Starting cross validation
2025-06-18 10:07:23,282:INFO:Cross validating with StratifiedKFold(n_splits=10, random_state=None, shuffle=False), n_jobs=-1
2025-06-18 10:07:24,236:INFO:Calculating mean and std
2025-06-18 10:07:24,241:INFO:Creating metrics dataframe
2025-06-18 10:07:24,245:INFO:Uploading results into container
2025-06-18 10:07:24,245:INFO:Uploading model into container now
2025-06-18 10:07:24,247:INFO:_master_model_container: 6
2025-06-18 10:07:24,247:INFO:_display_container: 2
2025-06-18 10:07:24,247:INFO:RidgeClassifier(alpha=1.0, class_weight=None, copy_X=True, fit_intercept=True,
                max_iter=None, positive=False, random_state=42, solver='auto',
                tol=0.0001)
2025-06-18 10:07:24,247:INFO:create_model() successfully completed......................................
2025-06-18 10:07:24,405:INFO:SubProcess create_model() end ==================================
2025-06-18 10:07:24,405:INFO:Creating metrics dataframe
2025-06-18 10:07:24,409:INFO:Initializing Random Forest Classifier
2025-06-18 10:07:24,409:INFO:Total runtime is 1.1050904035568239 minutes
2025-06-18 10:07:24,410:INFO:SubProcess create_model() called ==================================
2025-06-18 10:07:24,410:INFO:Initializing create_model()
2025-06-18 10:07:24,410:INFO:create_model(self=<pycaret.classification.oop.ClassificationExperiment object at 0x33974ac50>, estimator=rf, fold=StratifiedKFold(n_splits=10, random_state=None, shuffle=False), round=4, cross_validation=True, predict=True, fit_kwargs={}, groups=None, refit=False, probability_threshold=None, experiment_custom_tags=None, verbose=False, system=False, add_to_model_list=True, metrics=None, display=<pycaret.internal.display.display.CommonDisplay object at 0x1658fe860>, model_only=True, return_train_score=False, error_score=0.0, kwargs={})
2025-06-18 10:07:24,410:INFO:Checking exceptions
2025-06-18 10:07:24,410:INFO:Importing libraries
2025-06-18 10:07:24,410:INFO:Copying training dataset
2025-06-18 10:07:24,501:INFO:Defining folds
2025-06-18 10:07:24,501:INFO:Declaring metric variables
2025-06-18 10:07:24,503:INFO:Importing untrained model
2025-06-18 10:07:24,505:INFO:Random Forest Classifier Imported successfully
2025-06-18 10:07:24,507:INFO:Starting cross validation
2025-06-18 10:07:24,508:INFO:Cross validating with StratifiedKFold(n_splits=10, random_state=None, shuffle=False), n_jobs=-1
2025-06-18 10:08:02,133:INFO:Calculating mean and std
2025-06-18 10:08:02,139:INFO:Creating metrics dataframe
2025-06-18 10:08:02,143:INFO:Uploading results into container
2025-06-18 10:08:02,145:INFO:Uploading model into container now
2025-06-18 10:08:02,146:INFO:_master_model_container: 7
2025-06-18 10:08:02,146:INFO:_display_container: 2
2025-06-18 10:08:02,147:INFO:RandomForestClassifier(bootstrap=True, ccp_alpha=0.0, class_weight=None,
                       criterion='gini', max_depth=None, max_features='sqrt',
                       max_leaf_nodes=None, max_samples=None,
                       min_impurity_decrease=0.0, min_samples_leaf=1,
                       min_samples_split=2, min_weight_fraction_leaf=0.0,
                       monotonic_cst=None, n_estimators=100, n_jobs=-1,
                       oob_score=False, random_state=42, verbose=0,
                       warm_start=False)
2025-06-18 10:08:02,148:INFO:create_model() successfully completed......................................
2025-06-18 10:08:02,359:INFO:SubProcess create_model() end ==================================
2025-06-18 10:08:02,359:INFO:Creating metrics dataframe
2025-06-18 10:08:02,365:INFO:Initializing Quadratic Discriminant Analysis
2025-06-18 10:08:02,365:INFO:Total runtime is 1.7376907189687094 minutes
2025-06-18 10:08:02,367:INFO:SubProcess create_model() called ==================================
2025-06-18 10:08:02,368:INFO:Initializing create_model()
2025-06-18 10:08:02,368:INFO:create_model(self=<pycaret.classification.oop.ClassificationExperiment object at 0x33974ac50>, estimator=qda, fold=StratifiedKFold(n_splits=10, random_state=None, shuffle=False), round=4, cross_validation=True, predict=True, fit_kwargs={}, groups=None, refit=False, probability_threshold=None, experiment_custom_tags=None, verbose=False, system=False, add_to_model_list=True, metrics=None, display=<pycaret.internal.display.display.CommonDisplay object at 0x1658fe860>, model_only=True, return_train_score=False, error_score=0.0, kwargs={})
2025-06-18 10:08:02,368:INFO:Checking exceptions
2025-06-18 10:08:02,368:INFO:Importing libraries
2025-06-18 10:08:02,369:INFO:Copying training dataset
2025-06-18 10:08:02,464:INFO:Defining folds
2025-06-18 10:08:02,464:INFO:Declaring metric variables
2025-06-18 10:08:02,467:INFO:Importing untrained model
2025-06-18 10:08:02,472:INFO:Quadratic Discriminant Analysis Imported successfully
2025-06-18 10:08:02,476:INFO:Starting cross validation
2025-06-18 10:08:02,476:INFO:Cross validating with StratifiedKFold(n_splits=10, random_state=None, shuffle=False), n_jobs=-1
2025-06-18 10:08:04,143:INFO:Calculating mean and std
2025-06-18 10:08:04,145:INFO:Creating metrics dataframe
2025-06-18 10:08:04,147:INFO:Uploading results into container
2025-06-18 10:08:04,147:INFO:Uploading model into container now
2025-06-18 10:08:04,148:INFO:_master_model_container: 8
2025-06-18 10:08:04,149:INFO:_display_container: 2
2025-06-18 10:08:04,149:INFO:QuadraticDiscriminantAnalysis(priors=None, reg_param=0.0,
                              store_covariance=False, tol=0.0001)
2025-06-18 10:08:04,149:INFO:create_model() successfully completed......................................
2025-06-18 10:08:04,265:INFO:SubProcess create_model() end ==================================
2025-06-18 10:08:04,266:INFO:Creating metrics dataframe
2025-06-18 10:08:04,270:INFO:Initializing Ada Boost Classifier
2025-06-18 10:08:04,270:INFO:Total runtime is 1.7694356719652813 minutes
2025-06-18 10:08:04,271:INFO:SubProcess create_model() called ==================================
2025-06-18 10:08:04,271:INFO:Initializing create_model()
2025-06-18 10:08:04,271:INFO:create_model(self=<pycaret.classification.oop.ClassificationExperiment object at 0x33974ac50>, estimator=ada, fold=StratifiedKFold(n_splits=10, random_state=None, shuffle=False), round=4, cross_validation=True, predict=True, fit_kwargs={}, groups=None, refit=False, probability_threshold=None, experiment_custom_tags=None, verbose=False, system=False, add_to_model_list=True, metrics=None, display=<pycaret.internal.display.display.CommonDisplay object at 0x1658fe860>, model_only=True, return_train_score=False, error_score=0.0, kwargs={})
2025-06-18 10:08:04,271:INFO:Checking exceptions
2025-06-18 10:08:04,271:INFO:Importing libraries
2025-06-18 10:08:04,271:INFO:Copying training dataset
2025-06-18 10:08:04,351:INFO:Defining folds
2025-06-18 10:08:04,352:INFO:Declaring metric variables
2025-06-18 10:08:04,354:INFO:Importing untrained model
2025-06-18 10:08:04,357:INFO:Ada Boost Classifier Imported successfully
2025-06-18 10:08:04,361:INFO:Starting cross validation
2025-06-18 10:08:04,362:INFO:Cross validating with StratifiedKFold(n_splits=10, random_state=None, shuffle=False), n_jobs=-1
2025-06-18 10:08:04,610:WARNING:/Users/robertoorazi/Repositories/Facultad/AA1-TUIA-2025C1-Gallardo-Orazi-Oviedo/Clasificacion/aa1/lib/python3.10/site-packages/sklearn/ensemble/_weight_boosting.py:519: FutureWarning: The SAMME.R algorithm (the default) is deprecated and will be removed in 1.6. Use the SAMME algorithm to circumvent this warning.
  warnings.warn(

2025-06-18 10:08:04,636:WARNING:/Users/robertoorazi/Repositories/Facultad/AA1-TUIA-2025C1-Gallardo-Orazi-Oviedo/Clasificacion/aa1/lib/python3.10/site-packages/sklearn/ensemble/_weight_boosting.py:519: FutureWarning: The SAMME.R algorithm (the default) is deprecated and will be removed in 1.6. Use the SAMME algorithm to circumvent this warning.
  warnings.warn(

2025-06-18 10:08:04,694:WARNING:/Users/robertoorazi/Repositories/Facultad/AA1-TUIA-2025C1-Gallardo-Orazi-Oviedo/Clasificacion/aa1/lib/python3.10/site-packages/sklearn/ensemble/_weight_boosting.py:519: FutureWarning: The SAMME.R algorithm (the default) is deprecated and will be removed in 1.6. Use the SAMME algorithm to circumvent this warning.
  warnings.warn(

2025-06-18 10:08:04,801:WARNING:/Users/robertoorazi/Repositories/Facultad/AA1-TUIA-2025C1-Gallardo-Orazi-Oviedo/Clasificacion/aa1/lib/python3.10/site-packages/sklearn/ensemble/_weight_boosting.py:519: FutureWarning: The SAMME.R algorithm (the default) is deprecated and will be removed in 1.6. Use the SAMME algorithm to circumvent this warning.
  warnings.warn(

2025-06-18 10:08:04,879:WARNING:/Users/robertoorazi/Repositories/Facultad/AA1-TUIA-2025C1-Gallardo-Orazi-Oviedo/Clasificacion/aa1/lib/python3.10/site-packages/sklearn/ensemble/_weight_boosting.py:519: FutureWarning: The SAMME.R algorithm (the default) is deprecated and will be removed in 1.6. Use the SAMME algorithm to circumvent this warning.
  warnings.warn(

2025-06-18 10:08:04,961:WARNING:/Users/robertoorazi/Repositories/Facultad/AA1-TUIA-2025C1-Gallardo-Orazi-Oviedo/Clasificacion/aa1/lib/python3.10/site-packages/sklearn/ensemble/_weight_boosting.py:519: FutureWarning: The SAMME.R algorithm (the default) is deprecated and will be removed in 1.6. Use the SAMME algorithm to circumvent this warning.
  warnings.warn(

2025-06-18 10:08:05,032:WARNING:/Users/robertoorazi/Repositories/Facultad/AA1-TUIA-2025C1-Gallardo-Orazi-Oviedo/Clasificacion/aa1/lib/python3.10/site-packages/sklearn/ensemble/_weight_boosting.py:519: FutureWarning: The SAMME.R algorithm (the default) is deprecated and will be removed in 1.6. Use the SAMME algorithm to circumvent this warning.
  warnings.warn(

2025-06-18 10:08:05,187:WARNING:/Users/robertoorazi/Repositories/Facultad/AA1-TUIA-2025C1-Gallardo-Orazi-Oviedo/Clasificacion/aa1/lib/python3.10/site-packages/sklearn/ensemble/_weight_boosting.py:519: FutureWarning: The SAMME.R algorithm (the default) is deprecated and will be removed in 1.6. Use the SAMME algorithm to circumvent this warning.
  warnings.warn(

2025-06-18 10:08:11,962:WARNING:/Users/robertoorazi/Repositories/Facultad/AA1-TUIA-2025C1-Gallardo-Orazi-Oviedo/Clasificacion/aa1/lib/python3.10/site-packages/sklearn/ensemble/_weight_boosting.py:519: FutureWarning: The SAMME.R algorithm (the default) is deprecated and will be removed in 1.6. Use the SAMME algorithm to circumvent this warning.
  warnings.warn(

2025-06-18 10:08:12,045:WARNING:/Users/robertoorazi/Repositories/Facultad/AA1-TUIA-2025C1-Gallardo-Orazi-Oviedo/Clasificacion/aa1/lib/python3.10/site-packages/sklearn/ensemble/_weight_boosting.py:519: FutureWarning: The SAMME.R algorithm (the default) is deprecated and will be removed in 1.6. Use the SAMME algorithm to circumvent this warning.
  warnings.warn(

2025-06-18 10:08:16,348:INFO:Calculating mean and std
2025-06-18 10:08:16,348:INFO:Creating metrics dataframe
2025-06-18 10:08:16,349:INFO:Uploading results into container
2025-06-18 10:08:16,350:INFO:Uploading model into container now
2025-06-18 10:08:16,350:INFO:_master_model_container: 9
2025-06-18 10:08:16,350:INFO:_display_container: 2
2025-06-18 10:08:16,350:INFO:AdaBoostClassifier(algorithm='SAMME.R', estimator=None, learning_rate=1.0,
                   n_estimators=50, random_state=42)
2025-06-18 10:08:16,350:INFO:create_model() successfully completed......................................
2025-06-18 10:08:16,502:INFO:SubProcess create_model() end ==================================
2025-06-18 10:08:16,502:INFO:Creating metrics dataframe
2025-06-18 10:08:16,507:INFO:Initializing Gradient Boosting Classifier
2025-06-18 10:08:16,507:INFO:Total runtime is 1.973394020398458 minutes
2025-06-18 10:08:16,508:INFO:SubProcess create_model() called ==================================
2025-06-18 10:08:16,509:INFO:Initializing create_model()
2025-06-18 10:08:16,509:INFO:create_model(self=<pycaret.classification.oop.ClassificationExperiment object at 0x33974ac50>, estimator=gbc, fold=StratifiedKFold(n_splits=10, random_state=None, shuffle=False), round=4, cross_validation=True, predict=True, fit_kwargs={}, groups=None, refit=False, probability_threshold=None, experiment_custom_tags=None, verbose=False, system=False, add_to_model_list=True, metrics=None, display=<pycaret.internal.display.display.CommonDisplay object at 0x1658fe860>, model_only=True, return_train_score=False, error_score=0.0, kwargs={})
2025-06-18 10:08:16,509:INFO:Checking exceptions
2025-06-18 10:08:16,509:INFO:Importing libraries
2025-06-18 10:08:16,509:INFO:Copying training dataset
2025-06-18 10:08:16,586:INFO:Defining folds
2025-06-18 10:08:16,586:INFO:Declaring metric variables
2025-06-18 10:08:16,588:INFO:Importing untrained model
2025-06-18 10:08:16,590:INFO:Gradient Boosting Classifier Imported successfully
2025-06-18 10:08:16,592:INFO:Starting cross validation
2025-06-18 10:08:16,593:INFO:Cross validating with StratifiedKFold(n_splits=10, random_state=None, shuffle=False), n_jobs=-1
2025-06-18 10:09:09,468:INFO:Calculating mean and std
2025-06-18 10:09:09,471:INFO:Creating metrics dataframe
2025-06-18 10:09:09,477:INFO:Uploading results into container
2025-06-18 10:09:09,478:INFO:Uploading model into container now
2025-06-18 10:09:09,478:INFO:_master_model_container: 10
2025-06-18 10:09:09,478:INFO:_display_container: 2
2025-06-18 10:09:09,479:INFO:GradientBoostingClassifier(ccp_alpha=0.0, criterion='friedman_mse', init=None,
                           learning_rate=0.1, loss='log_loss', max_depth=3,
                           max_features=None, max_leaf_nodes=None,
                           min_impurity_decrease=0.0, min_samples_leaf=1,
                           min_samples_split=2, min_weight_fraction_leaf=0.0,
                           n_estimators=100, n_iter_no_change=None,
                           random_state=42, subsample=1.0, tol=0.0001,
                           validation_fraction=0.1, verbose=0,
                           warm_start=False)
2025-06-18 10:09:09,479:INFO:create_model() successfully completed......................................
2025-06-18 10:09:09,643:INFO:SubProcess create_model() end ==================================
2025-06-18 10:09:09,643:INFO:Creating metrics dataframe
2025-06-18 10:09:09,647:INFO:Initializing Linear Discriminant Analysis
2025-06-18 10:09:09,647:INFO:Total runtime is 2.8590626517931623 minutes
2025-06-18 10:09:09,649:INFO:SubProcess create_model() called ==================================
2025-06-18 10:09:09,649:INFO:Initializing create_model()
2025-06-18 10:09:09,649:INFO:create_model(self=<pycaret.classification.oop.ClassificationExperiment object at 0x33974ac50>, estimator=lda, fold=StratifiedKFold(n_splits=10, random_state=None, shuffle=False), round=4, cross_validation=True, predict=True, fit_kwargs={}, groups=None, refit=False, probability_threshold=None, experiment_custom_tags=None, verbose=False, system=False, add_to_model_list=True, metrics=None, display=<pycaret.internal.display.display.CommonDisplay object at 0x1658fe860>, model_only=True, return_train_score=False, error_score=0.0, kwargs={})
2025-06-18 10:09:09,649:INFO:Checking exceptions
2025-06-18 10:09:09,649:INFO:Importing libraries
2025-06-18 10:09:09,649:INFO:Copying training dataset
2025-06-18 10:09:09,729:INFO:Defining folds
2025-06-18 10:09:09,729:INFO:Declaring metric variables
2025-06-18 10:09:09,731:INFO:Importing untrained model
2025-06-18 10:09:09,733:INFO:Linear Discriminant Analysis Imported successfully
2025-06-18 10:09:09,735:INFO:Starting cross validation
2025-06-18 10:09:09,736:INFO:Cross validating with StratifiedKFold(n_splits=10, random_state=None, shuffle=False), n_jobs=-1
2025-06-18 10:09:11,129:INFO:Calculating mean and std
2025-06-18 10:09:11,132:INFO:Creating metrics dataframe
2025-06-18 10:09:11,136:INFO:Uploading results into container
2025-06-18 10:09:11,136:INFO:Uploading model into container now
2025-06-18 10:09:11,137:INFO:_master_model_container: 11
2025-06-18 10:09:11,137:INFO:_display_container: 2
2025-06-18 10:09:11,137:INFO:LinearDiscriminantAnalysis(covariance_estimator=None, n_components=None,
                           priors=None, shrinkage=None, solver='svd',
                           store_covariance=False, tol=0.0001)
2025-06-18 10:09:11,137:INFO:create_model() successfully completed......................................
2025-06-18 10:09:11,310:INFO:SubProcess create_model() end ==================================
2025-06-18 10:09:11,311:INFO:Creating metrics dataframe
2025-06-18 10:09:11,315:INFO:Initializing Extra Trees Classifier
2025-06-18 10:09:11,315:INFO:Total runtime is 2.8868665019671127 minutes
2025-06-18 10:09:11,317:INFO:SubProcess create_model() called ==================================
2025-06-18 10:09:11,317:INFO:Initializing create_model()
2025-06-18 10:09:11,317:INFO:create_model(self=<pycaret.classification.oop.ClassificationExperiment object at 0x33974ac50>, estimator=et, fold=StratifiedKFold(n_splits=10, random_state=None, shuffle=False), round=4, cross_validation=True, predict=True, fit_kwargs={}, groups=None, refit=False, probability_threshold=None, experiment_custom_tags=None, verbose=False, system=False, add_to_model_list=True, metrics=None, display=<pycaret.internal.display.display.CommonDisplay object at 0x1658fe860>, model_only=True, return_train_score=False, error_score=0.0, kwargs={})
2025-06-18 10:09:11,317:INFO:Checking exceptions
2025-06-18 10:09:11,317:INFO:Importing libraries
2025-06-18 10:09:11,317:INFO:Copying training dataset
2025-06-18 10:09:11,398:INFO:Defining folds
2025-06-18 10:09:11,398:INFO:Declaring metric variables
2025-06-18 10:09:11,400:INFO:Importing untrained model
2025-06-18 10:09:11,402:INFO:Extra Trees Classifier Imported successfully
2025-06-18 10:09:11,405:INFO:Starting cross validation
2025-06-18 10:09:11,406:INFO:Cross validating with StratifiedKFold(n_splits=10, random_state=None, shuffle=False), n_jobs=-1
2025-06-18 10:09:36,232:INFO:Calculating mean and std
2025-06-18 10:09:36,234:INFO:Creating metrics dataframe
2025-06-18 10:09:36,239:INFO:Uploading results into container
2025-06-18 10:09:36,240:INFO:Uploading model into container now
2025-06-18 10:09:36,240:INFO:_master_model_container: 12
2025-06-18 10:09:36,240:INFO:_display_container: 2
2025-06-18 10:09:36,241:INFO:ExtraTreesClassifier(bootstrap=False, ccp_alpha=0.0, class_weight=None,
                     criterion='gini', max_depth=None, max_features='sqrt',
                     max_leaf_nodes=None, max_samples=None,
                     min_impurity_decrease=0.0, min_samples_leaf=1,
                     min_samples_split=2, min_weight_fraction_leaf=0.0,
                     monotonic_cst=None, n_estimators=100, n_jobs=-1,
                     oob_score=False, random_state=42, verbose=0,
                     warm_start=False)
2025-06-18 10:09:36,241:INFO:create_model() successfully completed......................................
2025-06-18 10:09:36,399:INFO:SubProcess create_model() end ==================================
2025-06-18 10:09:36,399:INFO:Creating metrics dataframe
2025-06-18 10:09:36,404:INFO:Initializing Light Gradient Boosting Machine
2025-06-18 10:09:36,404:INFO:Total runtime is 3.305016036828359 minutes
2025-06-18 10:09:36,406:INFO:SubProcess create_model() called ==================================
2025-06-18 10:09:36,406:INFO:Initializing create_model()
2025-06-18 10:09:36,407:INFO:create_model(self=<pycaret.classification.oop.ClassificationExperiment object at 0x33974ac50>, estimator=lightgbm, fold=StratifiedKFold(n_splits=10, random_state=None, shuffle=False), round=4, cross_validation=True, predict=True, fit_kwargs={}, groups=None, refit=False, probability_threshold=None, experiment_custom_tags=None, verbose=False, system=False, add_to_model_list=True, metrics=None, display=<pycaret.internal.display.display.CommonDisplay object at 0x1658fe860>, model_only=True, return_train_score=False, error_score=0.0, kwargs={})
2025-06-18 10:09:36,407:INFO:Checking exceptions
2025-06-18 10:09:36,407:INFO:Importing libraries
2025-06-18 10:09:36,407:INFO:Copying training dataset
2025-06-18 10:09:36,489:INFO:Defining folds
2025-06-18 10:09:36,489:INFO:Declaring metric variables
2025-06-18 10:09:36,491:INFO:Importing untrained model
2025-06-18 10:09:36,493:INFO:Light Gradient Boosting Machine Imported successfully
2025-06-18 10:09:36,497:INFO:Starting cross validation
2025-06-18 10:09:36,498:INFO:Cross validating with StratifiedKFold(n_splits=10, random_state=None, shuffle=False), n_jobs=-1
2025-06-18 10:09:40,189:INFO:[LightGBM] [Warning] Found whitespace in feature_names, replace with underlines
2025-06-18 10:09:40,192:INFO:[LightGBM] [Info] Number of positive: 22982, number of negative: 79396
2025-06-18 10:09:40,207:INFO:[LightGBM] [Info] Auto-choosing row-wise multi-threading, the overhead of testing was 0.007365 seconds.
2025-06-18 10:09:40,208:INFO:You can set `force_row_wise=true` to remove the overhead.
2025-06-18 10:09:40,208:INFO:And if memory is not enough, you can set `force_col_wise=true`.
2025-06-18 10:09:40,208:INFO:[LightGBM] [Info] Total Bins 2682
2025-06-18 10:09:40,208:INFO:[LightGBM] [Info] Number of data points in the train set: 102378, number of used features: 28
2025-06-18 10:09:40,209:INFO:[LightGBM] [Info] [binary:BoostFromScore]: pavg=0.224482 -> initscore=-1.239737
2025-06-18 10:09:40,209:INFO:[LightGBM] [Info] Start training from score -1.239737
2025-06-18 10:09:40,810:INFO:[LightGBM] [Warning] Found whitespace in feature_names, replace with underlines
2025-06-18 10:09:40,811:INFO:[LightGBM] [Info] Number of positive: 22983, number of negative: 79396
2025-06-18 10:09:40,819:INFO:[LightGBM] [Info] Auto-choosing row-wise multi-threading, the overhead of testing was 0.003368 seconds.
2025-06-18 10:09:40,819:INFO:You can set `force_row_wise=true` to remove the overhead.
2025-06-18 10:09:40,819:INFO:And if memory is not enough, you can set `force_col_wise=true`.
2025-06-18 10:09:40,819:INFO:[LightGBM] [Info] Total Bins 2683
2025-06-18 10:09:40,819:INFO:[LightGBM] [Info] Number of data points in the train set: 102379, number of used features: 28
2025-06-18 10:09:40,819:INFO:[LightGBM] [Info] [binary:BoostFromScore]: pavg=0.224489 -> initscore=-1.239693
2025-06-18 10:09:40,819:INFO:[LightGBM] [Info] Start training from score -1.239693
2025-06-18 10:09:40,821:INFO:[LightGBM] [Warning] Found whitespace in feature_names, replace with underlines
2025-06-18 10:09:40,824:INFO:[LightGBM] [Info] Number of positive: 22983, number of negative: 79396
2025-06-18 10:09:40,832:INFO:[LightGBM] [Warning] Found whitespace in feature_names, replace with underlines
2025-06-18 10:09:40,850:INFO:[LightGBM] [Warning] Found whitespace in feature_names, replace with underlines
2025-06-18 10:09:40,850:INFO:[LightGBM] [Info] Auto-choosing row-wise multi-threading, the overhead of testing was 0.005993 seconds.
2025-06-18 10:09:40,850:INFO:You can set `force_row_wise=true` to remove the overhead.
2025-06-18 10:09:40,850:INFO:And if memory is not enough, you can set `force_col_wise=true`.[LightGBM] [Info] Number of positive: 22982, number of negative: 79396
2025-06-18 10:09:40,851:INFO:[LightGBM] [Info] Number of positive: 22983, number of negative: 79396
2025-06-18 10:09:40,852:INFO:
2025-06-18 10:09:40,852:INFO:[LightGBM] [Info] Total Bins 2683
2025-06-18 10:09:40,858:INFO:[LightGBM] [Info] Number of data points in the train set: 102379, number of used features: 28
2025-06-18 10:09:40,862:INFO:[LightGBM] [Info] [binary:BoostFromScore]: pavg=0.224489 -> initscore=-1.239693
2025-06-18 10:09:40,864:INFO:[LightGBM] [Info] Start training from score -1.239693[LightGBM] [Info] Auto-choosing col-wise multi-threading, the overhead of testing was 0.012284 seconds.
2025-06-18 10:09:40,865:INFO:You can set `force_col_wise=true` to remove the overhead.
2025-06-18 10:09:40,865:INFO:
2025-06-18 10:09:40,866:INFO:[LightGBM] [Info] Total Bins 2682
2025-06-18 10:09:40,866:INFO:[LightGBM] [Info] Number of data points in the train set: 102379, number of used features: 28
2025-06-18 10:09:40,870:INFO:[LightGBM] [Info] [binary:BoostFromScore]: pavg=0.224489 -> initscore=-1.239693
2025-06-18 10:09:40,873:INFO:[LightGBM] [Info] Start training from score -1.239693
2025-06-18 10:09:40,892:INFO:[LightGBM] [Info] Auto-choosing row-wise multi-threading, the overhead of testing was 0.017315 seconds.
2025-06-18 10:09:40,892:INFO:You can set `force_row_wise=true` to remove the overhead.
2025-06-18 10:09:40,892:INFO:And if memory is not enough, you can set `force_col_wise=true`.
2025-06-18 10:09:40,892:INFO:[LightGBM] [Info] Total Bins 2681
2025-06-18 10:09:40,892:INFO:[LightGBM] [Info] Number of data points in the train set: 102378, number of used features: 28
2025-06-18 10:09:40,892:INFO:[LightGBM] [Info] [binary:BoostFromScore]: pavg=0.224482 -> initscore=-1.239737
2025-06-18 10:09:40,901:INFO:[LightGBM] [Info] Start training from score -1.239737
2025-06-18 10:09:41,675:INFO:[LightGBM] [Warning] Found whitespace in feature_names, replace with underlines
2025-06-18 10:09:41,676:INFO:[LightGBM] [Info] Number of positive: 22983, number of negative: 79396
2025-06-18 10:09:41,683:INFO:[LightGBM] [Info] Auto-choosing row-wise multi-threading, the overhead of testing was 0.003593 seconds.
2025-06-18 10:09:41,683:INFO:You can set `force_row_wise=true` to remove the overhead.
2025-06-18 10:09:41,683:INFO:And if memory is not enough, you can set `force_col_wise=true`.
2025-06-18 10:09:41,683:INFO:[LightGBM] [Info] Total Bins 2680
2025-06-18 10:09:41,684:INFO:[LightGBM] [Info] Number of data points in the train set: 102379, number of used features: 28
2025-06-18 10:09:41,684:INFO:[LightGBM] [Info] [binary:BoostFromScore]: pavg=0.224489 -> initscore=-1.239693
2025-06-18 10:09:41,684:INFO:[LightGBM] [Info] Start training from score -1.239693
2025-06-18 10:09:44,222:INFO:Calculating mean and std
2025-06-18 10:09:44,224:INFO:Creating metrics dataframe
2025-06-18 10:09:44,226:INFO:Uploading results into container
2025-06-18 10:09:44,226:INFO:Uploading model into container now
2025-06-18 10:09:44,227:INFO:_master_model_container: 13
2025-06-18 10:09:44,227:INFO:_display_container: 2
2025-06-18 10:09:44,228:INFO:LGBMClassifier(boosting_type='gbdt', class_weight=None, colsample_bytree=1.0,
               importance_type='split', learning_rate=0.1, max_depth=-1,
               min_child_samples=20, min_child_weight=0.001, min_split_gain=0.0,
               n_estimators=100, n_jobs=-1, num_leaves=31, objective=None,
               random_state=42, reg_alpha=0.0, reg_lambda=0.0, subsample=1.0,
               subsample_for_bin=200000, subsample_freq=0)
2025-06-18 10:09:44,228:INFO:create_model() successfully completed......................................
2025-06-18 10:09:44,333:INFO:SubProcess create_model() end ==================================
2025-06-18 10:09:44,333:INFO:Creating metrics dataframe
2025-06-18 10:09:44,338:INFO:Initializing Dummy Classifier
2025-06-18 10:09:44,338:INFO:Total runtime is 3.4372366189956667 minutes
2025-06-18 10:09:44,339:INFO:SubProcess create_model() called ==================================
2025-06-18 10:09:44,339:INFO:Initializing create_model()
2025-06-18 10:09:44,339:INFO:create_model(self=<pycaret.classification.oop.ClassificationExperiment object at 0x33974ac50>, estimator=dummy, fold=StratifiedKFold(n_splits=10, random_state=None, shuffle=False), round=4, cross_validation=True, predict=True, fit_kwargs={}, groups=None, refit=False, probability_threshold=None, experiment_custom_tags=None, verbose=False, system=False, add_to_model_list=True, metrics=None, display=<pycaret.internal.display.display.CommonDisplay object at 0x1658fe860>, model_only=True, return_train_score=False, error_score=0.0, kwargs={})
2025-06-18 10:09:44,339:INFO:Checking exceptions
2025-06-18 10:09:44,339:INFO:Importing libraries
2025-06-18 10:09:44,339:INFO:Copying training dataset
2025-06-18 10:09:44,409:INFO:Defining folds
2025-06-18 10:09:44,409:INFO:Declaring metric variables
2025-06-18 10:09:44,411:INFO:Importing untrained model
2025-06-18 10:09:44,413:INFO:Dummy Classifier Imported successfully
2025-06-18 10:09:44,415:INFO:Starting cross validation
2025-06-18 10:09:44,416:INFO:Cross validating with StratifiedKFold(n_splits=10, random_state=None, shuffle=False), n_jobs=-1
2025-06-18 10:09:44,606:WARNING:/Users/robertoorazi/Repositories/Facultad/AA1-TUIA-2025C1-Gallardo-Orazi-Oviedo/Clasificacion/aa1/lib/python3.10/site-packages/sklearn/metrics/_classification.py:1509: UndefinedMetricWarning: Precision is ill-defined and being set to 0.0 due to no predicted samples. Use `zero_division` parameter to control this behavior.
  _warn_prf(average, modifier, f"{metric.capitalize()} is", len(result))

2025-06-18 10:09:44,646:WARNING:/Users/robertoorazi/Repositories/Facultad/AA1-TUIA-2025C1-Gallardo-Orazi-Oviedo/Clasificacion/aa1/lib/python3.10/site-packages/sklearn/metrics/_classification.py:1509: UndefinedMetricWarning: Precision is ill-defined and being set to 0.0 due to no predicted samples. Use `zero_division` parameter to control this behavior.
  _warn_prf(average, modifier, f"{metric.capitalize()} is", len(result))

2025-06-18 10:09:44,695:WARNING:/Users/robertoorazi/Repositories/Facultad/AA1-TUIA-2025C1-Gallardo-Orazi-Oviedo/Clasificacion/aa1/lib/python3.10/site-packages/sklearn/metrics/_classification.py:1509: UndefinedMetricWarning: Precision is ill-defined and being set to 0.0 due to no predicted samples. Use `zero_division` parameter to control this behavior.
  _warn_prf(average, modifier, f"{metric.capitalize()} is", len(result))

2025-06-18 10:09:44,733:WARNING:/Users/robertoorazi/Repositories/Facultad/AA1-TUIA-2025C1-Gallardo-Orazi-Oviedo/Clasificacion/aa1/lib/python3.10/site-packages/sklearn/metrics/_classification.py:1509: UndefinedMetricWarning: Precision is ill-defined and being set to 0.0 due to no predicted samples. Use `zero_division` parameter to control this behavior.
  _warn_prf(average, modifier, f"{metric.capitalize()} is", len(result))

2025-06-18 10:09:44,782:WARNING:/Users/robertoorazi/Repositories/Facultad/AA1-TUIA-2025C1-Gallardo-Orazi-Oviedo/Clasificacion/aa1/lib/python3.10/site-packages/sklearn/metrics/_classification.py:1509: UndefinedMetricWarning: Precision is ill-defined and being set to 0.0 due to no predicted samples. Use `zero_division` parameter to control this behavior.
  _warn_prf(average, modifier, f"{metric.capitalize()} is", len(result))

2025-06-18 10:09:44,867:WARNING:/Users/robertoorazi/Repositories/Facultad/AA1-TUIA-2025C1-Gallardo-Orazi-Oviedo/Clasificacion/aa1/lib/python3.10/site-packages/sklearn/metrics/_classification.py:1509: UndefinedMetricWarning: Precision is ill-defined and being set to 0.0 due to no predicted samples. Use `zero_division` parameter to control this behavior.
  _warn_prf(average, modifier, f"{metric.capitalize()} is", len(result))

2025-06-18 10:09:44,903:WARNING:/Users/robertoorazi/Repositories/Facultad/AA1-TUIA-2025C1-Gallardo-Orazi-Oviedo/Clasificacion/aa1/lib/python3.10/site-packages/sklearn/metrics/_classification.py:1509: UndefinedMetricWarning: Precision is ill-defined and being set to 0.0 due to no predicted samples. Use `zero_division` parameter to control this behavior.
  _warn_prf(average, modifier, f"{metric.capitalize()} is", len(result))

2025-06-18 10:09:44,934:WARNING:/Users/robertoorazi/Repositories/Facultad/AA1-TUIA-2025C1-Gallardo-Orazi-Oviedo/Clasificacion/aa1/lib/python3.10/site-packages/sklearn/metrics/_classification.py:1509: UndefinedMetricWarning: Precision is ill-defined and being set to 0.0 due to no predicted samples. Use `zero_division` parameter to control this behavior.
  _warn_prf(average, modifier, f"{metric.capitalize()} is", len(result))

2025-06-18 10:09:44,966:WARNING:/Users/robertoorazi/Repositories/Facultad/AA1-TUIA-2025C1-Gallardo-Orazi-Oviedo/Clasificacion/aa1/lib/python3.10/site-packages/sklearn/metrics/_classification.py:1509: UndefinedMetricWarning: Precision is ill-defined and being set to 0.0 due to no predicted samples. Use `zero_division` parameter to control this behavior.
  _warn_prf(average, modifier, f"{metric.capitalize()} is", len(result))

2025-06-18 10:09:44,997:WARNING:/Users/robertoorazi/Repositories/Facultad/AA1-TUIA-2025C1-Gallardo-Orazi-Oviedo/Clasificacion/aa1/lib/python3.10/site-packages/sklearn/metrics/_classification.py:1509: UndefinedMetricWarning: Precision is ill-defined and being set to 0.0 due to no predicted samples. Use `zero_division` parameter to control this behavior.
  _warn_prf(average, modifier, f"{metric.capitalize()} is", len(result))

2025-06-18 10:09:45,006:INFO:Calculating mean and std
2025-06-18 10:09:45,007:INFO:Creating metrics dataframe
2025-06-18 10:09:45,007:INFO:Uploading results into container
2025-06-18 10:09:45,007:INFO:Uploading model into container now
2025-06-18 10:09:45,008:INFO:_master_model_container: 14
2025-06-18 10:09:45,008:INFO:_display_container: 2
2025-06-18 10:09:45,008:INFO:DummyClassifier(constant=None, random_state=42, strategy='prior')
2025-06-18 10:09:45,008:INFO:create_model() successfully completed......................................
2025-06-18 10:09:45,094:INFO:SubProcess create_model() end ==================================
2025-06-18 10:09:45,094:INFO:Creating metrics dataframe
2025-06-18 10:09:45,103:INFO:Initializing create_model()
2025-06-18 10:09:45,103:INFO:create_model(self=<pycaret.classification.oop.ClassificationExperiment object at 0x33974ac50>, estimator=LGBMClassifier(boosting_type='gbdt', class_weight=None, colsample_bytree=1.0,
               importance_type='split', learning_rate=0.1, max_depth=-1,
               min_child_samples=20, min_child_weight=0.001, min_split_gain=0.0,
               n_estimators=100, n_jobs=-1, num_leaves=31, objective=None,
               random_state=42, reg_alpha=0.0, reg_lambda=0.0, subsample=1.0,
               subsample_for_bin=200000, subsample_freq=0), fold=StratifiedKFold(n_splits=10, random_state=None, shuffle=False), round=4, cross_validation=False, predict=False, fit_kwargs={}, groups=None, refit=True, probability_threshold=None, experiment_custom_tags=None, verbose=False, system=False, add_to_model_list=True, metrics=None, display=None, model_only=True, return_train_score=False, error_score=0.0, kwargs={})
2025-06-18 10:09:45,103:INFO:Checking exceptions
2025-06-18 10:09:45,104:INFO:Importing libraries
2025-06-18 10:09:45,104:INFO:Copying training dataset
2025-06-18 10:09:45,169:INFO:Defining folds
2025-06-18 10:09:45,169:INFO:Declaring metric variables
2025-06-18 10:09:45,169:INFO:Importing untrained model
2025-06-18 10:09:45,169:INFO:Declaring custom model
2025-06-18 10:09:45,169:INFO:Light Gradient Boosting Machine Imported successfully
2025-06-18 10:09:45,170:INFO:Cross validation set to False
2025-06-18 10:09:45,170:INFO:Fitting Model
2025-06-18 10:09:45,380:INFO:[LightGBM] [Warning] Found whitespace in feature_names, replace with underlines
2025-06-18 10:09:45,381:INFO:[LightGBM] [Info] Number of positive: 25536, number of negative: 88218
2025-06-18 10:09:45,386:INFO:[LightGBM] [Info] Auto-choosing row-wise multi-threading, the overhead of testing was 0.002254 seconds.
2025-06-18 10:09:45,386:INFO:You can set `force_row_wise=true` to remove the overhead.
2025-06-18 10:09:45,386:INFO:And if memory is not enough, you can set `force_col_wise=true`.
2025-06-18 10:09:45,386:INFO:[LightGBM] [Info] Total Bins 2686
2025-06-18 10:09:45,387:INFO:[LightGBM] [Info] Number of data points in the train set: 113754, number of used features: 28
2025-06-18 10:09:45,388:INFO:[LightGBM] [Info] [binary:BoostFromScore]: pavg=0.224484 -> initscore=-1.239722
2025-06-18 10:09:45,388:INFO:[LightGBM] [Info] Start training from score -1.239722
2025-06-18 10:09:46,090:INFO:LGBMClassifier(boosting_type='gbdt', class_weight=None, colsample_bytree=1.0,
               importance_type='split', learning_rate=0.1, max_depth=-1,
               min_child_samples=20, min_child_weight=0.001, min_split_gain=0.0,
               n_estimators=100, n_jobs=-1, num_leaves=31, objective=None,
               random_state=42, reg_alpha=0.0, reg_lambda=0.0, subsample=1.0,
               subsample_for_bin=200000, subsample_freq=0)
2025-06-18 10:09:46,090:INFO:create_model() successfully completed......................................
2025-06-18 10:09:46,192:INFO:_master_model_container: 14
2025-06-18 10:09:46,192:INFO:_display_container: 2
2025-06-18 10:09:46,192:INFO:LGBMClassifier(boosting_type='gbdt', class_weight=None, colsample_bytree=1.0,
               importance_type='split', learning_rate=0.1, max_depth=-1,
               min_child_samples=20, min_child_weight=0.001, min_split_gain=0.0,
               n_estimators=100, n_jobs=-1, num_leaves=31, objective=None,
               random_state=42, reg_alpha=0.0, reg_lambda=0.0, subsample=1.0,
               subsample_for_bin=200000, subsample_freq=0)
2025-06-18 10:09:46,193:INFO:compare_models() successfully completed......................................
2025-06-18 11:19:06,284:WARNING:
'cuml' is a soft dependency and not included in the pycaret installation. Please run: `pip install cuml` to install.
2025-06-18 11:19:06,284:WARNING:
'cuml' is a soft dependency and not included in the pycaret installation. Please run: `pip install cuml` to install.
2025-06-18 11:19:06,284:WARNING:
'cuml' is a soft dependency and not included in the pycaret installation. Please run: `pip install cuml` to install.
2025-06-18 11:19:06,284:WARNING:
'cuml' is a soft dependency and not included in the pycaret installation. Please run: `pip install cuml` to install.
2025-06-18 11:19:11,627:WARNING:/var/folders/6v/vvlsrhf9375dd2sb2m9p71mc0000gn/T/ipykernel_10616/612678871.py:40: UserWarning: You passed a edgecolor/edgecolors ('k') for an unfilled marker ('x').  Matplotlib is ignoring the edgecolor in favor of the facecolor.  This behavior may change in the future.
  ax.scatter(xy['Longitud'], xy['Latitud'], c=[col], marker=marker,

2025-06-18 11:20:06,436:WARNING:
'cuml' is a soft dependency and not included in the pycaret installation. Please run: `pip install cuml` to install.
2025-06-18 11:20:06,436:WARNING:
'cuml' is a soft dependency and not included in the pycaret installation. Please run: `pip install cuml` to install.
2025-06-18 11:20:06,436:WARNING:
'cuml' is a soft dependency and not included in the pycaret installation. Please run: `pip install cuml` to install.
2025-06-18 11:20:06,436:WARNING:
'cuml' is a soft dependency and not included in the pycaret installation. Please run: `pip install cuml` to install.
2025-06-18 11:20:11,844:WARNING:/var/folders/6v/vvlsrhf9375dd2sb2m9p71mc0000gn/T/ipykernel_10669/612678871.py:40: UserWarning: You passed a edgecolor/edgecolors ('k') for an unfilled marker ('x').  Matplotlib is ignoring the edgecolor in favor of the facecolor.  This behavior may change in the future.
  ax.scatter(xy['Longitud'], xy['Latitud'], c=[col], marker=marker,

2025-06-18 11:39:36,080:INFO:PyCaret ClassificationExperiment
2025-06-18 11:39:36,084:INFO:Logging name: clf-default-name
2025-06-18 11:39:36,084:INFO:ML Usecase: MLUsecase.CLASSIFICATION
2025-06-18 11:39:36,084:INFO:version 3.3.2
2025-06-18 11:39:36,084:INFO:Initializing setup()
2025-06-18 11:39:36,084:INFO:self.USI: 595d
2025-06-18 11:39:36,084:INFO:self._variable_keys: {'gpu_param', 'exp_id', 'n_jobs_param', 'fold_groups_param', 'is_multiclass', 'y', 'y_test', 'y_train', 'pipeline', 'target_param', 'X_test', 'seed', '_ml_usecase', 'idx', 'fold_shuffle_param', 'X', 'log_plots_param', '_available_plots', 'fix_imbalance', 'data', 'fold_generator', 'logging_param', 'exp_name_log', 'memory', 'html_param', 'gpu_n_jobs_param', 'X_train', 'USI'}
2025-06-18 11:39:36,084:INFO:Checking environment
2025-06-18 11:39:36,084:INFO:python_version: 3.10.17
2025-06-18 11:39:36,084:INFO:python_build: ('main', 'Apr  8 2025 12:10:59')
2025-06-18 11:39:36,084:INFO:machine: arm64
2025-06-18 11:39:36,084:INFO:platform: macOS-15.6-arm64-arm-64bit
2025-06-18 11:39:36,085:INFO:Memory: svmem(total=8589934592, available=2020704256, percent=76.5, used=3495952384, free=61652992, active=1975812096, inactive=1920352256, wired=1520140288)
2025-06-18 11:39:36,085:INFO:Physical Core: 8
2025-06-18 11:39:36,085:INFO:Logical Core: 8
2025-06-18 11:39:36,085:INFO:Checking libraries
2025-06-18 11:39:36,086:INFO:System:
2025-06-18 11:39:36,086:INFO:    python: 3.10.17 (main, Apr  8 2025, 12:10:59) [Clang 16.0.0 (clang-1600.0.26.6)]
2025-06-18 11:39:36,086:INFO:executable: /Users/robertoorazi/Repositories/Facultad/AA1-TUIA-2025C1-Gallardo-Orazi-Oviedo/Clasificacion/aa1/bin/python
2025-06-18 11:39:36,086:INFO:   machine: macOS-15.6-arm64-arm-64bit
2025-06-18 11:39:36,086:INFO:PyCaret required dependencies:
2025-06-18 11:39:36,526:INFO:                 pip: 25.1.1
2025-06-18 11:39:36,527:INFO:          setuptools: 78.1.0
2025-06-18 11:39:36,527:INFO:             pycaret: 3.3.2
2025-06-18 11:39:36,527:INFO:             IPython: 8.37.0
2025-06-18 11:39:36,527:INFO:          ipywidgets: 8.1.7
2025-06-18 11:39:36,527:INFO:                tqdm: 4.67.1
2025-06-18 11:39:36,527:INFO:               numpy: 1.26.4
2025-06-18 11:39:36,527:INFO:              pandas: 2.1.4
2025-06-18 11:39:36,527:INFO:              jinja2: 3.1.6
2025-06-18 11:39:36,527:INFO:               scipy: 1.11.4
2025-06-18 11:39:36,527:INFO:              joblib: 1.3.2
2025-06-18 11:39:36,527:INFO:             sklearn: 1.4.2
2025-06-18 11:39:36,527:INFO:                pyod: 2.0.5
2025-06-18 11:39:36,527:INFO:            imblearn: 0.13.0
2025-06-18 11:39:36,527:INFO:   category_encoders: 2.7.0
2025-06-18 11:39:36,527:INFO:            lightgbm: 4.6.0
2025-06-18 11:39:36,527:INFO:               numba: 0.61.2
2025-06-18 11:39:36,527:INFO:            requests: 2.32.4
2025-06-18 11:39:36,527:INFO:          matplotlib: 3.7.5
2025-06-18 11:39:36,527:INFO:          scikitplot: 0.3.7
2025-06-18 11:39:36,527:INFO:         yellowbrick: 1.5
2025-06-18 11:39:36,527:INFO:              plotly: 5.24.1
2025-06-18 11:39:36,527:INFO:    plotly-resampler: Not installed
2025-06-18 11:39:36,527:INFO:             kaleido: 0.2.1
2025-06-18 11:39:36,527:INFO:           schemdraw: 0.15
2025-06-18 11:39:36,527:INFO:         statsmodels: 0.14.4
2025-06-18 11:39:36,527:INFO:              sktime: 0.26.0
2025-06-18 11:39:36,527:INFO:               tbats: 1.1.3
2025-06-18 11:39:36,527:INFO:            pmdarima: 2.0.4
2025-06-18 11:39:36,527:INFO:              psutil: 7.0.0
2025-06-18 11:39:36,527:INFO:          markupsafe: 3.0.2
2025-06-18 11:39:36,527:INFO:             pickle5: Not installed
2025-06-18 11:39:36,527:INFO:         cloudpickle: 3.1.1
2025-06-18 11:39:36,527:INFO:         deprecation: 2.1.0
2025-06-18 11:39:36,527:INFO:              xxhash: 3.5.0
2025-06-18 11:39:36,527:INFO:           wurlitzer: 3.1.1
2025-06-18 11:39:36,527:INFO:PyCaret optional dependencies:
2025-06-18 11:39:36,534:INFO:                shap: 0.48.0
2025-06-18 11:39:36,534:INFO:           interpret: Not installed
2025-06-18 11:39:36,534:INFO:                umap: Not installed
2025-06-18 11:39:36,534:INFO:     ydata_profiling: Not installed
2025-06-18 11:39:36,534:INFO:  explainerdashboard: Not installed
2025-06-18 11:39:36,534:INFO:             autoviz: Not installed
2025-06-18 11:39:36,534:INFO:           fairlearn: Not installed
2025-06-18 11:39:36,534:INFO:          deepchecks: Not installed
2025-06-18 11:39:36,534:INFO:             xgboost: Not installed
2025-06-18 11:39:36,534:INFO:            catboost: Not installed
2025-06-18 11:39:36,534:INFO:              kmodes: Not installed
2025-06-18 11:39:36,534:INFO:             mlxtend: Not installed
2025-06-18 11:39:36,534:INFO:       statsforecast: Not installed
2025-06-18 11:39:36,534:INFO:        tune_sklearn: Not installed
2025-06-18 11:39:36,534:INFO:                 ray: Not installed
2025-06-18 11:39:36,534:INFO:            hyperopt: Not installed
2025-06-18 11:39:36,534:INFO:              optuna: 4.4.0
2025-06-18 11:39:36,534:INFO:               skopt: 0.10.2
2025-06-18 11:39:36,534:INFO:              mlflow: Not installed
2025-06-18 11:39:36,534:INFO:              gradio: Not installed
2025-06-18 11:39:36,534:INFO:             fastapi: Not installed
2025-06-18 11:39:36,534:INFO:             uvicorn: Not installed
2025-06-18 11:39:36,534:INFO:              m2cgen: Not installed
2025-06-18 11:39:36,534:INFO:           evidently: Not installed
2025-06-18 11:39:36,534:INFO:               fugue: Not installed
2025-06-18 11:39:36,534:INFO:           streamlit: Not installed
2025-06-18 11:39:36,535:INFO:             prophet: Not installed
2025-06-18 11:39:36,535:INFO:None
2025-06-18 11:39:36,537:INFO:Set up data.
2025-06-18 11:39:36,600:INFO:Set up folding strategy.
2025-06-18 11:39:36,600:INFO:Set up train/test split.
2025-06-18 11:39:36,600:INFO:Set up data.
2025-06-18 11:39:36,613:INFO:Set up index.
2025-06-18 11:39:36,614:INFO:Assigning column types.
2025-06-18 11:39:36,654:INFO:Engine successfully changes for model 'lr' to 'sklearn'.
2025-06-18 11:39:36,675:INFO:Engine for model 'knn' has not been set explicitly, hence returning None.
2025-06-18 11:39:36,681:INFO:Engine for model 'rbfsvm' has not been set explicitly, hence returning None.
2025-06-18 11:39:36,702:WARNING:
'xgboost' is a soft dependency and not included in the pycaret installation. Please run: `pip install xgboost` to install.
Alternately, you can install this by running `pip install pycaret[models]`
2025-06-18 11:39:36,703:WARNING:
'catboost' is a soft dependency and not included in the pycaret installation. Please run: `pip install catboost` to install.
Alternately, you can install this by running `pip install pycaret[models]`
2025-06-18 11:39:36,724:INFO:Engine for model 'knn' has not been set explicitly, hence returning None.
2025-06-18 11:39:36,724:INFO:Engine for model 'rbfsvm' has not been set explicitly, hence returning None.
2025-06-18 11:39:36,736:WARNING:
'xgboost' is a soft dependency and not included in the pycaret installation. Please run: `pip install xgboost` to install.
Alternately, you can install this by running `pip install pycaret[models]`
2025-06-18 11:39:36,736:WARNING:
'catboost' is a soft dependency and not included in the pycaret installation. Please run: `pip install catboost` to install.
Alternately, you can install this by running `pip install pycaret[models]`
2025-06-18 11:39:36,736:INFO:Engine successfully changes for model 'knn' to 'sklearn'.
2025-06-18 11:39:36,755:INFO:Engine for model 'rbfsvm' has not been set explicitly, hence returning None.
2025-06-18 11:39:36,766:WARNING:
'xgboost' is a soft dependency and not included in the pycaret installation. Please run: `pip install xgboost` to install.
Alternately, you can install this by running `pip install pycaret[models]`
2025-06-18 11:39:36,766:WARNING:
'catboost' is a soft dependency and not included in the pycaret installation. Please run: `pip install catboost` to install.
Alternately, you can install this by running `pip install pycaret[models]`
2025-06-18 11:39:36,787:INFO:Engine for model 'rbfsvm' has not been set explicitly, hence returning None.
2025-06-18 11:39:36,798:WARNING:
'xgboost' is a soft dependency and not included in the pycaret installation. Please run: `pip install xgboost` to install.
Alternately, you can install this by running `pip install pycaret[models]`
2025-06-18 11:39:36,798:WARNING:
'catboost' is a soft dependency and not included in the pycaret installation. Please run: `pip install catboost` to install.
Alternately, you can install this by running `pip install pycaret[models]`
2025-06-18 11:39:36,798:INFO:Engine successfully changes for model 'rbfsvm' to 'sklearn'.
2025-06-18 11:39:36,828:WARNING:
'xgboost' is a soft dependency and not included in the pycaret installation. Please run: `pip install xgboost` to install.
Alternately, you can install this by running `pip install pycaret[models]`
2025-06-18 11:39:36,828:WARNING:
'catboost' is a soft dependency and not included in the pycaret installation. Please run: `pip install catboost` to install.
Alternately, you can install this by running `pip install pycaret[models]`
2025-06-18 11:39:36,859:WARNING:
'xgboost' is a soft dependency and not included in the pycaret installation. Please run: `pip install xgboost` to install.
Alternately, you can install this by running `pip install pycaret[models]`
2025-06-18 11:39:36,859:WARNING:
'catboost' is a soft dependency and not included in the pycaret installation. Please run: `pip install catboost` to install.
Alternately, you can install this by running `pip install pycaret[models]`
2025-06-18 11:39:36,862:INFO:Preparing preprocessing pipeline...
2025-06-18 11:39:36,877:INFO:Set up simple imputation.
2025-06-18 11:39:36,883:INFO:Set up column name cleaning.
2025-06-18 11:39:37,030:INFO:Finished creating preprocessing pipeline.
2025-06-18 11:39:37,037:INFO:Pipeline: Pipeline(memory=FastMemory(location=/var/folders/6v/vvlsrhf9375dd2sb2m9p71mc0000gn/T/joblib),
         steps=[('numerical_imputer',
                 TransformerWrapper(exclude=None,
                                    include=['MinTemp', 'MaxTemp', 'Rainfall',
                                             'Evaporation', 'Sunshine',
                                             'WindGustSpeed', 'WindSpeed9am',
                                             'WindSpeed3pm', 'Humidity9am',
                                             'Humidity3pm', 'Pressure9am',
                                             'Pressure3pm', 'Cloud9am',
                                             'Cloud3pm', 'Temp9am...
                ('categorical_imputer',
                 TransformerWrapper(exclude=None, include=[],
                                    transformer=SimpleImputer(add_indicator=False,
                                                              copy=True,
                                                              fill_value=None,
                                                              keep_empty_features=False,
                                                              missing_values=nan,
                                                              strategy='most_frequent'))),
                ('clean_column_names',
                 TransformerWrapper(exclude=None, include=None,
                                    transformer=CleanColumnNames(match='[\\]\\[\\,\\{\\}\\"\\:]+')))],
         verbose=False)
2025-06-18 11:39:37,037:INFO:Creating final display dataframe.
2025-06-18 11:39:37,357:INFO:Setup _display_container:                     Description             Value
0                    Session id                42
1                        Target      RainTomorrow
2                   Target type            Binary
3           Original data shape      (142193, 29)
4        Transformed data shape      (142193, 29)
5   Transformed train set shape      (113754, 29)
6    Transformed test set shape       (28439, 29)
7              Numeric features                25
8      Rows with missing values             60.3%
9                    Preprocess              True
10              Imputation type            simple
11           Numeric imputation              mean
12       Categorical imputation              mode
13               Fold Generator   StratifiedKFold
14                  Fold Number                10
15                     CPU Jobs                -1
16                      Use GPU             False
17               Log Experiment             False
18              Experiment Name  clf-default-name
19                          USI              595d
2025-06-18 11:39:37,405:WARNING:
'xgboost' is a soft dependency and not included in the pycaret installation. Please run: `pip install xgboost` to install.
Alternately, you can install this by running `pip install pycaret[models]`
2025-06-18 11:39:37,406:WARNING:
'catboost' is a soft dependency and not included in the pycaret installation. Please run: `pip install catboost` to install.
Alternately, you can install this by running `pip install pycaret[models]`
2025-06-18 11:39:37,436:WARNING:
'xgboost' is a soft dependency and not included in the pycaret installation. Please run: `pip install xgboost` to install.
Alternately, you can install this by running `pip install pycaret[models]`
2025-06-18 11:39:37,436:WARNING:
'catboost' is a soft dependency and not included in the pycaret installation. Please run: `pip install catboost` to install.
Alternately, you can install this by running `pip install pycaret[models]`
2025-06-18 11:39:37,445:INFO:setup() successfully completed in 1.39s...............
2025-06-18 11:39:37,446:INFO:Initializing compare_models()
2025-06-18 11:39:37,446:INFO:compare_models(self=<pycaret.classification.oop.ClassificationExperiment object at 0x372e8bdc0>, include=None, fold=None, round=4, cross_validation=True, sort=Accuracy, n_select=1, budget_time=None, turbo=True, errors=ignore, fit_kwargs=None, groups=None, experiment_custom_tags=None, probability_threshold=None, verbose=True, parallel=None, caller_params={'self': <pycaret.classification.oop.ClassificationExperiment object at 0x372e8bdc0>, 'include': None, 'exclude': None, 'fold': None, 'round': 4, 'cross_validation': True, 'sort': 'Accuracy', 'n_select': 1, 'budget_time': None, 'turbo': True, 'errors': 'ignore', 'fit_kwargs': None, 'groups': None, 'experiment_custom_tags': None, 'probability_threshold': None, 'engine': None, 'verbose': True, 'parallel': None, '__class__': <class 'pycaret.classification.oop.ClassificationExperiment'>}, exclude=None)
2025-06-18 11:39:37,446:INFO:Checking exceptions
2025-06-18 11:39:37,482:INFO:Preparing display monitor
2025-06-18 11:39:37,558:INFO:Initializing Logistic Regression
2025-06-18 11:39:37,559:INFO:Total runtime is 1.0979175567626952e-05 minutes
2025-06-18 11:39:37,561:INFO:SubProcess create_model() called ==================================
2025-06-18 11:39:37,561:INFO:Initializing create_model()
2025-06-18 11:39:37,561:INFO:create_model(self=<pycaret.classification.oop.ClassificationExperiment object at 0x372e8bdc0>, estimator=lr, fold=StratifiedKFold(n_splits=10, random_state=None, shuffle=False), round=4, cross_validation=True, predict=True, fit_kwargs={}, groups=None, refit=False, probability_threshold=None, experiment_custom_tags=None, verbose=False, system=False, add_to_model_list=True, metrics=None, display=<pycaret.internal.display.display.CommonDisplay object at 0x3a9797fa0>, model_only=True, return_train_score=False, error_score=0.0, kwargs={})
2025-06-18 11:39:37,561:INFO:Checking exceptions
2025-06-18 11:39:37,562:INFO:Importing libraries
2025-06-18 11:39:37,562:INFO:Copying training dataset
2025-06-18 11:39:37,632:INFO:Defining folds
2025-06-18 11:39:37,632:INFO:Declaring metric variables
2025-06-18 11:39:37,633:INFO:Importing untrained model
2025-06-18 11:39:37,635:INFO:Logistic Regression Imported successfully
2025-06-18 11:39:37,637:INFO:Starting cross validation
2025-06-18 11:39:37,638:INFO:Cross validating with StratifiedKFold(n_splits=10, random_state=None, shuffle=False), n_jobs=-1
2025-06-18 11:39:52,843:WARNING:/Users/robertoorazi/Repositories/Facultad/AA1-TUIA-2025C1-Gallardo-Orazi-Oviedo/Clasificacion/aa1/lib/python3.10/site-packages/sklearn/linear_model/_logistic.py:469: ConvergenceWarning: lbfgs failed to converge (status=1):
STOP: TOTAL NO. of ITERATIONS REACHED LIMIT.

Increase the number of iterations (max_iter) or scale the data as shown in:
    https://scikit-learn.org/stable/modules/preprocessing.html
Please also refer to the documentation for alternative solver options:
    https://scikit-learn.org/stable/modules/linear_model.html#logistic-regression
  n_iter_i = _check_optimize_result(

2025-06-18 11:39:52,945:WARNING:/Users/robertoorazi/Repositories/Facultad/AA1-TUIA-2025C1-Gallardo-Orazi-Oviedo/Clasificacion/aa1/lib/python3.10/site-packages/sklearn/linear_model/_logistic.py:469: ConvergenceWarning: lbfgs failed to converge (status=1):
STOP: TOTAL NO. of ITERATIONS REACHED LIMIT.

Increase the number of iterations (max_iter) or scale the data as shown in:
    https://scikit-learn.org/stable/modules/preprocessing.html
Please also refer to the documentation for alternative solver options:
    https://scikit-learn.org/stable/modules/linear_model.html#logistic-regression
  n_iter_i = _check_optimize_result(

2025-06-18 11:39:53,105:WARNING:/Users/robertoorazi/Repositories/Facultad/AA1-TUIA-2025C1-Gallardo-Orazi-Oviedo/Clasificacion/aa1/lib/python3.10/site-packages/sklearn/linear_model/_logistic.py:469: ConvergenceWarning: lbfgs failed to converge (status=1):
STOP: TOTAL NO. of ITERATIONS REACHED LIMIT.

Increase the number of iterations (max_iter) or scale the data as shown in:
    https://scikit-learn.org/stable/modules/preprocessing.html
Please also refer to the documentation for alternative solver options:
    https://scikit-learn.org/stable/modules/linear_model.html#logistic-regression
  n_iter_i = _check_optimize_result(

2025-06-18 11:39:53,214:WARNING:/Users/robertoorazi/Repositories/Facultad/AA1-TUIA-2025C1-Gallardo-Orazi-Oviedo/Clasificacion/aa1/lib/python3.10/site-packages/sklearn/linear_model/_logistic.py:469: ConvergenceWarning: lbfgs failed to converge (status=1):
STOP: TOTAL NO. of ITERATIONS REACHED LIMIT.

Increase the number of iterations (max_iter) or scale the data as shown in:
    https://scikit-learn.org/stable/modules/preprocessing.html
Please also refer to the documentation for alternative solver options:
    https://scikit-learn.org/stable/modules/linear_model.html#logistic-regression
  n_iter_i = _check_optimize_result(

2025-06-18 11:39:53,220:WARNING:/Users/robertoorazi/Repositories/Facultad/AA1-TUIA-2025C1-Gallardo-Orazi-Oviedo/Clasificacion/aa1/lib/python3.10/site-packages/sklearn/linear_model/_logistic.py:469: ConvergenceWarning: lbfgs failed to converge (status=1):
STOP: TOTAL NO. of ITERATIONS REACHED LIMIT.

Increase the number of iterations (max_iter) or scale the data as shown in:
    https://scikit-learn.org/stable/modules/preprocessing.html
Please also refer to the documentation for alternative solver options:
    https://scikit-learn.org/stable/modules/linear_model.html#logistic-regression
  n_iter_i = _check_optimize_result(

2025-06-18 11:39:53,256:WARNING:/Users/robertoorazi/Repositories/Facultad/AA1-TUIA-2025C1-Gallardo-Orazi-Oviedo/Clasificacion/aa1/lib/python3.10/site-packages/sklearn/linear_model/_logistic.py:469: ConvergenceWarning: lbfgs failed to converge (status=1):
STOP: TOTAL NO. of ITERATIONS REACHED LIMIT.

Increase the number of iterations (max_iter) or scale the data as shown in:
    https://scikit-learn.org/stable/modules/preprocessing.html
Please also refer to the documentation for alternative solver options:
    https://scikit-learn.org/stable/modules/linear_model.html#logistic-regression
  n_iter_i = _check_optimize_result(

2025-06-18 11:39:53,281:WARNING:/Users/robertoorazi/Repositories/Facultad/AA1-TUIA-2025C1-Gallardo-Orazi-Oviedo/Clasificacion/aa1/lib/python3.10/site-packages/sklearn/linear_model/_logistic.py:469: ConvergenceWarning: lbfgs failed to converge (status=1):
STOP: TOTAL NO. of ITERATIONS REACHED LIMIT.

Increase the number of iterations (max_iter) or scale the data as shown in:
    https://scikit-learn.org/stable/modules/preprocessing.html
Please also refer to the documentation for alternative solver options:
    https://scikit-learn.org/stable/modules/linear_model.html#logistic-regression
  n_iter_i = _check_optimize_result(

2025-06-18 11:39:53,617:WARNING:/Users/robertoorazi/Repositories/Facultad/AA1-TUIA-2025C1-Gallardo-Orazi-Oviedo/Clasificacion/aa1/lib/python3.10/site-packages/sklearn/linear_model/_logistic.py:469: ConvergenceWarning: lbfgs failed to converge (status=1):
STOP: TOTAL NO. of ITERATIONS REACHED LIMIT.

Increase the number of iterations (max_iter) or scale the data as shown in:
    https://scikit-learn.org/stable/modules/preprocessing.html
Please also refer to the documentation for alternative solver options:
    https://scikit-learn.org/stable/modules/linear_model.html#logistic-regression
  n_iter_i = _check_optimize_result(

2025-06-18 11:39:58,652:WARNING:/Users/robertoorazi/Repositories/Facultad/AA1-TUIA-2025C1-Gallardo-Orazi-Oviedo/Clasificacion/aa1/lib/python3.10/site-packages/sklearn/linear_model/_logistic.py:469: ConvergenceWarning: lbfgs failed to converge (status=1):
STOP: TOTAL NO. of ITERATIONS REACHED LIMIT.

Increase the number of iterations (max_iter) or scale the data as shown in:
    https://scikit-learn.org/stable/modules/preprocessing.html
Please also refer to the documentation for alternative solver options:
    https://scikit-learn.org/stable/modules/linear_model.html#logistic-regression
  n_iter_i = _check_optimize_result(

2025-06-18 11:39:58,707:WARNING:/Users/robertoorazi/Repositories/Facultad/AA1-TUIA-2025C1-Gallardo-Orazi-Oviedo/Clasificacion/aa1/lib/python3.10/site-packages/sklearn/linear_model/_logistic.py:469: ConvergenceWarning: lbfgs failed to converge (status=1):
STOP: TOTAL NO. of ITERATIONS REACHED LIMIT.

Increase the number of iterations (max_iter) or scale the data as shown in:
    https://scikit-learn.org/stable/modules/preprocessing.html
Please also refer to the documentation for alternative solver options:
    https://scikit-learn.org/stable/modules/linear_model.html#logistic-regression
  n_iter_i = _check_optimize_result(

2025-06-18 11:39:58,746:INFO:Calculating mean and std
2025-06-18 11:39:58,751:INFO:Creating metrics dataframe
2025-06-18 11:39:58,759:INFO:Uploading results into container
2025-06-18 11:39:58,760:INFO:Uploading model into container now
2025-06-18 11:39:58,760:INFO:_master_model_container: 1
2025-06-18 11:39:58,761:INFO:_display_container: 2
2025-06-18 11:39:58,761:INFO:LogisticRegression(C=1.0, class_weight=None, dual=False, fit_intercept=True,
                   intercept_scaling=1, l1_ratio=None, max_iter=1000,
                   multi_class='auto', n_jobs=None, penalty='l2',
                   random_state=42, solver='lbfgs', tol=0.0001, verbose=0,
                   warm_start=False)
2025-06-18 11:39:58,762:INFO:create_model() successfully completed......................................
2025-06-18 11:40:01,246:INFO:SubProcess create_model() end ==================================
2025-06-18 11:40:01,246:INFO:Creating metrics dataframe
2025-06-18 11:40:01,249:INFO:Initializing K Neighbors Classifier
2025-06-18 11:40:01,249:INFO:Total runtime is 0.39484919706980387 minutes
2025-06-18 11:40:01,250:INFO:SubProcess create_model() called ==================================
2025-06-18 11:40:01,251:INFO:Initializing create_model()
2025-06-18 11:40:01,251:INFO:create_model(self=<pycaret.classification.oop.ClassificationExperiment object at 0x372e8bdc0>, estimator=knn, fold=StratifiedKFold(n_splits=10, random_state=None, shuffle=False), round=4, cross_validation=True, predict=True, fit_kwargs={}, groups=None, refit=False, probability_threshold=None, experiment_custom_tags=None, verbose=False, system=False, add_to_model_list=True, metrics=None, display=<pycaret.internal.display.display.CommonDisplay object at 0x3a9797fa0>, model_only=True, return_train_score=False, error_score=0.0, kwargs={})
2025-06-18 11:40:01,251:INFO:Checking exceptions
2025-06-18 11:40:01,251:INFO:Importing libraries
2025-06-18 11:40:01,251:INFO:Copying training dataset
2025-06-18 11:40:01,344:INFO:Defining folds
2025-06-18 11:40:01,344:INFO:Declaring metric variables
2025-06-18 11:40:01,345:INFO:Importing untrained model
2025-06-18 11:40:01,347:INFO:K Neighbors Classifier Imported successfully
2025-06-18 11:40:01,350:INFO:Starting cross validation
2025-06-18 11:40:01,351:INFO:Cross validating with StratifiedKFold(n_splits=10, random_state=None, shuffle=False), n_jobs=-1
2025-06-18 11:40:23,760:INFO:Calculating mean and std
2025-06-18 11:40:23,763:INFO:Creating metrics dataframe
2025-06-18 11:40:23,767:INFO:Uploading results into container
2025-06-18 11:40:23,768:INFO:Uploading model into container now
2025-06-18 11:40:23,769:INFO:_master_model_container: 2
2025-06-18 11:40:23,769:INFO:_display_container: 2
2025-06-18 11:40:23,770:INFO:KNeighborsClassifier(algorithm='auto', leaf_size=30, metric='minkowski',
                     metric_params=None, n_jobs=-1, n_neighbors=5, p=2,
                     weights='uniform')
2025-06-18 11:40:23,770:INFO:create_model() successfully completed......................................
2025-06-18 11:40:23,948:INFO:SubProcess create_model() end ==================================
2025-06-18 11:40:23,948:INFO:Creating metrics dataframe
2025-06-18 11:40:23,952:INFO:Initializing Naive Bayes
2025-06-18 11:40:23,952:INFO:Total runtime is 0.7732346653938293 minutes
2025-06-18 11:40:23,954:INFO:SubProcess create_model() called ==================================
2025-06-18 11:40:23,954:INFO:Initializing create_model()
2025-06-18 11:40:23,954:INFO:create_model(self=<pycaret.classification.oop.ClassificationExperiment object at 0x372e8bdc0>, estimator=nb, fold=StratifiedKFold(n_splits=10, random_state=None, shuffle=False), round=4, cross_validation=True, predict=True, fit_kwargs={}, groups=None, refit=False, probability_threshold=None, experiment_custom_tags=None, verbose=False, system=False, add_to_model_list=True, metrics=None, display=<pycaret.internal.display.display.CommonDisplay object at 0x3a9797fa0>, model_only=True, return_train_score=False, error_score=0.0, kwargs={})
2025-06-18 11:40:23,954:INFO:Checking exceptions
2025-06-18 11:40:23,954:INFO:Importing libraries
2025-06-18 11:40:23,954:INFO:Copying training dataset
2025-06-18 11:40:24,041:INFO:Defining folds
2025-06-18 11:40:24,041:INFO:Declaring metric variables
2025-06-18 11:40:24,044:INFO:Importing untrained model
2025-06-18 11:40:24,045:INFO:Naive Bayes Imported successfully
2025-06-18 11:40:24,048:INFO:Starting cross validation
2025-06-18 11:40:24,049:INFO:Cross validating with StratifiedKFold(n_splits=10, random_state=None, shuffle=False), n_jobs=-1
2025-06-18 11:40:25,123:INFO:Calculating mean and std
2025-06-18 11:40:25,127:INFO:Creating metrics dataframe
2025-06-18 11:40:25,131:INFO:Uploading results into container
2025-06-18 11:40:25,131:INFO:Uploading model into container now
2025-06-18 11:40:25,132:INFO:_master_model_container: 3
2025-06-18 11:40:25,132:INFO:_display_container: 2
2025-06-18 11:40:25,133:INFO:GaussianNB(priors=None, var_smoothing=1e-09)
2025-06-18 11:40:25,133:INFO:create_model() successfully completed......................................
2025-06-18 11:40:25,294:INFO:SubProcess create_model() end ==================================
2025-06-18 11:40:25,294:INFO:Creating metrics dataframe
2025-06-18 11:40:25,297:INFO:Initializing Decision Tree Classifier
2025-06-18 11:40:25,297:INFO:Total runtime is 0.7956596811612447 minutes
2025-06-18 11:40:25,299:INFO:SubProcess create_model() called ==================================
2025-06-18 11:40:25,299:INFO:Initializing create_model()
2025-06-18 11:40:25,299:INFO:create_model(self=<pycaret.classification.oop.ClassificationExperiment object at 0x372e8bdc0>, estimator=dt, fold=StratifiedKFold(n_splits=10, random_state=None, shuffle=False), round=4, cross_validation=True, predict=True, fit_kwargs={}, groups=None, refit=False, probability_threshold=None, experiment_custom_tags=None, verbose=False, system=False, add_to_model_list=True, metrics=None, display=<pycaret.internal.display.display.CommonDisplay object at 0x3a9797fa0>, model_only=True, return_train_score=False, error_score=0.0, kwargs={})
2025-06-18 11:40:25,299:INFO:Checking exceptions
2025-06-18 11:40:25,299:INFO:Importing libraries
2025-06-18 11:40:25,300:INFO:Copying training dataset
2025-06-18 11:40:25,381:INFO:Defining folds
2025-06-18 11:40:25,382:INFO:Declaring metric variables
2025-06-18 11:40:25,384:INFO:Importing untrained model
2025-06-18 11:40:25,386:INFO:Decision Tree Classifier Imported successfully
2025-06-18 11:40:25,389:INFO:Starting cross validation
2025-06-18 11:40:25,390:INFO:Cross validating with StratifiedKFold(n_splits=10, random_state=None, shuffle=False), n_jobs=-1
2025-06-18 11:40:30,602:INFO:Calculating mean and std
2025-06-18 11:40:30,610:INFO:Creating metrics dataframe
2025-06-18 11:40:30,624:INFO:Uploading results into container
2025-06-18 11:40:30,625:INFO:Uploading model into container now
2025-06-18 11:40:30,626:INFO:_master_model_container: 4
2025-06-18 11:40:30,626:INFO:_display_container: 2
2025-06-18 11:40:30,627:INFO:DecisionTreeClassifier(ccp_alpha=0.0, class_weight=None, criterion='gini',
                       max_depth=None, max_features=None, max_leaf_nodes=None,
                       min_impurity_decrease=0.0, min_samples_leaf=1,
                       min_samples_split=2, min_weight_fraction_leaf=0.0,
                       monotonic_cst=None, random_state=42, splitter='best')
2025-06-18 11:40:30,627:INFO:create_model() successfully completed......................................
2025-06-18 11:40:30,924:INFO:SubProcess create_model() end ==================================
2025-06-18 11:40:30,925:INFO:Creating metrics dataframe
2025-06-18 11:40:30,933:INFO:Initializing SVM - Linear Kernel
2025-06-18 11:40:30,933:INFO:Total runtime is 0.8895887136459351 minutes
2025-06-18 11:40:30,936:INFO:SubProcess create_model() called ==================================
2025-06-18 11:40:30,937:INFO:Initializing create_model()
2025-06-18 11:40:30,938:INFO:create_model(self=<pycaret.classification.oop.ClassificationExperiment object at 0x372e8bdc0>, estimator=svm, fold=StratifiedKFold(n_splits=10, random_state=None, shuffle=False), round=4, cross_validation=True, predict=True, fit_kwargs={}, groups=None, refit=False, probability_threshold=None, experiment_custom_tags=None, verbose=False, system=False, add_to_model_list=True, metrics=None, display=<pycaret.internal.display.display.CommonDisplay object at 0x3a9797fa0>, model_only=True, return_train_score=False, error_score=0.0, kwargs={})
2025-06-18 11:40:30,938:INFO:Checking exceptions
2025-06-18 11:40:30,938:INFO:Importing libraries
2025-06-18 11:40:30,938:INFO:Copying training dataset
2025-06-18 11:40:31,072:INFO:Defining folds
2025-06-18 11:40:31,072:INFO:Declaring metric variables
2025-06-18 11:40:31,080:INFO:Importing untrained model
2025-06-18 11:40:31,083:INFO:SVM - Linear Kernel Imported successfully
2025-06-18 11:40:31,089:INFO:Starting cross validation
2025-06-18 11:40:31,091:INFO:Cross validating with StratifiedKFold(n_splits=10, random_state=None, shuffle=False), n_jobs=-1
2025-06-18 11:40:46,304:INFO:Calculating mean and std
2025-06-18 11:40:46,312:INFO:Creating metrics dataframe
2025-06-18 11:40:46,319:INFO:Uploading results into container
2025-06-18 11:40:46,322:INFO:Uploading model into container now
2025-06-18 11:40:46,324:INFO:_master_model_container: 5
2025-06-18 11:40:46,324:INFO:_display_container: 2
2025-06-18 11:40:46,326:INFO:SGDClassifier(alpha=0.0001, average=False, class_weight=None,
              early_stopping=False, epsilon=0.1, eta0=0.001, fit_intercept=True,
              l1_ratio=0.15, learning_rate='optimal', loss='hinge',
              max_iter=1000, n_iter_no_change=5, n_jobs=-1, penalty='l2',
              power_t=0.5, random_state=42, shuffle=True, tol=0.001,
              validation_fraction=0.1, verbose=0, warm_start=False)
2025-06-18 11:40:46,326:INFO:create_model() successfully completed......................................
2025-06-18 11:40:46,542:INFO:SubProcess create_model() end ==================================
2025-06-18 11:40:46,542:INFO:Creating metrics dataframe
2025-06-18 11:40:46,549:INFO:Initializing Ridge Classifier
2025-06-18 11:40:46,549:INFO:Total runtime is 1.1498515963554383 minutes
2025-06-18 11:40:46,551:INFO:SubProcess create_model() called ==================================
2025-06-18 11:40:46,551:INFO:Initializing create_model()
2025-06-18 11:40:46,551:INFO:create_model(self=<pycaret.classification.oop.ClassificationExperiment object at 0x372e8bdc0>, estimator=ridge, fold=StratifiedKFold(n_splits=10, random_state=None, shuffle=False), round=4, cross_validation=True, predict=True, fit_kwargs={}, groups=None, refit=False, probability_threshold=None, experiment_custom_tags=None, verbose=False, system=False, add_to_model_list=True, metrics=None, display=<pycaret.internal.display.display.CommonDisplay object at 0x3a9797fa0>, model_only=True, return_train_score=False, error_score=0.0, kwargs={})
2025-06-18 11:40:46,551:INFO:Checking exceptions
2025-06-18 11:40:46,551:INFO:Importing libraries
2025-06-18 11:40:46,552:INFO:Copying training dataset
2025-06-18 11:40:46,639:INFO:Defining folds
2025-06-18 11:40:46,639:INFO:Declaring metric variables
2025-06-18 11:40:46,641:INFO:Importing untrained model
2025-06-18 11:40:46,643:INFO:Ridge Classifier Imported successfully
2025-06-18 11:40:46,648:INFO:Starting cross validation
2025-06-18 11:40:46,649:INFO:Cross validating with StratifiedKFold(n_splits=10, random_state=None, shuffle=False), n_jobs=-1
2025-06-18 11:40:48,060:INFO:Calculating mean and std
2025-06-18 11:40:48,064:INFO:Creating metrics dataframe
2025-06-18 11:40:48,075:INFO:Uploading results into container
2025-06-18 11:40:48,076:INFO:Uploading model into container now
2025-06-18 11:40:48,077:INFO:_master_model_container: 6
2025-06-18 11:40:48,077:INFO:_display_container: 2
2025-06-18 11:40:48,078:INFO:RidgeClassifier(alpha=1.0, class_weight=None, copy_X=True, fit_intercept=True,
                max_iter=None, positive=False, random_state=42, solver='auto',
                tol=0.0001)
2025-06-18 11:40:48,078:INFO:create_model() successfully completed......................................
2025-06-18 11:40:48,301:INFO:SubProcess create_model() end ==================================
2025-06-18 11:40:48,301:INFO:Creating metrics dataframe
2025-06-18 11:40:48,305:INFO:Initializing Random Forest Classifier
2025-06-18 11:40:48,305:INFO:Total runtime is 1.1791183630625408 minutes
2025-06-18 11:40:48,307:INFO:SubProcess create_model() called ==================================
2025-06-18 11:40:48,307:INFO:Initializing create_model()
2025-06-18 11:40:48,307:INFO:create_model(self=<pycaret.classification.oop.ClassificationExperiment object at 0x372e8bdc0>, estimator=rf, fold=StratifiedKFold(n_splits=10, random_state=None, shuffle=False), round=4, cross_validation=True, predict=True, fit_kwargs={}, groups=None, refit=False, probability_threshold=None, experiment_custom_tags=None, verbose=False, system=False, add_to_model_list=True, metrics=None, display=<pycaret.internal.display.display.CommonDisplay object at 0x3a9797fa0>, model_only=True, return_train_score=False, error_score=0.0, kwargs={})
2025-06-18 11:40:48,307:INFO:Checking exceptions
2025-06-18 11:40:48,307:INFO:Importing libraries
2025-06-18 11:40:48,307:INFO:Copying training dataset
2025-06-18 11:40:48,393:INFO:Defining folds
2025-06-18 11:40:48,393:INFO:Declaring metric variables
2025-06-18 11:40:48,395:INFO:Importing untrained model
2025-06-18 11:40:48,397:INFO:Random Forest Classifier Imported successfully
2025-06-18 11:40:48,399:INFO:Starting cross validation
2025-06-18 11:40:48,400:INFO:Cross validating with StratifiedKFold(n_splits=10, random_state=None, shuffle=False), n_jobs=-1
2025-06-18 11:41:37,959:INFO:Calculating mean and std
2025-06-18 11:41:37,963:INFO:Creating metrics dataframe
2025-06-18 11:41:37,970:INFO:Uploading results into container
2025-06-18 11:41:37,972:INFO:Uploading model into container now
2025-06-18 11:41:37,973:INFO:_master_model_container: 7
2025-06-18 11:41:37,973:INFO:_display_container: 2
2025-06-18 11:41:37,977:INFO:RandomForestClassifier(bootstrap=True, ccp_alpha=0.0, class_weight=None,
                       criterion='gini', max_depth=None, max_features='sqrt',
                       max_leaf_nodes=None, max_samples=None,
                       min_impurity_decrease=0.0, min_samples_leaf=1,
                       min_samples_split=2, min_weight_fraction_leaf=0.0,
                       monotonic_cst=None, n_estimators=100, n_jobs=-1,
                       oob_score=False, random_state=42, verbose=0,
                       warm_start=False)
2025-06-18 11:41:37,978:INFO:create_model() successfully completed......................................
2025-06-18 11:41:38,429:INFO:SubProcess create_model() end ==================================
2025-06-18 11:41:38,429:INFO:Creating metrics dataframe
2025-06-18 11:41:38,437:INFO:Initializing Quadratic Discriminant Analysis
2025-06-18 11:41:38,437:INFO:Total runtime is 2.0146521131197614 minutes
2025-06-18 11:41:38,440:INFO:SubProcess create_model() called ==================================
2025-06-18 11:41:38,441:INFO:Initializing create_model()
2025-06-18 11:41:38,441:INFO:create_model(self=<pycaret.classification.oop.ClassificationExperiment object at 0x372e8bdc0>, estimator=qda, fold=StratifiedKFold(n_splits=10, random_state=None, shuffle=False), round=4, cross_validation=True, predict=True, fit_kwargs={}, groups=None, refit=False, probability_threshold=None, experiment_custom_tags=None, verbose=False, system=False, add_to_model_list=True, metrics=None, display=<pycaret.internal.display.display.CommonDisplay object at 0x3a9797fa0>, model_only=True, return_train_score=False, error_score=0.0, kwargs={})
2025-06-18 11:41:38,441:INFO:Checking exceptions
2025-06-18 11:41:38,442:INFO:Importing libraries
2025-06-18 11:41:38,442:INFO:Copying training dataset
2025-06-18 11:41:38,545:INFO:Defining folds
2025-06-18 11:41:38,546:INFO:Declaring metric variables
2025-06-18 11:41:38,549:INFO:Importing untrained model
2025-06-18 11:41:38,552:INFO:Quadratic Discriminant Analysis Imported successfully
2025-06-18 11:41:38,555:INFO:Starting cross validation
2025-06-18 11:41:38,557:INFO:Cross validating with StratifiedKFold(n_splits=10, random_state=None, shuffle=False), n_jobs=-1
2025-06-18 11:41:40,644:INFO:Calculating mean and std
2025-06-18 11:41:40,647:INFO:Creating metrics dataframe
2025-06-18 11:41:40,652:INFO:Uploading results into container
2025-06-18 11:41:40,652:INFO:Uploading model into container now
2025-06-18 11:41:40,655:INFO:_master_model_container: 8
2025-06-18 11:41:40,655:INFO:_display_container: 2
2025-06-18 11:41:40,656:INFO:QuadraticDiscriminantAnalysis(priors=None, reg_param=0.0,
                              store_covariance=False, tol=0.0001)
2025-06-18 11:41:40,657:INFO:create_model() successfully completed......................................
2025-06-18 11:41:40,917:INFO:SubProcess create_model() end ==================================
2025-06-18 11:41:40,917:INFO:Creating metrics dataframe
2025-06-18 11:41:40,928:INFO:Initializing Ada Boost Classifier
2025-06-18 11:41:40,928:INFO:Total runtime is 2.056165166695913 minutes
2025-06-18 11:41:40,931:INFO:SubProcess create_model() called ==================================
2025-06-18 11:41:40,931:INFO:Initializing create_model()
2025-06-18 11:41:40,931:INFO:create_model(self=<pycaret.classification.oop.ClassificationExperiment object at 0x372e8bdc0>, estimator=ada, fold=StratifiedKFold(n_splits=10, random_state=None, shuffle=False), round=4, cross_validation=True, predict=True, fit_kwargs={}, groups=None, refit=False, probability_threshold=None, experiment_custom_tags=None, verbose=False, system=False, add_to_model_list=True, metrics=None, display=<pycaret.internal.display.display.CommonDisplay object at 0x3a9797fa0>, model_only=True, return_train_score=False, error_score=0.0, kwargs={})
2025-06-18 11:41:40,931:INFO:Checking exceptions
2025-06-18 11:41:40,932:INFO:Importing libraries
2025-06-18 11:41:40,932:INFO:Copying training dataset
2025-06-18 11:41:41,046:INFO:Defining folds
2025-06-18 11:41:41,046:INFO:Declaring metric variables
2025-06-18 11:41:41,048:INFO:Importing untrained model
2025-06-18 11:41:41,051:INFO:Ada Boost Classifier Imported successfully
2025-06-18 11:41:41,054:INFO:Starting cross validation
2025-06-18 11:41:41,055:INFO:Cross validating with StratifiedKFold(n_splits=10, random_state=None, shuffle=False), n_jobs=-1
2025-06-18 11:41:41,331:WARNING:/Users/robertoorazi/Repositories/Facultad/AA1-TUIA-2025C1-Gallardo-Orazi-Oviedo/Clasificacion/aa1/lib/python3.10/site-packages/sklearn/ensemble/_weight_boosting.py:519: FutureWarning: The SAMME.R algorithm (the default) is deprecated and will be removed in 1.6. Use the SAMME algorithm to circumvent this warning.
  warnings.warn(

2025-06-18 11:41:41,356:WARNING:/Users/robertoorazi/Repositories/Facultad/AA1-TUIA-2025C1-Gallardo-Orazi-Oviedo/Clasificacion/aa1/lib/python3.10/site-packages/sklearn/ensemble/_weight_boosting.py:519: FutureWarning: The SAMME.R algorithm (the default) is deprecated and will be removed in 1.6. Use the SAMME algorithm to circumvent this warning.
  warnings.warn(

2025-06-18 11:41:41,485:WARNING:/Users/robertoorazi/Repositories/Facultad/AA1-TUIA-2025C1-Gallardo-Orazi-Oviedo/Clasificacion/aa1/lib/python3.10/site-packages/sklearn/ensemble/_weight_boosting.py:519: FutureWarning: The SAMME.R algorithm (the default) is deprecated and will be removed in 1.6. Use the SAMME algorithm to circumvent this warning.
  warnings.warn(

2025-06-18 11:41:41,643:WARNING:/Users/robertoorazi/Repositories/Facultad/AA1-TUIA-2025C1-Gallardo-Orazi-Oviedo/Clasificacion/aa1/lib/python3.10/site-packages/sklearn/ensemble/_weight_boosting.py:519: FutureWarning: The SAMME.R algorithm (the default) is deprecated and will be removed in 1.6. Use the SAMME algorithm to circumvent this warning.
  warnings.warn(

2025-06-18 11:41:41,866:WARNING:/Users/robertoorazi/Repositories/Facultad/AA1-TUIA-2025C1-Gallardo-Orazi-Oviedo/Clasificacion/aa1/lib/python3.10/site-packages/sklearn/ensemble/_weight_boosting.py:519: FutureWarning: The SAMME.R algorithm (the default) is deprecated and will be removed in 1.6. Use the SAMME algorithm to circumvent this warning.
  warnings.warn(

2025-06-18 11:41:42,022:WARNING:/Users/robertoorazi/Repositories/Facultad/AA1-TUIA-2025C1-Gallardo-Orazi-Oviedo/Clasificacion/aa1/lib/python3.10/site-packages/sklearn/ensemble/_weight_boosting.py:519: FutureWarning: The SAMME.R algorithm (the default) is deprecated and will be removed in 1.6. Use the SAMME algorithm to circumvent this warning.
  warnings.warn(

2025-06-18 11:41:42,337:WARNING:/Users/robertoorazi/Repositories/Facultad/AA1-TUIA-2025C1-Gallardo-Orazi-Oviedo/Clasificacion/aa1/lib/python3.10/site-packages/sklearn/ensemble/_weight_boosting.py:519: FutureWarning: The SAMME.R algorithm (the default) is deprecated and will be removed in 1.6. Use the SAMME algorithm to circumvent this warning.
  warnings.warn(

2025-06-18 11:41:42,920:WARNING:/Users/robertoorazi/Repositories/Facultad/AA1-TUIA-2025C1-Gallardo-Orazi-Oviedo/Clasificacion/aa1/lib/python3.10/site-packages/sklearn/ensemble/_weight_boosting.py:519: FutureWarning: The SAMME.R algorithm (the default) is deprecated and will be removed in 1.6. Use the SAMME algorithm to circumvent this warning.
  warnings.warn(

2025-06-18 11:41:50,566:WARNING:/Users/robertoorazi/Repositories/Facultad/AA1-TUIA-2025C1-Gallardo-Orazi-Oviedo/Clasificacion/aa1/lib/python3.10/site-packages/sklearn/ensemble/_weight_boosting.py:519: FutureWarning: The SAMME.R algorithm (the default) is deprecated and will be removed in 1.6. Use the SAMME algorithm to circumvent this warning.
  warnings.warn(

2025-06-18 11:41:50,754:WARNING:/Users/robertoorazi/Repositories/Facultad/AA1-TUIA-2025C1-Gallardo-Orazi-Oviedo/Clasificacion/aa1/lib/python3.10/site-packages/sklearn/ensemble/_weight_boosting.py:519: FutureWarning: The SAMME.R algorithm (the default) is deprecated and will be removed in 1.6. Use the SAMME algorithm to circumvent this warning.
  warnings.warn(

2025-06-18 11:41:55,798:INFO:Calculating mean and std
2025-06-18 11:41:55,800:INFO:Creating metrics dataframe
2025-06-18 11:41:55,803:INFO:Uploading results into container
2025-06-18 11:41:55,803:INFO:Uploading model into container now
2025-06-18 11:41:55,804:INFO:_master_model_container: 9
2025-06-18 11:41:55,804:INFO:_display_container: 2
2025-06-18 11:41:55,804:INFO:AdaBoostClassifier(algorithm='SAMME.R', estimator=None, learning_rate=1.0,
                   n_estimators=50, random_state=42)
2025-06-18 11:41:55,804:INFO:create_model() successfully completed......................................
2025-06-18 11:41:55,977:INFO:SubProcess create_model() end ==================================
2025-06-18 11:41:55,977:INFO:Creating metrics dataframe
2025-06-18 11:41:55,983:INFO:Initializing Gradient Boosting Classifier
2025-06-18 11:41:55,983:INFO:Total runtime is 2.3070890824000045 minutes
2025-06-18 11:41:55,985:INFO:SubProcess create_model() called ==================================
2025-06-18 11:41:55,986:INFO:Initializing create_model()
2025-06-18 11:41:55,986:INFO:create_model(self=<pycaret.classification.oop.ClassificationExperiment object at 0x372e8bdc0>, estimator=gbc, fold=StratifiedKFold(n_splits=10, random_state=None, shuffle=False), round=4, cross_validation=True, predict=True, fit_kwargs={}, groups=None, refit=False, probability_threshold=None, experiment_custom_tags=None, verbose=False, system=False, add_to_model_list=True, metrics=None, display=<pycaret.internal.display.display.CommonDisplay object at 0x3a9797fa0>, model_only=True, return_train_score=False, error_score=0.0, kwargs={})
2025-06-18 11:41:55,986:INFO:Checking exceptions
2025-06-18 11:41:55,986:INFO:Importing libraries
2025-06-18 11:41:55,986:INFO:Copying training dataset
2025-06-18 11:41:56,069:INFO:Defining folds
2025-06-18 11:41:56,069:INFO:Declaring metric variables
2025-06-18 11:41:56,071:INFO:Importing untrained model
2025-06-18 11:41:56,073:INFO:Gradient Boosting Classifier Imported successfully
2025-06-18 11:41:56,075:INFO:Starting cross validation
2025-06-18 11:41:56,076:INFO:Cross validating with StratifiedKFold(n_splits=10, random_state=None, shuffle=False), n_jobs=-1
2025-06-18 11:42:52,541:INFO:Calculating mean and std
2025-06-18 11:42:52,545:INFO:Creating metrics dataframe
2025-06-18 11:42:52,553:INFO:Uploading results into container
2025-06-18 11:42:52,554:INFO:Uploading model into container now
2025-06-18 11:42:52,554:INFO:_master_model_container: 10
2025-06-18 11:42:52,554:INFO:_display_container: 2
2025-06-18 11:42:52,555:INFO:GradientBoostingClassifier(ccp_alpha=0.0, criterion='friedman_mse', init=None,
                           learning_rate=0.1, loss='log_loss', max_depth=3,
                           max_features=None, max_leaf_nodes=None,
                           min_impurity_decrease=0.0, min_samples_leaf=1,
                           min_samples_split=2, min_weight_fraction_leaf=0.0,
                           n_estimators=100, n_iter_no_change=None,
                           random_state=42, subsample=1.0, tol=0.0001,
                           validation_fraction=0.1, verbose=0,
                           warm_start=False)
2025-06-18 11:42:52,555:INFO:create_model() successfully completed......................................
2025-06-18 11:42:52,743:INFO:SubProcess create_model() end ==================================
2025-06-18 11:42:52,743:INFO:Creating metrics dataframe
2025-06-18 11:42:52,748:INFO:Initializing Linear Discriminant Analysis
2025-06-18 11:42:52,748:INFO:Total runtime is 3.253168880939484 minutes
2025-06-18 11:42:52,749:INFO:SubProcess create_model() called ==================================
2025-06-18 11:42:52,750:INFO:Initializing create_model()
2025-06-18 11:42:52,750:INFO:create_model(self=<pycaret.classification.oop.ClassificationExperiment object at 0x372e8bdc0>, estimator=lda, fold=StratifiedKFold(n_splits=10, random_state=None, shuffle=False), round=4, cross_validation=True, predict=True, fit_kwargs={}, groups=None, refit=False, probability_threshold=None, experiment_custom_tags=None, verbose=False, system=False, add_to_model_list=True, metrics=None, display=<pycaret.internal.display.display.CommonDisplay object at 0x3a9797fa0>, model_only=True, return_train_score=False, error_score=0.0, kwargs={})
2025-06-18 11:42:52,750:INFO:Checking exceptions
2025-06-18 11:42:52,750:INFO:Importing libraries
2025-06-18 11:42:52,750:INFO:Copying training dataset
2025-06-18 11:42:52,829:INFO:Defining folds
2025-06-18 11:42:52,829:INFO:Declaring metric variables
2025-06-18 11:42:52,831:INFO:Importing untrained model
2025-06-18 11:42:52,832:INFO:Linear Discriminant Analysis Imported successfully
2025-06-18 11:42:52,835:INFO:Starting cross validation
2025-06-18 11:42:52,836:INFO:Cross validating with StratifiedKFold(n_splits=10, random_state=None, shuffle=False), n_jobs=-1
2025-06-18 11:42:54,571:INFO:Calculating mean and std
2025-06-18 11:42:54,574:INFO:Creating metrics dataframe
2025-06-18 11:42:54,579:INFO:Uploading results into container
2025-06-18 11:42:54,579:INFO:Uploading model into container now
2025-06-18 11:42:54,580:INFO:_master_model_container: 11
2025-06-18 11:42:54,580:INFO:_display_container: 2
2025-06-18 11:42:54,581:INFO:LinearDiscriminantAnalysis(covariance_estimator=None, n_components=None,
                           priors=None, shrinkage=None, solver='svd',
                           store_covariance=False, tol=0.0001)
2025-06-18 11:42:54,581:INFO:create_model() successfully completed......................................
2025-06-18 11:42:54,762:INFO:SubProcess create_model() end ==================================
2025-06-18 11:42:54,762:INFO:Creating metrics dataframe
2025-06-18 11:42:54,767:INFO:Initializing Extra Trees Classifier
2025-06-18 11:42:54,767:INFO:Total runtime is 3.2868224263191226 minutes
2025-06-18 11:42:54,770:INFO:SubProcess create_model() called ==================================
2025-06-18 11:42:54,770:INFO:Initializing create_model()
2025-06-18 11:42:54,770:INFO:create_model(self=<pycaret.classification.oop.ClassificationExperiment object at 0x372e8bdc0>, estimator=et, fold=StratifiedKFold(n_splits=10, random_state=None, shuffle=False), round=4, cross_validation=True, predict=True, fit_kwargs={}, groups=None, refit=False, probability_threshold=None, experiment_custom_tags=None, verbose=False, system=False, add_to_model_list=True, metrics=None, display=<pycaret.internal.display.display.CommonDisplay object at 0x3a9797fa0>, model_only=True, return_train_score=False, error_score=0.0, kwargs={})
2025-06-18 11:42:54,770:INFO:Checking exceptions
2025-06-18 11:42:54,770:INFO:Importing libraries
2025-06-18 11:42:54,770:INFO:Copying training dataset
2025-06-18 11:42:54,912:INFO:Defining folds
2025-06-18 11:42:54,912:INFO:Declaring metric variables
2025-06-18 11:42:54,914:INFO:Importing untrained model
2025-06-18 11:42:54,915:INFO:Extra Trees Classifier Imported successfully
2025-06-18 11:42:54,918:INFO:Starting cross validation
2025-06-18 11:42:54,919:INFO:Cross validating with StratifiedKFold(n_splits=10, random_state=None, shuffle=False), n_jobs=-1
2025-06-18 11:43:19,616:INFO:Calculating mean and std
2025-06-18 11:43:19,619:INFO:Creating metrics dataframe
2025-06-18 11:43:19,624:INFO:Uploading results into container
2025-06-18 11:43:19,625:INFO:Uploading model into container now
2025-06-18 11:43:19,626:INFO:_master_model_container: 12
2025-06-18 11:43:19,626:INFO:_display_container: 2
2025-06-18 11:43:19,627:INFO:ExtraTreesClassifier(bootstrap=False, ccp_alpha=0.0, class_weight=None,
                     criterion='gini', max_depth=None, max_features='sqrt',
                     max_leaf_nodes=None, max_samples=None,
                     min_impurity_decrease=0.0, min_samples_leaf=1,
                     min_samples_split=2, min_weight_fraction_leaf=0.0,
                     monotonic_cst=None, n_estimators=100, n_jobs=-1,
                     oob_score=False, random_state=42, verbose=0,
                     warm_start=False)
2025-06-18 11:43:19,627:INFO:create_model() successfully completed......................................
2025-06-18 11:43:19,830:INFO:SubProcess create_model() end ==================================
2025-06-18 11:43:19,831:INFO:Creating metrics dataframe
2025-06-18 11:43:19,838:INFO:Initializing Light Gradient Boosting Machine
2025-06-18 11:43:19,839:INFO:Total runtime is 3.7046792467435203 minutes
2025-06-18 11:43:19,843:INFO:SubProcess create_model() called ==================================
2025-06-18 11:43:19,843:INFO:Initializing create_model()
2025-06-18 11:43:19,844:INFO:create_model(self=<pycaret.classification.oop.ClassificationExperiment object at 0x372e8bdc0>, estimator=lightgbm, fold=StratifiedKFold(n_splits=10, random_state=None, shuffle=False), round=4, cross_validation=True, predict=True, fit_kwargs={}, groups=None, refit=False, probability_threshold=None, experiment_custom_tags=None, verbose=False, system=False, add_to_model_list=True, metrics=None, display=<pycaret.internal.display.display.CommonDisplay object at 0x3a9797fa0>, model_only=True, return_train_score=False, error_score=0.0, kwargs={})
2025-06-18 11:43:19,844:INFO:Checking exceptions
2025-06-18 11:43:19,844:INFO:Importing libraries
2025-06-18 11:43:19,844:INFO:Copying training dataset
2025-06-18 11:43:19,934:INFO:Defining folds
2025-06-18 11:43:19,934:INFO:Declaring metric variables
2025-06-18 11:43:19,936:INFO:Importing untrained model
2025-06-18 11:43:19,938:INFO:Light Gradient Boosting Machine Imported successfully
2025-06-18 11:43:19,941:INFO:Starting cross validation
2025-06-18 11:43:19,942:INFO:Cross validating with StratifiedKFold(n_splits=10, random_state=None, shuffle=False), n_jobs=-1
2025-06-18 11:43:23,781:INFO:[LightGBM] [Warning] Found whitespace in feature_names, replace with underlines
2025-06-18 11:43:23,782:INFO:[LightGBM] [Info] Number of positive: 22983, number of negative: 79396
2025-06-18 11:43:23,794:INFO:[LightGBM] [Info] Auto-choosing row-wise multi-threading, the overhead of testing was 0.004790 seconds.
2025-06-18 11:43:23,794:INFO:You can set `force_row_wise=true` to remove the overhead.
2025-06-18 11:43:23,794:INFO:And if memory is not enough, you can set `force_col_wise=true`.
2025-06-18 11:43:23,795:INFO:[LightGBM] [Info] Total Bins 2682
2025-06-18 11:43:23,795:INFO:[LightGBM] [Info] Number of data points in the train set: 102379, number of used features: 28
2025-06-18 11:43:23,796:INFO:[LightGBM] [Info] [binary:BoostFromScore]: pavg=0.224489 -> initscore=-1.239693
2025-06-18 11:43:23,796:INFO:[LightGBM] [Info] Start training from score -1.239693
2025-06-18 11:43:24,483:INFO:[LightGBM] [Warning] Found whitespace in feature_names, replace with underlines
2025-06-18 11:43:24,484:INFO:[LightGBM] [Info] Number of positive: 22983, number of negative: 79396
2025-06-18 11:43:24,496:INFO:[LightGBM] [Info] Auto-choosing row-wise multi-threading, the overhead of testing was 0.005172 seconds.
2025-06-18 11:43:24,496:INFO:You can set `force_row_wise=true` to remove the overhead.
2025-06-18 11:43:24,496:INFO:And if memory is not enough, you can set `force_col_wise=true`.
2025-06-18 11:43:24,496:INFO:[LightGBM] [Info] Total Bins 2683
2025-06-18 11:43:24,503:INFO:[LightGBM] [Info] Number of data points in the train set: 102379, number of used features: 28
2025-06-18 11:43:24,506:INFO:[LightGBM] [Info] [binary:BoostFromScore]: pavg=0.224489 -> initscore=-1.239693
2025-06-18 11:43:24,508:INFO:[LightGBM] [Info] Start training from score -1.239693
2025-06-18 11:43:24,514:INFO:[LightGBM] [Warning] Found whitespace in feature_names, replace with underlines
2025-06-18 11:43:24,515:INFO:[LightGBM] [Info] Number of positive: 22983, number of negative: 79396
2025-06-18 11:43:24,523:INFO:[LightGBM] [Info] Auto-choosing row-wise multi-threading, the overhead of testing was 0.003474 seconds.
2025-06-18 11:43:24,523:INFO:You can set `force_row_wise=true` to remove the overhead.
2025-06-18 11:43:24,523:INFO:And if memory is not enough, you can set `force_col_wise=true`.
2025-06-18 11:43:24,523:INFO:[LightGBM] [Info] Total Bins 2683
2025-06-18 11:43:24,523:INFO:[LightGBM] [Info] Number of data points in the train set: 102379, number of used features: 28
2025-06-18 11:43:24,524:INFO:[LightGBM] [Info] [binary:BoostFromScore]: pavg=0.224489 -> initscore=-1.239693
2025-06-18 11:43:24,524:INFO:[LightGBM] [Info] Start training from score -1.239693
2025-06-18 11:43:25,152:INFO:[LightGBM] [Warning] Found whitespace in feature_names, replace with underlines
2025-06-18 11:43:25,154:INFO:[LightGBM] [Info] Number of positive: 22983, number of negative: 79396
2025-06-18 11:43:25,166:INFO:[LightGBM] [Info] Auto-choosing row-wise multi-threading, the overhead of testing was 0.005979 seconds.
2025-06-18 11:43:25,166:INFO:You can set `force_row_wise=true` to remove the overhead.
2025-06-18 11:43:25,166:INFO:And if memory is not enough, you can set `force_col_wise=true`.
2025-06-18 11:43:25,167:INFO:[LightGBM] [Info] Total Bins 2680
2025-06-18 11:43:25,167:INFO:[LightGBM] [Info] Number of data points in the train set: 102379, number of used features: 28
2025-06-18 11:43:25,169:INFO:[LightGBM] [Info] [binary:BoostFromScore]: pavg=0.224489 -> initscore=-1.239693
2025-06-18 11:43:25,171:INFO:[LightGBM] [Info] Start training from score -1.239693
2025-06-18 11:43:26,919:INFO:Calculating mean and std
2025-06-18 11:43:26,920:INFO:Creating metrics dataframe
2025-06-18 11:43:26,923:INFO:Uploading results into container
2025-06-18 11:43:26,923:INFO:Uploading model into container now
2025-06-18 11:43:26,924:INFO:_master_model_container: 13
2025-06-18 11:43:26,924:INFO:_display_container: 2
2025-06-18 11:43:26,924:INFO:LGBMClassifier(boosting_type='gbdt', class_weight=None, colsample_bytree=1.0,
               importance_type='split', learning_rate=0.1, max_depth=-1,
               min_child_samples=20, min_child_weight=0.001, min_split_gain=0.0,
               n_estimators=100, n_jobs=-1, num_leaves=31, objective=None,
               random_state=42, reg_alpha=0.0, reg_lambda=0.0, subsample=1.0,
               subsample_for_bin=200000, subsample_freq=0)
2025-06-18 11:43:26,924:INFO:create_model() successfully completed......................................
2025-06-18 11:43:27,025:INFO:SubProcess create_model() end ==================================
2025-06-18 11:43:27,025:INFO:Creating metrics dataframe
2025-06-18 11:43:27,031:INFO:Initializing Dummy Classifier
2025-06-18 11:43:27,031:INFO:Total runtime is 3.824552094936371 minutes
2025-06-18 11:43:27,033:INFO:SubProcess create_model() called ==================================
2025-06-18 11:43:27,033:INFO:Initializing create_model()
2025-06-18 11:43:27,033:INFO:create_model(self=<pycaret.classification.oop.ClassificationExperiment object at 0x372e8bdc0>, estimator=dummy, fold=StratifiedKFold(n_splits=10, random_state=None, shuffle=False), round=4, cross_validation=True, predict=True, fit_kwargs={}, groups=None, refit=False, probability_threshold=None, experiment_custom_tags=None, verbose=False, system=False, add_to_model_list=True, metrics=None, display=<pycaret.internal.display.display.CommonDisplay object at 0x3a9797fa0>, model_only=True, return_train_score=False, error_score=0.0, kwargs={})
2025-06-18 11:43:27,033:INFO:Checking exceptions
2025-06-18 11:43:27,033:INFO:Importing libraries
2025-06-18 11:43:27,033:INFO:Copying training dataset
2025-06-18 11:43:27,127:INFO:Defining folds
2025-06-18 11:43:27,127:INFO:Declaring metric variables
2025-06-18 11:43:27,129:INFO:Importing untrained model
2025-06-18 11:43:27,133:INFO:Dummy Classifier Imported successfully
2025-06-18 11:43:27,137:INFO:Starting cross validation
2025-06-18 11:43:27,139:INFO:Cross validating with StratifiedKFold(n_splits=10, random_state=None, shuffle=False), n_jobs=-1
2025-06-18 11:43:27,336:WARNING:/Users/robertoorazi/Repositories/Facultad/AA1-TUIA-2025C1-Gallardo-Orazi-Oviedo/Clasificacion/aa1/lib/python3.10/site-packages/sklearn/metrics/_classification.py:1509: UndefinedMetricWarning: Precision is ill-defined and being set to 0.0 due to no predicted samples. Use `zero_division` parameter to control this behavior.
  _warn_prf(average, modifier, f"{metric.capitalize()} is", len(result))

2025-06-18 11:43:27,383:WARNING:/Users/robertoorazi/Repositories/Facultad/AA1-TUIA-2025C1-Gallardo-Orazi-Oviedo/Clasificacion/aa1/lib/python3.10/site-packages/sklearn/metrics/_classification.py:1509: UndefinedMetricWarning: Precision is ill-defined and being set to 0.0 due to no predicted samples. Use `zero_division` parameter to control this behavior.
  _warn_prf(average, modifier, f"{metric.capitalize()} is", len(result))

2025-06-18 11:43:27,447:WARNING:/Users/robertoorazi/Repositories/Facultad/AA1-TUIA-2025C1-Gallardo-Orazi-Oviedo/Clasificacion/aa1/lib/python3.10/site-packages/sklearn/metrics/_classification.py:1509: UndefinedMetricWarning: Precision is ill-defined and being set to 0.0 due to no predicted samples. Use `zero_division` parameter to control this behavior.
  _warn_prf(average, modifier, f"{metric.capitalize()} is", len(result))

2025-06-18 11:43:27,490:WARNING:/Users/robertoorazi/Repositories/Facultad/AA1-TUIA-2025C1-Gallardo-Orazi-Oviedo/Clasificacion/aa1/lib/python3.10/site-packages/sklearn/metrics/_classification.py:1509: UndefinedMetricWarning: Precision is ill-defined and being set to 0.0 due to no predicted samples. Use `zero_division` parameter to control this behavior.
  _warn_prf(average, modifier, f"{metric.capitalize()} is", len(result))

2025-06-18 11:43:27,561:WARNING:/Users/robertoorazi/Repositories/Facultad/AA1-TUIA-2025C1-Gallardo-Orazi-Oviedo/Clasificacion/aa1/lib/python3.10/site-packages/sklearn/metrics/_classification.py:1509: UndefinedMetricWarning: Precision is ill-defined and being set to 0.0 due to no predicted samples. Use `zero_division` parameter to control this behavior.
  _warn_prf(average, modifier, f"{metric.capitalize()} is", len(result))

2025-06-18 11:43:27,597:WARNING:/Users/robertoorazi/Repositories/Facultad/AA1-TUIA-2025C1-Gallardo-Orazi-Oviedo/Clasificacion/aa1/lib/python3.10/site-packages/sklearn/metrics/_classification.py:1509: UndefinedMetricWarning: Precision is ill-defined and being set to 0.0 due to no predicted samples. Use `zero_division` parameter to control this behavior.
  _warn_prf(average, modifier, f"{metric.capitalize()} is", len(result))

2025-06-18 11:43:27,652:WARNING:/Users/robertoorazi/Repositories/Facultad/AA1-TUIA-2025C1-Gallardo-Orazi-Oviedo/Clasificacion/aa1/lib/python3.10/site-packages/sklearn/metrics/_classification.py:1509: UndefinedMetricWarning: Precision is ill-defined and being set to 0.0 due to no predicted samples. Use `zero_division` parameter to control this behavior.
  _warn_prf(average, modifier, f"{metric.capitalize()} is", len(result))

2025-06-18 11:43:27,690:WARNING:/Users/robertoorazi/Repositories/Facultad/AA1-TUIA-2025C1-Gallardo-Orazi-Oviedo/Clasificacion/aa1/lib/python3.10/site-packages/sklearn/metrics/_classification.py:1509: UndefinedMetricWarning: Precision is ill-defined and being set to 0.0 due to no predicted samples. Use `zero_division` parameter to control this behavior.
  _warn_prf(average, modifier, f"{metric.capitalize()} is", len(result))

2025-06-18 11:43:27,755:WARNING:/Users/robertoorazi/Repositories/Facultad/AA1-TUIA-2025C1-Gallardo-Orazi-Oviedo/Clasificacion/aa1/lib/python3.10/site-packages/sklearn/metrics/_classification.py:1509: UndefinedMetricWarning: Precision is ill-defined and being set to 0.0 due to no predicted samples. Use `zero_division` parameter to control this behavior.
  _warn_prf(average, modifier, f"{metric.capitalize()} is", len(result))

2025-06-18 11:43:27,784:WARNING:/Users/robertoorazi/Repositories/Facultad/AA1-TUIA-2025C1-Gallardo-Orazi-Oviedo/Clasificacion/aa1/lib/python3.10/site-packages/sklearn/metrics/_classification.py:1509: UndefinedMetricWarning: Precision is ill-defined and being set to 0.0 due to no predicted samples. Use `zero_division` parameter to control this behavior.
  _warn_prf(average, modifier, f"{metric.capitalize()} is", len(result))

2025-06-18 11:43:27,800:INFO:Calculating mean and std
2025-06-18 11:43:27,801:INFO:Creating metrics dataframe
2025-06-18 11:43:27,802:INFO:Uploading results into container
2025-06-18 11:43:27,802:INFO:Uploading model into container now
2025-06-18 11:43:27,802:INFO:_master_model_container: 14
2025-06-18 11:43:27,803:INFO:_display_container: 2
2025-06-18 11:43:27,803:INFO:DummyClassifier(constant=None, random_state=42, strategy='prior')
2025-06-18 11:43:27,803:INFO:create_model() successfully completed......................................
2025-06-18 11:43:27,902:INFO:SubProcess create_model() end ==================================
2025-06-18 11:43:27,902:INFO:Creating metrics dataframe
2025-06-18 11:43:27,912:INFO:Initializing create_model()
2025-06-18 11:43:27,912:INFO:create_model(self=<pycaret.classification.oop.ClassificationExperiment object at 0x372e8bdc0>, estimator=LGBMClassifier(boosting_type='gbdt', class_weight=None, colsample_bytree=1.0,
               importance_type='split', learning_rate=0.1, max_depth=-1,
               min_child_samples=20, min_child_weight=0.001, min_split_gain=0.0,
               n_estimators=100, n_jobs=-1, num_leaves=31, objective=None,
               random_state=42, reg_alpha=0.0, reg_lambda=0.0, subsample=1.0,
               subsample_for_bin=200000, subsample_freq=0), fold=StratifiedKFold(n_splits=10, random_state=None, shuffle=False), round=4, cross_validation=False, predict=False, fit_kwargs={}, groups=None, refit=True, probability_threshold=None, experiment_custom_tags=None, verbose=False, system=False, add_to_model_list=True, metrics=None, display=None, model_only=True, return_train_score=False, error_score=0.0, kwargs={})
2025-06-18 11:43:27,912:INFO:Checking exceptions
2025-06-18 11:43:27,913:INFO:Importing libraries
2025-06-18 11:43:27,913:INFO:Copying training dataset
2025-06-18 11:43:27,979:INFO:Defining folds
2025-06-18 11:43:27,979:INFO:Declaring metric variables
2025-06-18 11:43:27,979:INFO:Importing untrained model
2025-06-18 11:43:27,979:INFO:Declaring custom model
2025-06-18 11:43:27,980:INFO:Light Gradient Boosting Machine Imported successfully
2025-06-18 11:43:27,980:INFO:Cross validation set to False
2025-06-18 11:43:27,980:INFO:Fitting Model
2025-06-18 11:43:28,228:INFO:[LightGBM] [Warning] Found whitespace in feature_names, replace with underlines
2025-06-18 11:43:28,229:INFO:[LightGBM] [Info] Number of positive: 25536, number of negative: 88218
2025-06-18 11:43:28,235:INFO:[LightGBM] [Info] Auto-choosing row-wise multi-threading, the overhead of testing was 0.002450 seconds.
2025-06-18 11:43:28,235:INFO:You can set `force_row_wise=true` to remove the overhead.
2025-06-18 11:43:28,235:INFO:And if memory is not enough, you can set `force_col_wise=true`.
2025-06-18 11:43:28,235:INFO:[LightGBM] [Info] Total Bins 2686
2025-06-18 11:43:28,236:INFO:[LightGBM] [Info] Number of data points in the train set: 113754, number of used features: 28
2025-06-18 11:43:28,236:INFO:[LightGBM] [Info] [binary:BoostFromScore]: pavg=0.224484 -> initscore=-1.239722
2025-06-18 11:43:28,236:INFO:[LightGBM] [Info] Start training from score -1.239722
2025-06-18 11:43:28,975:INFO:LGBMClassifier(boosting_type='gbdt', class_weight=None, colsample_bytree=1.0,
               importance_type='split', learning_rate=0.1, max_depth=-1,
               min_child_samples=20, min_child_weight=0.001, min_split_gain=0.0,
               n_estimators=100, n_jobs=-1, num_leaves=31, objective=None,
               random_state=42, reg_alpha=0.0, reg_lambda=0.0, subsample=1.0,
               subsample_for_bin=200000, subsample_freq=0)
2025-06-18 11:43:28,975:INFO:create_model() successfully completed......................................
2025-06-18 11:43:29,079:INFO:_master_model_container: 14
2025-06-18 11:43:29,079:INFO:_display_container: 2
2025-06-18 11:43:29,080:INFO:LGBMClassifier(boosting_type='gbdt', class_weight=None, colsample_bytree=1.0,
               importance_type='split', learning_rate=0.1, max_depth=-1,
               min_child_samples=20, min_child_weight=0.001, min_split_gain=0.0,
               n_estimators=100, n_jobs=-1, num_leaves=31, objective=None,
               random_state=42, reg_alpha=0.0, reg_lambda=0.0, subsample=1.0,
               subsample_for_bin=200000, subsample_freq=0)
2025-06-18 11:43:29,080:INFO:compare_models() successfully completed......................................
2025-06-18 18:58:53,816:INFO:PyCaret ClassificationExperiment
2025-06-18 18:58:53,816:INFO:Logging name: clf-default-name
2025-06-18 18:58:53,816:INFO:ML Usecase: MLUsecase.CLASSIFICATION
2025-06-18 18:58:53,816:INFO:version 3.3.2
2025-06-18 18:58:53,816:INFO:Initializing setup()
2025-06-18 18:58:53,816:INFO:self.USI: 12e9
2025-06-18 18:58:53,816:INFO:self._variable_keys: {'gpu_param', 'exp_id', 'n_jobs_param', 'fold_groups_param', 'is_multiclass', 'y', 'y_test', 'y_train', 'pipeline', 'target_param', 'X_test', 'seed', '_ml_usecase', 'idx', 'fold_shuffle_param', 'X', 'log_plots_param', '_available_plots', 'fix_imbalance', 'data', 'fold_generator', 'logging_param', 'exp_name_log', 'memory', 'html_param', 'gpu_n_jobs_param', 'X_train', 'USI'}
2025-06-18 18:58:53,817:INFO:Checking environment
2025-06-18 18:58:53,817:INFO:python_version: 3.10.17
2025-06-18 18:58:53,817:INFO:python_build: ('main', 'Apr  8 2025 12:10:59')
2025-06-18 18:58:53,817:INFO:machine: arm64
2025-06-18 18:58:53,817:INFO:platform: macOS-15.6-arm64-arm-64bit
2025-06-18 18:58:53,819:INFO:Memory: svmem(total=8589934592, available=1420492800, percent=83.5, used=3149922304, free=59588608, active=1377910784, inactive=1350008832, wired=1772011520)
2025-06-18 18:58:53,819:INFO:Physical Core: 8
2025-06-18 18:58:53,819:INFO:Logical Core: 8
2025-06-18 18:58:53,819:INFO:Checking libraries
2025-06-18 18:58:53,819:INFO:System:
2025-06-18 18:58:53,819:INFO:    python: 3.10.17 (main, Apr  8 2025, 12:10:59) [Clang 16.0.0 (clang-1600.0.26.6)]
2025-06-18 18:58:53,819:INFO:executable: /Users/robertoorazi/Repositories/Facultad/AA1-TUIA-2025C1-Gallardo-Orazi-Oviedo/Clasificacion/aa1/bin/python
2025-06-18 18:58:53,819:INFO:   machine: macOS-15.6-arm64-arm-64bit
2025-06-18 18:58:53,819:INFO:PyCaret required dependencies:
2025-06-18 18:58:53,820:INFO:                 pip: 25.1.1
2025-06-18 18:58:53,820:INFO:          setuptools: 78.1.0
2025-06-18 18:58:53,820:INFO:             pycaret: 3.3.2
2025-06-18 18:58:53,820:INFO:             IPython: 8.37.0
2025-06-18 18:58:53,820:INFO:          ipywidgets: 8.1.7
2025-06-18 18:58:53,820:INFO:                tqdm: 4.67.1
2025-06-18 18:58:53,820:INFO:               numpy: 1.26.4
2025-06-18 18:58:53,820:INFO:              pandas: 2.1.4
2025-06-18 18:58:53,820:INFO:              jinja2: 3.1.6
2025-06-18 18:58:53,820:INFO:               scipy: 1.11.4
2025-06-18 18:58:53,820:INFO:              joblib: 1.3.2
2025-06-18 18:58:53,820:INFO:             sklearn: 1.4.2
2025-06-18 18:58:53,820:INFO:                pyod: 2.0.5
2025-06-18 18:58:53,820:INFO:            imblearn: 0.13.0
2025-06-18 18:58:53,821:INFO:   category_encoders: 2.7.0
2025-06-18 18:58:53,821:INFO:            lightgbm: 4.6.0
2025-06-18 18:58:53,821:INFO:               numba: 0.61.2
2025-06-18 18:58:53,821:INFO:            requests: 2.32.4
2025-06-18 18:58:53,821:INFO:          matplotlib: 3.7.5
2025-06-18 18:58:53,821:INFO:          scikitplot: 0.3.7
2025-06-18 18:58:53,821:INFO:         yellowbrick: 1.5
2025-06-18 18:58:53,821:INFO:              plotly: 5.24.1
2025-06-18 18:58:53,821:INFO:    plotly-resampler: Not installed
2025-06-18 18:58:53,821:INFO:             kaleido: 0.2.1
2025-06-18 18:58:53,821:INFO:           schemdraw: 0.15
2025-06-18 18:58:53,821:INFO:         statsmodels: 0.14.4
2025-06-18 18:58:53,821:INFO:              sktime: 0.26.0
2025-06-18 18:58:53,821:INFO:               tbats: 1.1.3
2025-06-18 18:58:53,821:INFO:            pmdarima: 2.0.4
2025-06-18 18:58:53,821:INFO:              psutil: 7.0.0
2025-06-18 18:58:53,821:INFO:          markupsafe: 3.0.2
2025-06-18 18:58:53,821:INFO:             pickle5: Not installed
2025-06-18 18:58:53,821:INFO:         cloudpickle: 3.1.1
2025-06-18 18:58:53,821:INFO:         deprecation: 2.1.0
2025-06-18 18:58:53,821:INFO:              xxhash: 3.5.0
2025-06-18 18:58:53,821:INFO:           wurlitzer: 3.1.1
2025-06-18 18:58:53,821:INFO:PyCaret optional dependencies:
2025-06-18 18:58:53,821:INFO:                shap: 0.48.0
2025-06-18 18:58:53,821:INFO:           interpret: Not installed
2025-06-18 18:58:53,821:INFO:                umap: Not installed
2025-06-18 18:58:53,821:INFO:     ydata_profiling: Not installed
2025-06-18 18:58:53,821:INFO:  explainerdashboard: Not installed
2025-06-18 18:58:53,821:INFO:             autoviz: Not installed
2025-06-18 18:58:53,821:INFO:           fairlearn: Not installed
2025-06-18 18:58:53,821:INFO:          deepchecks: Not installed
2025-06-18 18:58:53,821:INFO:             xgboost: Not installed
2025-06-18 18:58:53,821:INFO:            catboost: Not installed
2025-06-18 18:58:53,821:INFO:              kmodes: Not installed
2025-06-18 18:58:53,821:INFO:             mlxtend: Not installed
2025-06-18 18:58:53,821:INFO:       statsforecast: Not installed
2025-06-18 18:58:53,821:INFO:        tune_sklearn: Not installed
2025-06-18 18:58:53,821:INFO:                 ray: Not installed
2025-06-18 18:58:53,821:INFO:            hyperopt: Not installed
2025-06-18 18:58:53,821:INFO:              optuna: 4.4.0
2025-06-18 18:58:53,821:INFO:               skopt: 0.10.2
2025-06-18 18:58:53,821:INFO:              mlflow: Not installed
2025-06-18 18:58:53,821:INFO:              gradio: Not installed
2025-06-18 18:58:53,821:INFO:             fastapi: Not installed
2025-06-18 18:58:53,821:INFO:             uvicorn: Not installed
2025-06-18 18:58:53,821:INFO:              m2cgen: Not installed
2025-06-18 18:58:53,821:INFO:           evidently: Not installed
2025-06-18 18:58:53,821:INFO:               fugue: Not installed
2025-06-18 18:58:53,821:INFO:           streamlit: Not installed
2025-06-18 18:58:53,821:INFO:             prophet: Not installed
2025-06-18 18:58:53,821:INFO:None
2025-06-18 18:58:53,822:INFO:Set up data.
2025-06-18 18:58:53,860:INFO:Set up folding strategy.
2025-06-18 18:58:53,860:INFO:Set up train/test split.
2025-06-18 18:58:53,860:INFO:Set up data.
2025-06-18 18:58:53,873:INFO:Set up index.
2025-06-18 18:58:53,874:INFO:Assigning column types.
2025-06-18 18:58:53,919:INFO:Engine successfully changes for model 'lr' to 'sklearn'.
2025-06-18 18:58:53,938:INFO:Engine for model 'knn' has not been set explicitly, hence returning None.
2025-06-18 18:58:53,942:INFO:Engine for model 'rbfsvm' has not been set explicitly, hence returning None.
2025-06-18 18:58:53,960:WARNING:
'xgboost' is a soft dependency and not included in the pycaret installation. Please run: `pip install xgboost` to install.
Alternately, you can install this by running `pip install pycaret[models]`
2025-06-18 18:58:53,961:WARNING:
'catboost' is a soft dependency and not included in the pycaret installation. Please run: `pip install catboost` to install.
Alternately, you can install this by running `pip install pycaret[models]`
2025-06-18 18:58:53,980:INFO:Engine for model 'knn' has not been set explicitly, hence returning None.
2025-06-18 18:58:53,980:INFO:Engine for model 'rbfsvm' has not been set explicitly, hence returning None.
2025-06-18 18:58:53,992:WARNING:
'xgboost' is a soft dependency and not included in the pycaret installation. Please run: `pip install xgboost` to install.
Alternately, you can install this by running `pip install pycaret[models]`
2025-06-18 18:58:53,992:WARNING:
'catboost' is a soft dependency and not included in the pycaret installation. Please run: `pip install catboost` to install.
Alternately, you can install this by running `pip install pycaret[models]`
2025-06-18 18:58:53,992:INFO:Engine successfully changes for model 'knn' to 'sklearn'.
2025-06-18 18:58:54,010:INFO:Engine for model 'rbfsvm' has not been set explicitly, hence returning None.
2025-06-18 18:58:54,021:WARNING:
'xgboost' is a soft dependency and not included in the pycaret installation. Please run: `pip install xgboost` to install.
Alternately, you can install this by running `pip install pycaret[models]`
2025-06-18 18:58:54,021:WARNING:
'catboost' is a soft dependency and not included in the pycaret installation. Please run: `pip install catboost` to install.
Alternately, you can install this by running `pip install pycaret[models]`
2025-06-18 18:58:54,040:INFO:Engine for model 'rbfsvm' has not been set explicitly, hence returning None.
2025-06-18 18:58:54,052:WARNING:
'xgboost' is a soft dependency and not included in the pycaret installation. Please run: `pip install xgboost` to install.
Alternately, you can install this by running `pip install pycaret[models]`
2025-06-18 18:58:54,053:WARNING:
'catboost' is a soft dependency and not included in the pycaret installation. Please run: `pip install catboost` to install.
Alternately, you can install this by running `pip install pycaret[models]`
2025-06-18 18:58:54,053:INFO:Engine successfully changes for model 'rbfsvm' to 'sklearn'.
2025-06-18 18:58:54,083:WARNING:
'xgboost' is a soft dependency and not included in the pycaret installation. Please run: `pip install xgboost` to install.
Alternately, you can install this by running `pip install pycaret[models]`
2025-06-18 18:58:54,083:WARNING:
'catboost' is a soft dependency and not included in the pycaret installation. Please run: `pip install catboost` to install.
Alternately, you can install this by running `pip install pycaret[models]`
2025-06-18 18:58:54,112:WARNING:
'xgboost' is a soft dependency and not included in the pycaret installation. Please run: `pip install xgboost` to install.
Alternately, you can install this by running `pip install pycaret[models]`
2025-06-18 18:58:54,112:WARNING:
'catboost' is a soft dependency and not included in the pycaret installation. Please run: `pip install catboost` to install.
Alternately, you can install this by running `pip install pycaret[models]`
2025-06-18 18:58:54,117:INFO:Preparing preprocessing pipeline...
2025-06-18 18:58:54,125:INFO:Set up simple imputation.
2025-06-18 18:58:54,131:INFO:Set up column name cleaning.
2025-06-18 18:58:54,287:INFO:Finished creating preprocessing pipeline.
2025-06-18 18:58:54,291:INFO:Pipeline: Pipeline(memory=FastMemory(location=/var/folders/6v/vvlsrhf9375dd2sb2m9p71mc0000gn/T/joblib),
         steps=[('numerical_imputer',
                 TransformerWrapper(exclude=None,
                                    include=['MinTemp', 'MaxTemp', 'Rainfall',
                                             'Evaporation', 'Sunshine',
                                             'WindGustSpeed', 'WindSpeed9am',
                                             'WindSpeed3pm', 'Humidity9am',
                                             'Humidity3pm', 'Pressure9am',
                                             'Pressure3pm', 'Cloud9am',
                                             'Cloud3pm', 'Temp9am...
                ('categorical_imputer',
                 TransformerWrapper(exclude=None, include=[],
                                    transformer=SimpleImputer(add_indicator=False,
                                                              copy=True,
                                                              fill_value=None,
                                                              keep_empty_features=False,
                                                              missing_values=nan,
                                                              strategy='most_frequent'))),
                ('clean_column_names',
                 TransformerWrapper(exclude=None, include=None,
                                    transformer=CleanColumnNames(match='[\\]\\[\\,\\{\\}\\"\\:]+')))],
         verbose=False)
2025-06-18 18:58:54,291:INFO:Creating final display dataframe.
2025-06-18 18:58:54,617:INFO:Setup _display_container:                     Description             Value
0                    Session id                42
1                        Target      RainTomorrow
2                   Target type            Binary
3           Original data shape      (142193, 29)
4        Transformed data shape      (142193, 29)
5   Transformed train set shape      (113754, 29)
6    Transformed test set shape       (28439, 29)
7              Numeric features                25
8      Rows with missing values             60.3%
9                    Preprocess              True
10              Imputation type            simple
11           Numeric imputation              mean
12       Categorical imputation              mode
13               Fold Generator   StratifiedKFold
14                  Fold Number                10
15                     CPU Jobs                -1
16                      Use GPU             False
17               Log Experiment             False
18              Experiment Name  clf-default-name
19                          USI              12e9
2025-06-18 18:58:54,667:WARNING:
'xgboost' is a soft dependency and not included in the pycaret installation. Please run: `pip install xgboost` to install.
Alternately, you can install this by running `pip install pycaret[models]`
2025-06-18 18:58:54,667:WARNING:
'catboost' is a soft dependency and not included in the pycaret installation. Please run: `pip install catboost` to install.
Alternately, you can install this by running `pip install pycaret[models]`
2025-06-18 18:58:54,698:WARNING:
'xgboost' is a soft dependency and not included in the pycaret installation. Please run: `pip install xgboost` to install.
Alternately, you can install this by running `pip install pycaret[models]`
2025-06-18 18:58:54,698:WARNING:
'catboost' is a soft dependency and not included in the pycaret installation. Please run: `pip install catboost` to install.
Alternately, you can install this by running `pip install pycaret[models]`
2025-06-18 18:58:54,699:INFO:setup() successfully completed in 0.9s...............
2025-06-18 18:58:54,711:INFO:Initializing compare_models()
2025-06-18 18:58:54,711:INFO:compare_models(self=<pycaret.classification.oop.ClassificationExperiment object at 0x324778370>, include=None, fold=None, round=4, cross_validation=True, sort=Accuracy, n_select=1, budget_time=None, turbo=True, errors=ignore, fit_kwargs=None, groups=None, experiment_custom_tags=None, probability_threshold=None, verbose=True, parallel=None, caller_params={'self': <pycaret.classification.oop.ClassificationExperiment object at 0x324778370>, 'include': None, 'exclude': None, 'fold': None, 'round': 4, 'cross_validation': True, 'sort': 'Accuracy', 'n_select': 1, 'budget_time': None, 'turbo': True, 'errors': 'ignore', 'fit_kwargs': None, 'groups': None, 'experiment_custom_tags': None, 'probability_threshold': None, 'engine': None, 'verbose': True, 'parallel': None, '__class__': <class 'pycaret.classification.oop.ClassificationExperiment'>}, exclude=None)
2025-06-18 18:58:54,711:INFO:Checking exceptions
2025-06-18 18:58:54,775:INFO:Preparing display monitor
2025-06-18 18:58:54,794:INFO:Initializing Logistic Regression
2025-06-18 18:58:54,795:INFO:Total runtime is 2.1497408548990887e-06 minutes
2025-06-18 18:58:54,797:INFO:SubProcess create_model() called ==================================
2025-06-18 18:58:54,798:INFO:Initializing create_model()
2025-06-18 18:58:54,798:INFO:create_model(self=<pycaret.classification.oop.ClassificationExperiment object at 0x324778370>, estimator=lr, fold=StratifiedKFold(n_splits=10, random_state=None, shuffle=False), round=4, cross_validation=True, predict=True, fit_kwargs={}, groups=None, refit=False, probability_threshold=None, experiment_custom_tags=None, verbose=False, system=False, add_to_model_list=True, metrics=None, display=<pycaret.internal.display.display.CommonDisplay object at 0x32c909ba0>, model_only=True, return_train_score=False, error_score=0.0, kwargs={})
2025-06-18 18:58:54,798:INFO:Checking exceptions
2025-06-18 18:58:54,798:INFO:Importing libraries
2025-06-18 18:58:54,798:INFO:Copying training dataset
2025-06-18 18:58:54,868:INFO:Defining folds
2025-06-18 18:58:54,869:INFO:Declaring metric variables
2025-06-18 18:58:54,870:INFO:Importing untrained model
2025-06-18 18:58:54,871:INFO:Logistic Regression Imported successfully
2025-06-18 18:58:54,874:INFO:Starting cross validation
2025-06-18 18:58:54,875:INFO:Cross validating with StratifiedKFold(n_splits=10, random_state=None, shuffle=False), n_jobs=-1
2025-06-18 18:59:10,951:WARNING:/Users/robertoorazi/Repositories/Facultad/AA1-TUIA-2025C1-Gallardo-Orazi-Oviedo/Clasificacion/aa1/lib/python3.10/site-packages/sklearn/linear_model/_logistic.py:469: ConvergenceWarning: lbfgs failed to converge (status=1):
STOP: TOTAL NO. of ITERATIONS REACHED LIMIT.

Increase the number of iterations (max_iter) or scale the data as shown in:
    https://scikit-learn.org/stable/modules/preprocessing.html
Please also refer to the documentation for alternative solver options:
    https://scikit-learn.org/stable/modules/linear_model.html#logistic-regression
  n_iter_i = _check_optimize_result(

2025-06-18 18:59:11,070:WARNING:/Users/robertoorazi/Repositories/Facultad/AA1-TUIA-2025C1-Gallardo-Orazi-Oviedo/Clasificacion/aa1/lib/python3.10/site-packages/sklearn/linear_model/_logistic.py:469: ConvergenceWarning: lbfgs failed to converge (status=1):
STOP: TOTAL NO. of ITERATIONS REACHED LIMIT.

Increase the number of iterations (max_iter) or scale the data as shown in:
    https://scikit-learn.org/stable/modules/preprocessing.html
Please also refer to the documentation for alternative solver options:
    https://scikit-learn.org/stable/modules/linear_model.html#logistic-regression
  n_iter_i = _check_optimize_result(

2025-06-18 18:59:11,214:WARNING:/Users/robertoorazi/Repositories/Facultad/AA1-TUIA-2025C1-Gallardo-Orazi-Oviedo/Clasificacion/aa1/lib/python3.10/site-packages/sklearn/linear_model/_logistic.py:469: ConvergenceWarning: lbfgs failed to converge (status=1):
STOP: TOTAL NO. of ITERATIONS REACHED LIMIT.

Increase the number of iterations (max_iter) or scale the data as shown in:
    https://scikit-learn.org/stable/modules/preprocessing.html
Please also refer to the documentation for alternative solver options:
    https://scikit-learn.org/stable/modules/linear_model.html#logistic-regression
  n_iter_i = _check_optimize_result(

2025-06-18 18:59:11,287:WARNING:/Users/robertoorazi/Repositories/Facultad/AA1-TUIA-2025C1-Gallardo-Orazi-Oviedo/Clasificacion/aa1/lib/python3.10/site-packages/sklearn/linear_model/_logistic.py:469: ConvergenceWarning: lbfgs failed to converge (status=1):
STOP: TOTAL NO. of ITERATIONS REACHED LIMIT.

Increase the number of iterations (max_iter) or scale the data as shown in:
    https://scikit-learn.org/stable/modules/preprocessing.html
Please also refer to the documentation for alternative solver options:
    https://scikit-learn.org/stable/modules/linear_model.html#logistic-regression
  n_iter_i = _check_optimize_result(

2025-06-18 18:59:11,334:WARNING:/Users/robertoorazi/Repositories/Facultad/AA1-TUIA-2025C1-Gallardo-Orazi-Oviedo/Clasificacion/aa1/lib/python3.10/site-packages/sklearn/linear_model/_logistic.py:469: ConvergenceWarning: lbfgs failed to converge (status=1):
STOP: TOTAL NO. of ITERATIONS REACHED LIMIT.

Increase the number of iterations (max_iter) or scale the data as shown in:
    https://scikit-learn.org/stable/modules/preprocessing.html
Please also refer to the documentation for alternative solver options:
    https://scikit-learn.org/stable/modules/linear_model.html#logistic-regression
  n_iter_i = _check_optimize_result(

2025-06-18 18:59:11,573:WARNING:/Users/robertoorazi/Repositories/Facultad/AA1-TUIA-2025C1-Gallardo-Orazi-Oviedo/Clasificacion/aa1/lib/python3.10/site-packages/sklearn/linear_model/_logistic.py:469: ConvergenceWarning: lbfgs failed to converge (status=1):
STOP: TOTAL NO. of ITERATIONS REACHED LIMIT.

Increase the number of iterations (max_iter) or scale the data as shown in:
    https://scikit-learn.org/stable/modules/preprocessing.html
Please also refer to the documentation for alternative solver options:
    https://scikit-learn.org/stable/modules/linear_model.html#logistic-regression
  n_iter_i = _check_optimize_result(

2025-06-18 18:59:11,618:WARNING:/Users/robertoorazi/Repositories/Facultad/AA1-TUIA-2025C1-Gallardo-Orazi-Oviedo/Clasificacion/aa1/lib/python3.10/site-packages/sklearn/linear_model/_logistic.py:469: ConvergenceWarning: lbfgs failed to converge (status=1):
STOP: TOTAL NO. of ITERATIONS REACHED LIMIT.

Increase the number of iterations (max_iter) or scale the data as shown in:
    https://scikit-learn.org/stable/modules/preprocessing.html
Please also refer to the documentation for alternative solver options:
    https://scikit-learn.org/stable/modules/linear_model.html#logistic-regression
  n_iter_i = _check_optimize_result(

2025-06-18 18:59:11,625:WARNING:/Users/robertoorazi/Repositories/Facultad/AA1-TUIA-2025C1-Gallardo-Orazi-Oviedo/Clasificacion/aa1/lib/python3.10/site-packages/sklearn/linear_model/_logistic.py:469: ConvergenceWarning: lbfgs failed to converge (status=1):
STOP: TOTAL NO. of ITERATIONS REACHED LIMIT.

Increase the number of iterations (max_iter) or scale the data as shown in:
    https://scikit-learn.org/stable/modules/preprocessing.html
Please also refer to the documentation for alternative solver options:
    https://scikit-learn.org/stable/modules/linear_model.html#logistic-regression
  n_iter_i = _check_optimize_result(

2025-06-18 18:59:18,231:WARNING:/Users/robertoorazi/Repositories/Facultad/AA1-TUIA-2025C1-Gallardo-Orazi-Oviedo/Clasificacion/aa1/lib/python3.10/site-packages/sklearn/linear_model/_logistic.py:469: ConvergenceWarning: lbfgs failed to converge (status=1):
STOP: TOTAL NO. of ITERATIONS REACHED LIMIT.

Increase the number of iterations (max_iter) or scale the data as shown in:
    https://scikit-learn.org/stable/modules/preprocessing.html
Please also refer to the documentation for alternative solver options:
    https://scikit-learn.org/stable/modules/linear_model.html#logistic-regression
  n_iter_i = _check_optimize_result(

2025-06-18 18:59:18,295:WARNING:/Users/robertoorazi/Repositories/Facultad/AA1-TUIA-2025C1-Gallardo-Orazi-Oviedo/Clasificacion/aa1/lib/python3.10/site-packages/sklearn/linear_model/_logistic.py:469: ConvergenceWarning: lbfgs failed to converge (status=1):
STOP: TOTAL NO. of ITERATIONS REACHED LIMIT.

Increase the number of iterations (max_iter) or scale the data as shown in:
    https://scikit-learn.org/stable/modules/preprocessing.html
Please also refer to the documentation for alternative solver options:
    https://scikit-learn.org/stable/modules/linear_model.html#logistic-regression
  n_iter_i = _check_optimize_result(

2025-06-18 18:59:18,343:INFO:Calculating mean and std
2025-06-18 18:59:18,349:INFO:Creating metrics dataframe
2025-06-18 18:59:18,363:INFO:Uploading results into container
2025-06-18 18:59:18,364:INFO:Uploading model into container now
2025-06-18 18:59:18,365:INFO:_master_model_container: 1
2025-06-18 18:59:18,365:INFO:_display_container: 2
2025-06-18 18:59:18,366:INFO:LogisticRegression(C=1.0, class_weight=None, dual=False, fit_intercept=True,
                   intercept_scaling=1, l1_ratio=None, max_iter=1000,
                   multi_class='auto', n_jobs=None, penalty='l2',
                   random_state=42, solver='lbfgs', tol=0.0001, verbose=0,
                   warm_start=False)
2025-06-18 18:59:18,366:INFO:create_model() successfully completed......................................
2025-06-18 18:59:20,963:INFO:SubProcess create_model() end ==================================
2025-06-18 18:59:20,964:INFO:Creating metrics dataframe
2025-06-18 18:59:20,969:INFO:Initializing K Neighbors Classifier
2025-06-18 18:59:20,969:INFO:Total runtime is 0.436250634988149 minutes
2025-06-18 18:59:20,971:INFO:SubProcess create_model() called ==================================
2025-06-18 18:59:20,971:INFO:Initializing create_model()
2025-06-18 18:59:20,971:INFO:create_model(self=<pycaret.classification.oop.ClassificationExperiment object at 0x324778370>, estimator=knn, fold=StratifiedKFold(n_splits=10, random_state=None, shuffle=False), round=4, cross_validation=True, predict=True, fit_kwargs={}, groups=None, refit=False, probability_threshold=None, experiment_custom_tags=None, verbose=False, system=False, add_to_model_list=True, metrics=None, display=<pycaret.internal.display.display.CommonDisplay object at 0x32c909ba0>, model_only=True, return_train_score=False, error_score=0.0, kwargs={})
2025-06-18 18:59:20,971:INFO:Checking exceptions
2025-06-18 18:59:20,971:INFO:Importing libraries
2025-06-18 18:59:20,972:INFO:Copying training dataset
2025-06-18 18:59:21,082:INFO:Defining folds
2025-06-18 18:59:21,082:INFO:Declaring metric variables
2025-06-18 18:59:21,086:INFO:Importing untrained model
2025-06-18 18:59:21,089:INFO:K Neighbors Classifier Imported successfully
2025-06-18 18:59:21,094:INFO:Starting cross validation
2025-06-18 18:59:21,095:INFO:Cross validating with StratifiedKFold(n_splits=10, random_state=None, shuffle=False), n_jobs=-1
2025-06-18 18:59:47,339:INFO:Calculating mean and std
2025-06-18 18:59:47,344:INFO:Creating metrics dataframe
2025-06-18 18:59:47,354:INFO:Uploading results into container
2025-06-18 18:59:47,355:INFO:Uploading model into container now
2025-06-18 18:59:47,357:INFO:_master_model_container: 2
2025-06-18 18:59:47,357:INFO:_display_container: 2
2025-06-18 18:59:47,358:INFO:KNeighborsClassifier(algorithm='auto', leaf_size=30, metric='minkowski',
                     metric_params=None, n_jobs=-1, n_neighbors=5, p=2,
                     weights='uniform')
2025-06-18 18:59:47,358:INFO:create_model() successfully completed......................................
2025-06-18 18:59:50,366:INFO:SubProcess create_model() end ==================================
2025-06-18 18:59:50,366:INFO:Creating metrics dataframe
2025-06-18 18:59:50,371:INFO:Initializing Naive Bayes
2025-06-18 18:59:50,371:INFO:Total runtime is 0.9262836694717407 minutes
2025-06-18 18:59:50,373:INFO:SubProcess create_model() called ==================================
2025-06-18 18:59:50,373:INFO:Initializing create_model()
2025-06-18 18:59:50,373:INFO:create_model(self=<pycaret.classification.oop.ClassificationExperiment object at 0x324778370>, estimator=nb, fold=StratifiedKFold(n_splits=10, random_state=None, shuffle=False), round=4, cross_validation=True, predict=True, fit_kwargs={}, groups=None, refit=False, probability_threshold=None, experiment_custom_tags=None, verbose=False, system=False, add_to_model_list=True, metrics=None, display=<pycaret.internal.display.display.CommonDisplay object at 0x32c909ba0>, model_only=True, return_train_score=False, error_score=0.0, kwargs={})
2025-06-18 18:59:50,373:INFO:Checking exceptions
2025-06-18 18:59:50,373:INFO:Importing libraries
2025-06-18 18:59:50,373:INFO:Copying training dataset
2025-06-18 18:59:50,471:INFO:Defining folds
2025-06-18 18:59:50,471:INFO:Declaring metric variables
2025-06-18 18:59:50,472:INFO:Importing untrained model
2025-06-18 18:59:50,474:INFO:Naive Bayes Imported successfully
2025-06-18 18:59:50,477:INFO:Starting cross validation
2025-06-18 18:59:50,478:INFO:Cross validating with StratifiedKFold(n_splits=10, random_state=None, shuffle=False), n_jobs=-1
2025-06-18 18:59:51,919:INFO:Calculating mean and std
2025-06-18 18:59:51,922:INFO:Creating metrics dataframe
2025-06-18 18:59:51,930:INFO:Uploading results into container
2025-06-18 18:59:51,933:INFO:Uploading model into container now
2025-06-18 18:59:51,935:INFO:_master_model_container: 3
2025-06-18 18:59:51,936:INFO:_display_container: 2
2025-06-18 18:59:51,937:INFO:GaussianNB(priors=None, var_smoothing=1e-09)
2025-06-18 18:59:51,937:INFO:create_model() successfully completed......................................
2025-06-18 18:59:52,413:INFO:SubProcess create_model() end ==================================
2025-06-18 18:59:52,413:INFO:Creating metrics dataframe
2025-06-18 18:59:52,419:INFO:Initializing Decision Tree Classifier
2025-06-18 18:59:52,419:INFO:Total runtime is 0.9604101339975992 minutes
2025-06-18 18:59:52,421:INFO:SubProcess create_model() called ==================================
2025-06-18 18:59:52,421:INFO:Initializing create_model()
2025-06-18 18:59:52,421:INFO:create_model(self=<pycaret.classification.oop.ClassificationExperiment object at 0x324778370>, estimator=dt, fold=StratifiedKFold(n_splits=10, random_state=None, shuffle=False), round=4, cross_validation=True, predict=True, fit_kwargs={}, groups=None, refit=False, probability_threshold=None, experiment_custom_tags=None, verbose=False, system=False, add_to_model_list=True, metrics=None, display=<pycaret.internal.display.display.CommonDisplay object at 0x32c909ba0>, model_only=True, return_train_score=False, error_score=0.0, kwargs={})
2025-06-18 18:59:52,421:INFO:Checking exceptions
2025-06-18 18:59:52,421:INFO:Importing libraries
2025-06-18 18:59:52,421:INFO:Copying training dataset
2025-06-18 18:59:52,506:INFO:Defining folds
2025-06-18 18:59:52,506:INFO:Declaring metric variables
2025-06-18 18:59:52,508:INFO:Importing untrained model
2025-06-18 18:59:52,510:INFO:Decision Tree Classifier Imported successfully
2025-06-18 18:59:52,514:INFO:Starting cross validation
2025-06-18 18:59:52,516:INFO:Cross validating with StratifiedKFold(n_splits=10, random_state=None, shuffle=False), n_jobs=-1
2025-06-18 18:59:57,370:INFO:Calculating mean and std
2025-06-18 18:59:57,379:INFO:Creating metrics dataframe
2025-06-18 18:59:57,387:INFO:Uploading results into container
2025-06-18 18:59:57,388:INFO:Uploading model into container now
2025-06-18 18:59:57,388:INFO:_master_model_container: 4
2025-06-18 18:59:57,388:INFO:_display_container: 2
2025-06-18 18:59:57,389:INFO:DecisionTreeClassifier(ccp_alpha=0.0, class_weight=None, criterion='gini',
                       max_depth=None, max_features=None, max_leaf_nodes=None,
                       min_impurity_decrease=0.0, min_samples_leaf=1,
                       min_samples_split=2, min_weight_fraction_leaf=0.0,
                       monotonic_cst=None, random_state=42, splitter='best')
2025-06-18 18:59:57,389:INFO:create_model() successfully completed......................................
2025-06-18 18:59:57,773:INFO:SubProcess create_model() end ==================================
2025-06-18 18:59:57,774:INFO:Creating metrics dataframe
2025-06-18 18:59:57,778:INFO:Initializing SVM - Linear Kernel
2025-06-18 18:59:57,778:INFO:Total runtime is 1.049731731414795 minutes
2025-06-18 18:59:57,781:INFO:SubProcess create_model() called ==================================
2025-06-18 18:59:57,782:INFO:Initializing create_model()
2025-06-18 18:59:57,782:INFO:create_model(self=<pycaret.classification.oop.ClassificationExperiment object at 0x324778370>, estimator=svm, fold=StratifiedKFold(n_splits=10, random_state=None, shuffle=False), round=4, cross_validation=True, predict=True, fit_kwargs={}, groups=None, refit=False, probability_threshold=None, experiment_custom_tags=None, verbose=False, system=False, add_to_model_list=True, metrics=None, display=<pycaret.internal.display.display.CommonDisplay object at 0x32c909ba0>, model_only=True, return_train_score=False, error_score=0.0, kwargs={})
2025-06-18 18:59:57,782:INFO:Checking exceptions
2025-06-18 18:59:57,782:INFO:Importing libraries
2025-06-18 18:59:57,782:INFO:Copying training dataset
2025-06-18 18:59:57,863:INFO:Defining folds
2025-06-18 18:59:57,864:INFO:Declaring metric variables
2025-06-18 18:59:57,866:INFO:Importing untrained model
2025-06-18 18:59:57,868:INFO:SVM - Linear Kernel Imported successfully
2025-06-18 18:59:57,872:INFO:Starting cross validation
2025-06-18 18:59:57,873:INFO:Cross validating with StratifiedKFold(n_splits=10, random_state=None, shuffle=False), n_jobs=-1
2025-06-18 19:00:16,568:INFO:Calculating mean and std
2025-06-18 19:00:16,571:INFO:Creating metrics dataframe
2025-06-18 19:00:16,591:INFO:Uploading results into container
2025-06-18 19:00:16,595:INFO:Uploading model into container now
2025-06-18 19:00:16,596:INFO:_master_model_container: 5
2025-06-18 19:00:16,597:INFO:_display_container: 2
2025-06-18 19:00:16,599:INFO:SGDClassifier(alpha=0.0001, average=False, class_weight=None,
              early_stopping=False, epsilon=0.1, eta0=0.001, fit_intercept=True,
              l1_ratio=0.15, learning_rate='optimal', loss='hinge',
              max_iter=1000, n_iter_no_change=5, n_jobs=-1, penalty='l2',
              power_t=0.5, random_state=42, shuffle=True, tol=0.001,
              validation_fraction=0.1, verbose=0, warm_start=False)
2025-06-18 19:00:16,600:INFO:create_model() successfully completed......................................
2025-06-18 19:00:17,172:INFO:SubProcess create_model() end ==================================
2025-06-18 19:00:17,172:INFO:Creating metrics dataframe
2025-06-18 19:00:17,182:INFO:Initializing Ridge Classifier
2025-06-18 19:00:17,182:INFO:Total runtime is 1.3731305519739787 minutes
2025-06-18 19:00:17,185:INFO:SubProcess create_model() called ==================================
2025-06-18 19:00:17,185:INFO:Initializing create_model()
2025-06-18 19:00:17,185:INFO:create_model(self=<pycaret.classification.oop.ClassificationExperiment object at 0x324778370>, estimator=ridge, fold=StratifiedKFold(n_splits=10, random_state=None, shuffle=False), round=4, cross_validation=True, predict=True, fit_kwargs={}, groups=None, refit=False, probability_threshold=None, experiment_custom_tags=None, verbose=False, system=False, add_to_model_list=True, metrics=None, display=<pycaret.internal.display.display.CommonDisplay object at 0x32c909ba0>, model_only=True, return_train_score=False, error_score=0.0, kwargs={})
2025-06-18 19:00:17,185:INFO:Checking exceptions
2025-06-18 19:00:17,185:INFO:Importing libraries
2025-06-18 19:00:17,185:INFO:Copying training dataset
2025-06-18 19:00:17,280:INFO:Defining folds
2025-06-18 19:00:17,280:INFO:Declaring metric variables
2025-06-18 19:00:17,282:INFO:Importing untrained model
2025-06-18 19:00:17,284:INFO:Ridge Classifier Imported successfully
2025-06-18 19:00:17,288:INFO:Starting cross validation
2025-06-18 19:00:17,288:INFO:Cross validating with StratifiedKFold(n_splits=10, random_state=None, shuffle=False), n_jobs=-1
2025-06-18 19:00:18,503:INFO:Calculating mean and std
2025-06-18 19:00:18,506:INFO:Creating metrics dataframe
2025-06-18 19:00:18,518:INFO:Uploading results into container
2025-06-18 19:00:18,520:INFO:Uploading model into container now
2025-06-18 19:00:18,521:INFO:_master_model_container: 6
2025-06-18 19:00:18,521:INFO:_display_container: 2
2025-06-18 19:00:18,522:INFO:RidgeClassifier(alpha=1.0, class_weight=None, copy_X=True, fit_intercept=True,
                max_iter=None, positive=False, random_state=42, solver='auto',
                tol=0.0001)
2025-06-18 19:00:18,522:INFO:create_model() successfully completed......................................
2025-06-18 19:00:18,941:INFO:SubProcess create_model() end ==================================
2025-06-18 19:00:18,942:INFO:Creating metrics dataframe
2025-06-18 19:00:18,948:INFO:Initializing Random Forest Classifier
2025-06-18 19:00:18,948:INFO:Total runtime is 1.402554480234782 minutes
2025-06-18 19:00:18,949:INFO:SubProcess create_model() called ==================================
2025-06-18 19:00:18,950:INFO:Initializing create_model()
2025-06-18 19:00:18,950:INFO:create_model(self=<pycaret.classification.oop.ClassificationExperiment object at 0x324778370>, estimator=rf, fold=StratifiedKFold(n_splits=10, random_state=None, shuffle=False), round=4, cross_validation=True, predict=True, fit_kwargs={}, groups=None, refit=False, probability_threshold=None, experiment_custom_tags=None, verbose=False, system=False, add_to_model_list=True, metrics=None, display=<pycaret.internal.display.display.CommonDisplay object at 0x32c909ba0>, model_only=True, return_train_score=False, error_score=0.0, kwargs={})
2025-06-18 19:00:18,950:INFO:Checking exceptions
2025-06-18 19:00:18,950:INFO:Importing libraries
2025-06-18 19:00:18,950:INFO:Copying training dataset
2025-06-18 19:00:19,059:INFO:Defining folds
2025-06-18 19:00:19,059:INFO:Declaring metric variables
2025-06-18 19:00:19,061:INFO:Importing untrained model
2025-06-18 19:00:19,067:INFO:Random Forest Classifier Imported successfully
2025-06-18 19:00:19,073:INFO:Starting cross validation
2025-06-18 19:00:19,074:INFO:Cross validating with StratifiedKFold(n_splits=10, random_state=None, shuffle=False), n_jobs=-1
2025-06-18 19:01:03,133:INFO:Calculating mean and std
2025-06-18 19:01:03,136:INFO:Creating metrics dataframe
2025-06-18 19:01:03,144:INFO:Uploading results into container
2025-06-18 19:01:03,145:INFO:Uploading model into container now
2025-06-18 19:01:03,146:INFO:_master_model_container: 7
2025-06-18 19:01:03,147:INFO:_display_container: 2
2025-06-18 19:01:03,150:INFO:RandomForestClassifier(bootstrap=True, ccp_alpha=0.0, class_weight=None,
                       criterion='gini', max_depth=None, max_features='sqrt',
                       max_leaf_nodes=None, max_samples=None,
                       min_impurity_decrease=0.0, min_samples_leaf=1,
                       min_samples_split=2, min_weight_fraction_leaf=0.0,
                       monotonic_cst=None, n_estimators=100, n_jobs=-1,
                       oob_score=False, random_state=42, verbose=0,
                       warm_start=False)
2025-06-18 19:01:03,150:INFO:create_model() successfully completed......................................
2025-06-18 19:01:03,557:INFO:SubProcess create_model() end ==================================
2025-06-18 19:01:03,557:INFO:Creating metrics dataframe
2025-06-18 19:01:03,562:INFO:Initializing Quadratic Discriminant Analysis
2025-06-18 19:01:03,563:INFO:Total runtime is 2.1461360653241477 minutes
2025-06-18 19:01:03,565:INFO:SubProcess create_model() called ==================================
2025-06-18 19:01:03,566:INFO:Initializing create_model()
2025-06-18 19:01:03,566:INFO:create_model(self=<pycaret.classification.oop.ClassificationExperiment object at 0x324778370>, estimator=qda, fold=StratifiedKFold(n_splits=10, random_state=None, shuffle=False), round=4, cross_validation=True, predict=True, fit_kwargs={}, groups=None, refit=False, probability_threshold=None, experiment_custom_tags=None, verbose=False, system=False, add_to_model_list=True, metrics=None, display=<pycaret.internal.display.display.CommonDisplay object at 0x32c909ba0>, model_only=True, return_train_score=False, error_score=0.0, kwargs={})
2025-06-18 19:01:03,566:INFO:Checking exceptions
2025-06-18 19:01:03,567:INFO:Importing libraries
2025-06-18 19:01:03,567:INFO:Copying training dataset
2025-06-18 19:01:03,659:INFO:Defining folds
2025-06-18 19:01:03,659:INFO:Declaring metric variables
2025-06-18 19:01:03,661:INFO:Importing untrained model
2025-06-18 19:01:03,662:INFO:Quadratic Discriminant Analysis Imported successfully
2025-06-18 19:01:03,665:INFO:Starting cross validation
2025-06-18 19:01:03,666:INFO:Cross validating with StratifiedKFold(n_splits=10, random_state=None, shuffle=False), n_jobs=-1
2025-06-18 19:01:05,038:INFO:Calculating mean and std
2025-06-18 19:01:05,041:INFO:Creating metrics dataframe
2025-06-18 19:01:05,045:INFO:Uploading results into container
2025-06-18 19:01:05,046:INFO:Uploading model into container now
2025-06-18 19:01:05,046:INFO:_master_model_container: 8
2025-06-18 19:01:05,046:INFO:_display_container: 2
2025-06-18 19:01:05,047:INFO:QuadraticDiscriminantAnalysis(priors=None, reg_param=0.0,
                              store_covariance=False, tol=0.0001)
2025-06-18 19:01:05,047:INFO:create_model() successfully completed......................................
2025-06-18 19:01:05,380:INFO:SubProcess create_model() end ==================================
2025-06-18 19:01:05,381:INFO:Creating metrics dataframe
2025-06-18 19:01:05,386:INFO:Initializing Ada Boost Classifier
2025-06-18 19:01:05,386:INFO:Total runtime is 2.1765250007311505 minutes
2025-06-18 19:01:05,387:INFO:SubProcess create_model() called ==================================
2025-06-18 19:01:05,388:INFO:Initializing create_model()
2025-06-18 19:01:05,388:INFO:create_model(self=<pycaret.classification.oop.ClassificationExperiment object at 0x324778370>, estimator=ada, fold=StratifiedKFold(n_splits=10, random_state=None, shuffle=False), round=4, cross_validation=True, predict=True, fit_kwargs={}, groups=None, refit=False, probability_threshold=None, experiment_custom_tags=None, verbose=False, system=False, add_to_model_list=True, metrics=None, display=<pycaret.internal.display.display.CommonDisplay object at 0x32c909ba0>, model_only=True, return_train_score=False, error_score=0.0, kwargs={})
2025-06-18 19:01:05,388:INFO:Checking exceptions
2025-06-18 19:01:05,388:INFO:Importing libraries
2025-06-18 19:01:05,388:INFO:Copying training dataset
2025-06-18 19:01:05,468:INFO:Defining folds
2025-06-18 19:01:05,469:INFO:Declaring metric variables
2025-06-18 19:01:05,470:INFO:Importing untrained model
2025-06-18 19:01:05,472:INFO:Ada Boost Classifier Imported successfully
2025-06-18 19:01:05,475:INFO:Starting cross validation
2025-06-18 19:01:05,475:INFO:Cross validating with StratifiedKFold(n_splits=10, random_state=None, shuffle=False), n_jobs=-1
2025-06-18 19:01:05,649:WARNING:/Users/robertoorazi/Repositories/Facultad/AA1-TUIA-2025C1-Gallardo-Orazi-Oviedo/Clasificacion/aa1/lib/python3.10/site-packages/sklearn/ensemble/_weight_boosting.py:519: FutureWarning: The SAMME.R algorithm (the default) is deprecated and will be removed in 1.6. Use the SAMME algorithm to circumvent this warning.
  warnings.warn(

2025-06-18 19:01:05,700:WARNING:/Users/robertoorazi/Repositories/Facultad/AA1-TUIA-2025C1-Gallardo-Orazi-Oviedo/Clasificacion/aa1/lib/python3.10/site-packages/sklearn/ensemble/_weight_boosting.py:519: FutureWarning: The SAMME.R algorithm (the default) is deprecated and will be removed in 1.6. Use the SAMME algorithm to circumvent this warning.
  warnings.warn(

2025-06-18 19:01:05,760:WARNING:/Users/robertoorazi/Repositories/Facultad/AA1-TUIA-2025C1-Gallardo-Orazi-Oviedo/Clasificacion/aa1/lib/python3.10/site-packages/sklearn/ensemble/_weight_boosting.py:519: FutureWarning: The SAMME.R algorithm (the default) is deprecated and will be removed in 1.6. Use the SAMME algorithm to circumvent this warning.
  warnings.warn(

2025-06-18 19:01:05,818:WARNING:/Users/robertoorazi/Repositories/Facultad/AA1-TUIA-2025C1-Gallardo-Orazi-Oviedo/Clasificacion/aa1/lib/python3.10/site-packages/sklearn/ensemble/_weight_boosting.py:519: FutureWarning: The SAMME.R algorithm (the default) is deprecated and will be removed in 1.6. Use the SAMME algorithm to circumvent this warning.
  warnings.warn(

2025-06-18 19:01:05,922:WARNING:/Users/robertoorazi/Repositories/Facultad/AA1-TUIA-2025C1-Gallardo-Orazi-Oviedo/Clasificacion/aa1/lib/python3.10/site-packages/sklearn/ensemble/_weight_boosting.py:519: FutureWarning: The SAMME.R algorithm (the default) is deprecated and will be removed in 1.6. Use the SAMME algorithm to circumvent this warning.
  warnings.warn(

2025-06-18 19:01:06,029:WARNING:/Users/robertoorazi/Repositories/Facultad/AA1-TUIA-2025C1-Gallardo-Orazi-Oviedo/Clasificacion/aa1/lib/python3.10/site-packages/sklearn/ensemble/_weight_boosting.py:519: FutureWarning: The SAMME.R algorithm (the default) is deprecated and will be removed in 1.6. Use the SAMME algorithm to circumvent this warning.
  warnings.warn(

2025-06-18 19:01:06,153:WARNING:/Users/robertoorazi/Repositories/Facultad/AA1-TUIA-2025C1-Gallardo-Orazi-Oviedo/Clasificacion/aa1/lib/python3.10/site-packages/sklearn/ensemble/_weight_boosting.py:519: FutureWarning: The SAMME.R algorithm (the default) is deprecated and will be removed in 1.6. Use the SAMME algorithm to circumvent this warning.
  warnings.warn(

2025-06-18 19:01:06,321:WARNING:/Users/robertoorazi/Repositories/Facultad/AA1-TUIA-2025C1-Gallardo-Orazi-Oviedo/Clasificacion/aa1/lib/python3.10/site-packages/sklearn/ensemble/_weight_boosting.py:519: FutureWarning: The SAMME.R algorithm (the default) is deprecated and will be removed in 1.6. Use the SAMME algorithm to circumvent this warning.
  warnings.warn(

2025-06-18 19:01:12,603:WARNING:/Users/robertoorazi/Repositories/Facultad/AA1-TUIA-2025C1-Gallardo-Orazi-Oviedo/Clasificacion/aa1/lib/python3.10/site-packages/sklearn/ensemble/_weight_boosting.py:519: FutureWarning: The SAMME.R algorithm (the default) is deprecated and will be removed in 1.6. Use the SAMME algorithm to circumvent this warning.
  warnings.warn(

2025-06-18 19:01:12,802:WARNING:/Users/robertoorazi/Repositories/Facultad/AA1-TUIA-2025C1-Gallardo-Orazi-Oviedo/Clasificacion/aa1/lib/python3.10/site-packages/sklearn/ensemble/_weight_boosting.py:519: FutureWarning: The SAMME.R algorithm (the default) is deprecated and will be removed in 1.6. Use the SAMME algorithm to circumvent this warning.
  warnings.warn(

2025-06-18 19:01:17,259:INFO:Calculating mean and std
2025-06-18 19:01:17,262:INFO:Creating metrics dataframe
2025-06-18 19:01:17,273:INFO:Uploading results into container
2025-06-18 19:01:17,274:INFO:Uploading model into container now
2025-06-18 19:01:17,275:INFO:_master_model_container: 9
2025-06-18 19:01:17,275:INFO:_display_container: 2
2025-06-18 19:01:17,275:INFO:AdaBoostClassifier(algorithm='SAMME.R', estimator=None, learning_rate=1.0,
                   n_estimators=50, random_state=42)
2025-06-18 19:01:17,275:INFO:create_model() successfully completed......................................
2025-06-18 19:01:17,596:INFO:SubProcess create_model() end ==================================
2025-06-18 19:01:17,597:INFO:Creating metrics dataframe
2025-06-18 19:01:17,602:INFO:Initializing Gradient Boosting Classifier
2025-06-18 19:01:17,602:INFO:Total runtime is 2.38012596766154 minutes
2025-06-18 19:01:17,604:INFO:SubProcess create_model() called ==================================
2025-06-18 19:01:17,604:INFO:Initializing create_model()
2025-06-18 19:01:17,604:INFO:create_model(self=<pycaret.classification.oop.ClassificationExperiment object at 0x324778370>, estimator=gbc, fold=StratifiedKFold(n_splits=10, random_state=None, shuffle=False), round=4, cross_validation=True, predict=True, fit_kwargs={}, groups=None, refit=False, probability_threshold=None, experiment_custom_tags=None, verbose=False, system=False, add_to_model_list=True, metrics=None, display=<pycaret.internal.display.display.CommonDisplay object at 0x32c909ba0>, model_only=True, return_train_score=False, error_score=0.0, kwargs={})
2025-06-18 19:01:17,604:INFO:Checking exceptions
2025-06-18 19:01:17,604:INFO:Importing libraries
2025-06-18 19:01:17,605:INFO:Copying training dataset
2025-06-18 19:01:17,685:INFO:Defining folds
2025-06-18 19:01:17,686:INFO:Declaring metric variables
2025-06-18 19:01:17,687:INFO:Importing untrained model
2025-06-18 19:01:17,689:INFO:Gradient Boosting Classifier Imported successfully
2025-06-18 19:01:17,692:INFO:Starting cross validation
2025-06-18 19:01:17,693:INFO:Cross validating with StratifiedKFold(n_splits=10, random_state=None, shuffle=False), n_jobs=-1
2025-06-18 19:02:12,663:INFO:Calculating mean and std
2025-06-18 19:02:12,666:INFO:Creating metrics dataframe
2025-06-18 19:02:12,669:INFO:Uploading results into container
2025-06-18 19:02:12,670:INFO:Uploading model into container now
2025-06-18 19:02:12,670:INFO:_master_model_container: 10
2025-06-18 19:02:12,670:INFO:_display_container: 2
2025-06-18 19:02:12,671:INFO:GradientBoostingClassifier(ccp_alpha=0.0, criterion='friedman_mse', init=None,
                           learning_rate=0.1, loss='log_loss', max_depth=3,
                           max_features=None, max_leaf_nodes=None,
                           min_impurity_decrease=0.0, min_samples_leaf=1,
                           min_samples_split=2, min_weight_fraction_leaf=0.0,
                           n_estimators=100, n_iter_no_change=None,
                           random_state=42, subsample=1.0, tol=0.0001,
                           validation_fraction=0.1, verbose=0,
                           warm_start=False)
2025-06-18 19:02:12,671:INFO:create_model() successfully completed......................................
2025-06-18 19:02:13,022:INFO:SubProcess create_model() end ==================================
2025-06-18 19:02:13,022:INFO:Creating metrics dataframe
2025-06-18 19:02:13,029:INFO:Initializing Linear Discriminant Analysis
2025-06-18 19:02:13,029:INFO:Total runtime is 3.303916386763255 minutes
2025-06-18 19:02:13,032:INFO:SubProcess create_model() called ==================================
2025-06-18 19:02:13,033:INFO:Initializing create_model()
2025-06-18 19:02:13,033:INFO:create_model(self=<pycaret.classification.oop.ClassificationExperiment object at 0x324778370>, estimator=lda, fold=StratifiedKFold(n_splits=10, random_state=None, shuffle=False), round=4, cross_validation=True, predict=True, fit_kwargs={}, groups=None, refit=False, probability_threshold=None, experiment_custom_tags=None, verbose=False, system=False, add_to_model_list=True, metrics=None, display=<pycaret.internal.display.display.CommonDisplay object at 0x32c909ba0>, model_only=True, return_train_score=False, error_score=0.0, kwargs={})
2025-06-18 19:02:13,033:INFO:Checking exceptions
2025-06-18 19:02:13,033:INFO:Importing libraries
2025-06-18 19:02:13,033:INFO:Copying training dataset
2025-06-18 19:02:13,114:INFO:Defining folds
2025-06-18 19:02:13,115:INFO:Declaring metric variables
2025-06-18 19:02:13,117:INFO:Importing untrained model
2025-06-18 19:02:13,119:INFO:Linear Discriminant Analysis Imported successfully
2025-06-18 19:02:13,123:INFO:Starting cross validation
2025-06-18 19:02:13,123:INFO:Cross validating with StratifiedKFold(n_splits=10, random_state=None, shuffle=False), n_jobs=-1
2025-06-18 19:02:14,865:INFO:Calculating mean and std
2025-06-18 19:02:14,870:INFO:Creating metrics dataframe
2025-06-18 19:02:14,874:INFO:Uploading results into container
2025-06-18 19:02:14,876:INFO:Uploading model into container now
2025-06-18 19:02:14,879:INFO:_master_model_container: 11
2025-06-18 19:02:14,880:INFO:_display_container: 2
2025-06-18 19:02:14,881:INFO:LinearDiscriminantAnalysis(covariance_estimator=None, n_components=None,
                           priors=None, shrinkage=None, solver='svd',
                           store_covariance=False, tol=0.0001)
2025-06-18 19:02:14,882:INFO:create_model() successfully completed......................................
2025-06-18 19:02:15,275:INFO:SubProcess create_model() end ==================================
2025-06-18 19:02:15,275:INFO:Creating metrics dataframe
2025-06-18 19:02:15,280:INFO:Initializing Extra Trees Classifier
2025-06-18 19:02:15,280:INFO:Total runtime is 3.3414307673772177 minutes
2025-06-18 19:02:15,282:INFO:SubProcess create_model() called ==================================
2025-06-18 19:02:15,282:INFO:Initializing create_model()
2025-06-18 19:02:15,282:INFO:create_model(self=<pycaret.classification.oop.ClassificationExperiment object at 0x324778370>, estimator=et, fold=StratifiedKFold(n_splits=10, random_state=None, shuffle=False), round=4, cross_validation=True, predict=True, fit_kwargs={}, groups=None, refit=False, probability_threshold=None, experiment_custom_tags=None, verbose=False, system=False, add_to_model_list=True, metrics=None, display=<pycaret.internal.display.display.CommonDisplay object at 0x32c909ba0>, model_only=True, return_train_score=False, error_score=0.0, kwargs={})
2025-06-18 19:02:15,282:INFO:Checking exceptions
2025-06-18 19:02:15,282:INFO:Importing libraries
2025-06-18 19:02:15,283:INFO:Copying training dataset
2025-06-18 19:02:15,362:INFO:Defining folds
2025-06-18 19:02:15,362:INFO:Declaring metric variables
2025-06-18 19:02:15,364:INFO:Importing untrained model
2025-06-18 19:02:15,366:INFO:Extra Trees Classifier Imported successfully
2025-06-18 19:02:15,369:INFO:Starting cross validation
2025-06-18 19:02:15,369:INFO:Cross validating with StratifiedKFold(n_splits=10, random_state=None, shuffle=False), n_jobs=-1
2025-06-18 19:02:47,590:INFO:Calculating mean and std
2025-06-18 19:02:47,595:INFO:Creating metrics dataframe
2025-06-18 19:02:47,600:INFO:Uploading results into container
2025-06-18 19:02:47,601:INFO:Uploading model into container now
2025-06-18 19:02:47,604:INFO:_master_model_container: 12
2025-06-18 19:02:47,605:INFO:_display_container: 2
2025-06-18 19:02:47,607:INFO:ExtraTreesClassifier(bootstrap=False, ccp_alpha=0.0, class_weight=None,
                     criterion='gini', max_depth=None, max_features='sqrt',
                     max_leaf_nodes=None, max_samples=None,
                     min_impurity_decrease=0.0, min_samples_leaf=1,
                     min_samples_split=2, min_weight_fraction_leaf=0.0,
                     monotonic_cst=None, n_estimators=100, n_jobs=-1,
                     oob_score=False, random_state=42, verbose=0,
                     warm_start=False)
2025-06-18 19:02:47,607:INFO:create_model() successfully completed......................................
2025-06-18 19:02:48,087:INFO:SubProcess create_model() end ==================================
2025-06-18 19:02:48,087:INFO:Creating metrics dataframe
2025-06-18 19:02:48,097:INFO:Initializing Light Gradient Boosting Machine
2025-06-18 19:02:48,097:INFO:Total runtime is 3.8883798003196715 minutes
2025-06-18 19:02:48,101:INFO:SubProcess create_model() called ==================================
2025-06-18 19:02:48,101:INFO:Initializing create_model()
2025-06-18 19:02:48,101:INFO:create_model(self=<pycaret.classification.oop.ClassificationExperiment object at 0x324778370>, estimator=lightgbm, fold=StratifiedKFold(n_splits=10, random_state=None, shuffle=False), round=4, cross_validation=True, predict=True, fit_kwargs={}, groups=None, refit=False, probability_threshold=None, experiment_custom_tags=None, verbose=False, system=False, add_to_model_list=True, metrics=None, display=<pycaret.internal.display.display.CommonDisplay object at 0x32c909ba0>, model_only=True, return_train_score=False, error_score=0.0, kwargs={})
2025-06-18 19:02:48,101:INFO:Checking exceptions
2025-06-18 19:02:48,101:INFO:Importing libraries
2025-06-18 19:02:48,102:INFO:Copying training dataset
2025-06-18 19:02:48,211:INFO:Defining folds
2025-06-18 19:02:48,212:INFO:Declaring metric variables
2025-06-18 19:02:48,215:INFO:Importing untrained model
2025-06-18 19:02:48,222:INFO:Light Gradient Boosting Machine Imported successfully
2025-06-18 19:02:48,229:INFO:Starting cross validation
2025-06-18 19:02:48,230:INFO:Cross validating with StratifiedKFold(n_splits=10, random_state=None, shuffle=False), n_jobs=-1
2025-06-18 19:02:52,228:INFO:[LightGBM] [Warning] Found whitespace in feature_names, replace with underlines
2025-06-18 19:02:52,231:INFO:[LightGBM] [Info] Number of positive: 22982, number of negative: 79396
2025-06-18 19:02:52,248:INFO:[LightGBM] [Info] Auto-choosing col-wise multi-threading, the overhead of testing was 0.011958 seconds.
2025-06-18 19:02:52,248:INFO:You can set `force_col_wise=true` to remove the overhead.
2025-06-18 19:02:52,248:INFO:[LightGBM] [Info] Total Bins 2686
2025-06-18 19:02:52,249:INFO:[LightGBM] [Info] Number of data points in the train set: 102378, number of used features: 28
2025-06-18 19:02:52,249:INFO:[LightGBM] [Info] [binary:BoostFromScore]: pavg=0.224482 -> initscore=-1.239737
2025-06-18 19:02:52,249:INFO:[LightGBM] [Info] Start training from score -1.239737
2025-06-18 19:02:52,615:INFO:[LightGBM] [Warning] Found whitespace in feature_names, replace with underlines
2025-06-18 19:02:52,625:INFO:[LightGBM] [Info] Number of positive: 22982, number of negative: 79396
2025-06-18 19:02:52,643:INFO:[LightGBM] [Info] Auto-choosing col-wise multi-threading, the overhead of testing was 0.012186 seconds.
2025-06-18 19:02:52,643:INFO:You can set `force_col_wise=true` to remove the overhead.
2025-06-18 19:02:52,673:INFO:[LightGBM] [Info] Total Bins 2681
2025-06-18 19:02:52,674:INFO:[LightGBM] [Info] Number of data points in the train set: 102378, number of used features: 28
2025-06-18 19:02:52,674:INFO:[LightGBM] [Info] [binary:BoostFromScore]: pavg=0.224482 -> initscore=-1.239737
2025-06-18 19:02:52,674:INFO:[LightGBM] [Info] Start training from score -1.239737
2025-06-18 19:02:52,681:INFO:[LightGBM] [Warning] Found whitespace in feature_names, replace with underlines
2025-06-18 19:02:52,681:INFO:[LightGBM] [Info] Number of positive: 22983, number of negative: 79396
2025-06-18 19:02:52,743:INFO:[LightGBM] [Info] Auto-choosing row-wise multi-threading, the overhead of testing was 0.035498 seconds.
2025-06-18 19:02:52,743:INFO:You can set `force_row_wise=true` to remove the overhead.
2025-06-18 19:02:52,743:INFO:And if memory is not enough, you can set `force_col_wise=true`.
2025-06-18 19:02:52,743:INFO:[LightGBM] [Info] Total Bins 2683
2025-06-18 19:02:52,744:INFO:[LightGBM] [Info] Number of data points in the train set: 102379, number of used features: 28
2025-06-18 19:02:52,744:INFO:[LightGBM] [Info] [binary:BoostFromScore]: pavg=0.224489 -> initscore=-1.239693
2025-06-18 19:02:52,744:INFO:[LightGBM] [Info] Start training from score -1.239693
2025-06-18 19:02:52,747:INFO:[LightGBM] [Warning] Found whitespace in feature_names, replace with underlines
2025-06-18 19:02:52,749:INFO:[LightGBM] [Warning] Found whitespace in feature_names, replace with underlines
2025-06-18 19:02:52,751:INFO:[LightGBM] [Info] Number of positive: 22982, number of negative: 79396
2025-06-18 19:02:52,762:INFO:[LightGBM] [Info] Number of positive: 22983, number of negative: 79396
2025-06-18 19:02:52,778:INFO:[LightGBM] [Info] Auto-choosing row-wise multi-threading, the overhead of testing was 0.005928 seconds.
2025-06-18 19:02:52,778:INFO:You can set `force_row_wise=true` to remove the overhead.
2025-06-18 19:02:52,778:INFO:And if memory is not enough, you can set `force_col_wise=true`.
2025-06-18 19:02:52,778:INFO:[LightGBM] [Info] Total Bins 2682
2025-06-18 19:02:52,778:INFO:[LightGBM] [Info] Auto-choosing row-wise multi-threading, the overhead of testing was 0.009983 seconds.
2025-06-18 19:02:52,778:INFO:You can set `force_row_wise=true` to remove the overhead.
2025-06-18 19:02:52,778:INFO:And if memory is not enough, you can set `force_col_wise=true`.
2025-06-18 19:02:52,778:INFO:[LightGBM] [Info] Total Bins 2683
2025-06-18 19:02:52,779:INFO:[LightGBM] [Info] Number of data points in the train set: 102379, number of used features: 28
2025-06-18 19:02:52,779:INFO:[LightGBM] [Info] Number of data points in the train set: 102378, number of used features: 28
2025-06-18 19:02:52,780:INFO:[LightGBM] [Info] [binary:BoostFromScore]: pavg=0.224489 -> initscore=-1.239693
2025-06-18 19:02:52,780:INFO:[LightGBM] [Info] Start training from score -1.239693
2025-06-18 19:02:52,781:INFO:[LightGBM] [Info] [binary:BoostFromScore]: pavg=0.224482 -> initscore=-1.239737
2025-06-18 19:02:52,781:INFO:[LightGBM] [Info] Start training from score -1.239737
2025-06-18 19:02:52,805:INFO:[LightGBM] [Warning] Found whitespace in feature_names, replace with underlines
2025-06-18 19:02:52,806:INFO:[LightGBM] [Info] Number of positive: 22983, number of negative: 79396
2025-06-18 19:02:52,822:INFO:[LightGBM] [Info] Auto-choosing row-wise multi-threading, the overhead of testing was 0.008853 seconds.
2025-06-18 19:02:52,822:INFO:You can set `force_row_wise=true` to remove the overhead.
2025-06-18 19:02:52,822:INFO:And if memory is not enough, you can set `force_col_wise=true`.
2025-06-18 19:02:52,822:INFO:[LightGBM] [Info] Total Bins 2682
2025-06-18 19:02:52,825:INFO:[LightGBM] [Info] Number of data points in the train set: 102379, number of used features: 28
2025-06-18 19:02:52,836:INFO:[LightGBM] [Info] [binary:BoostFromScore]: pavg=0.224489 -> initscore=-1.239693
2025-06-18 19:02:52,840:INFO:[LightGBM] [Info] Start training from score -1.239693
2025-06-18 19:02:53,054:INFO:[LightGBM] [Warning] Found whitespace in feature_names, replace with underlines
2025-06-18 19:02:53,055:INFO:[LightGBM] [Info] Number of positive: 22983, number of negative: 79396
2025-06-18 19:02:53,131:INFO:[LightGBM] [Info] Auto-choosing row-wise multi-threading, the overhead of testing was 0.046383 seconds.
2025-06-18 19:02:53,131:INFO:You can set `force_row_wise=true` to remove the overhead.
2025-06-18 19:02:53,131:INFO:And if memory is not enough, you can set `force_col_wise=true`.
2025-06-18 19:02:53,133:INFO:[LightGBM] [Info] Total Bins 2680
2025-06-18 19:02:53,146:INFO:[LightGBM] [Info] Number of data points in the train set: 102379, number of used features: 28
2025-06-18 19:02:53,157:INFO:[LightGBM] [Info] [binary:BoostFromScore]: pavg=0.224489 -> initscore=-1.239693
2025-06-18 19:02:53,165:INFO:[LightGBM] [Info] Start training from score -1.239693
2025-06-18 19:02:56,735:INFO:Calculating mean and std
2025-06-18 19:02:56,737:INFO:Creating metrics dataframe
2025-06-18 19:02:56,741:INFO:Uploading results into container
2025-06-18 19:02:56,741:INFO:Uploading model into container now
2025-06-18 19:02:56,742:INFO:_master_model_container: 13
2025-06-18 19:02:56,742:INFO:_display_container: 2
2025-06-18 19:02:56,743:INFO:LGBMClassifier(boosting_type='gbdt', class_weight=None, colsample_bytree=1.0,
               importance_type='split', learning_rate=0.1, max_depth=-1,
               min_child_samples=20, min_child_weight=0.001, min_split_gain=0.0,
               n_estimators=100, n_jobs=-1, num_leaves=31, objective=None,
               random_state=42, reg_alpha=0.0, reg_lambda=0.0, subsample=1.0,
               subsample_for_bin=200000, subsample_freq=0)
2025-06-18 19:02:56,743:INFO:create_model() successfully completed......................................
2025-06-18 19:02:57,068:INFO:SubProcess create_model() end ==================================
2025-06-18 19:02:57,068:INFO:Creating metrics dataframe
2025-06-18 19:02:57,074:INFO:Initializing Dummy Classifier
2025-06-18 19:02:57,074:INFO:Total runtime is 4.037991166114807 minutes
2025-06-18 19:02:57,075:INFO:SubProcess create_model() called ==================================
2025-06-18 19:02:57,076:INFO:Initializing create_model()
2025-06-18 19:02:57,076:INFO:create_model(self=<pycaret.classification.oop.ClassificationExperiment object at 0x324778370>, estimator=dummy, fold=StratifiedKFold(n_splits=10, random_state=None, shuffle=False), round=4, cross_validation=True, predict=True, fit_kwargs={}, groups=None, refit=False, probability_threshold=None, experiment_custom_tags=None, verbose=False, system=False, add_to_model_list=True, metrics=None, display=<pycaret.internal.display.display.CommonDisplay object at 0x32c909ba0>, model_only=True, return_train_score=False, error_score=0.0, kwargs={})
2025-06-18 19:02:57,076:INFO:Checking exceptions
2025-06-18 19:02:57,076:INFO:Importing libraries
2025-06-18 19:02:57,076:INFO:Copying training dataset
2025-06-18 19:02:57,145:INFO:Defining folds
2025-06-18 19:02:57,145:INFO:Declaring metric variables
2025-06-18 19:02:57,146:INFO:Importing untrained model
2025-06-18 19:02:57,148:INFO:Dummy Classifier Imported successfully
2025-06-18 19:02:57,151:INFO:Starting cross validation
2025-06-18 19:02:57,152:INFO:Cross validating with StratifiedKFold(n_splits=10, random_state=None, shuffle=False), n_jobs=-1
2025-06-18 19:02:57,364:WARNING:/Users/robertoorazi/Repositories/Facultad/AA1-TUIA-2025C1-Gallardo-Orazi-Oviedo/Clasificacion/aa1/lib/python3.10/site-packages/sklearn/metrics/_classification.py:1509: UndefinedMetricWarning: Precision is ill-defined and being set to 0.0 due to no predicted samples. Use `zero_division` parameter to control this behavior.
  _warn_prf(average, modifier, f"{metric.capitalize()} is", len(result))

2025-06-18 19:02:57,433:WARNING:/Users/robertoorazi/Repositories/Facultad/AA1-TUIA-2025C1-Gallardo-Orazi-Oviedo/Clasificacion/aa1/lib/python3.10/site-packages/sklearn/metrics/_classification.py:1509: UndefinedMetricWarning: Precision is ill-defined and being set to 0.0 due to no predicted samples. Use `zero_division` parameter to control this behavior.
  _warn_prf(average, modifier, f"{metric.capitalize()} is", len(result))

2025-06-18 19:02:57,535:WARNING:/Users/robertoorazi/Repositories/Facultad/AA1-TUIA-2025C1-Gallardo-Orazi-Oviedo/Clasificacion/aa1/lib/python3.10/site-packages/sklearn/metrics/_classification.py:1509: UndefinedMetricWarning: Precision is ill-defined and being set to 0.0 due to no predicted samples. Use `zero_division` parameter to control this behavior.
  _warn_prf(average, modifier, f"{metric.capitalize()} is", len(result))

2025-06-18 19:02:57,595:WARNING:/Users/robertoorazi/Repositories/Facultad/AA1-TUIA-2025C1-Gallardo-Orazi-Oviedo/Clasificacion/aa1/lib/python3.10/site-packages/sklearn/metrics/_classification.py:1509: UndefinedMetricWarning: Precision is ill-defined and being set to 0.0 due to no predicted samples. Use `zero_division` parameter to control this behavior.
  _warn_prf(average, modifier, f"{metric.capitalize()} is", len(result))

2025-06-18 19:02:57,652:WARNING:/Users/robertoorazi/Repositories/Facultad/AA1-TUIA-2025C1-Gallardo-Orazi-Oviedo/Clasificacion/aa1/lib/python3.10/site-packages/sklearn/metrics/_classification.py:1509: UndefinedMetricWarning: Precision is ill-defined and being set to 0.0 due to no predicted samples. Use `zero_division` parameter to control this behavior.
  _warn_prf(average, modifier, f"{metric.capitalize()} is", len(result))

2025-06-18 19:02:57,735:WARNING:/Users/robertoorazi/Repositories/Facultad/AA1-TUIA-2025C1-Gallardo-Orazi-Oviedo/Clasificacion/aa1/lib/python3.10/site-packages/sklearn/metrics/_classification.py:1509: UndefinedMetricWarning: Precision is ill-defined and being set to 0.0 due to no predicted samples. Use `zero_division` parameter to control this behavior.
  _warn_prf(average, modifier, f"{metric.capitalize()} is", len(result))

2025-06-18 19:02:57,790:WARNING:/Users/robertoorazi/Repositories/Facultad/AA1-TUIA-2025C1-Gallardo-Orazi-Oviedo/Clasificacion/aa1/lib/python3.10/site-packages/sklearn/metrics/_classification.py:1509: UndefinedMetricWarning: Precision is ill-defined and being set to 0.0 due to no predicted samples. Use `zero_division` parameter to control this behavior.
  _warn_prf(average, modifier, f"{metric.capitalize()} is", len(result))

2025-06-18 19:02:57,841:WARNING:/Users/robertoorazi/Repositories/Facultad/AA1-TUIA-2025C1-Gallardo-Orazi-Oviedo/Clasificacion/aa1/lib/python3.10/site-packages/sklearn/metrics/_classification.py:1509: UndefinedMetricWarning: Precision is ill-defined and being set to 0.0 due to no predicted samples. Use `zero_division` parameter to control this behavior.
  _warn_prf(average, modifier, f"{metric.capitalize()} is", len(result))

2025-06-18 19:02:57,877:WARNING:/Users/robertoorazi/Repositories/Facultad/AA1-TUIA-2025C1-Gallardo-Orazi-Oviedo/Clasificacion/aa1/lib/python3.10/site-packages/sklearn/metrics/_classification.py:1509: UndefinedMetricWarning: Precision is ill-defined and being set to 0.0 due to no predicted samples. Use `zero_division` parameter to control this behavior.
  _warn_prf(average, modifier, f"{metric.capitalize()} is", len(result))

2025-06-18 19:02:57,908:WARNING:/Users/robertoorazi/Repositories/Facultad/AA1-TUIA-2025C1-Gallardo-Orazi-Oviedo/Clasificacion/aa1/lib/python3.10/site-packages/sklearn/metrics/_classification.py:1509: UndefinedMetricWarning: Precision is ill-defined and being set to 0.0 due to no predicted samples. Use `zero_division` parameter to control this behavior.
  _warn_prf(average, modifier, f"{metric.capitalize()} is", len(result))

2025-06-18 19:02:57,922:INFO:Calculating mean and std
2025-06-18 19:02:57,923:INFO:Creating metrics dataframe
2025-06-18 19:02:57,924:INFO:Uploading results into container
2025-06-18 19:02:57,924:INFO:Uploading model into container now
2025-06-18 19:02:57,924:INFO:_master_model_container: 14
2025-06-18 19:02:57,924:INFO:_display_container: 2
2025-06-18 19:02:57,924:INFO:DummyClassifier(constant=None, random_state=42, strategy='prior')
2025-06-18 19:02:57,924:INFO:create_model() successfully completed......................................
2025-06-18 19:02:58,139:INFO:SubProcess create_model() end ==================================
2025-06-18 19:02:58,139:INFO:Creating metrics dataframe
2025-06-18 19:02:58,149:INFO:Initializing create_model()
2025-06-18 19:02:58,149:INFO:create_model(self=<pycaret.classification.oop.ClassificationExperiment object at 0x324778370>, estimator=LGBMClassifier(boosting_type='gbdt', class_weight=None, colsample_bytree=1.0,
               importance_type='split', learning_rate=0.1, max_depth=-1,
               min_child_samples=20, min_child_weight=0.001, min_split_gain=0.0,
               n_estimators=100, n_jobs=-1, num_leaves=31, objective=None,
               random_state=42, reg_alpha=0.0, reg_lambda=0.0, subsample=1.0,
               subsample_for_bin=200000, subsample_freq=0), fold=StratifiedKFold(n_splits=10, random_state=None, shuffle=False), round=4, cross_validation=False, predict=False, fit_kwargs={}, groups=None, refit=True, probability_threshold=None, experiment_custom_tags=None, verbose=False, system=False, add_to_model_list=True, metrics=None, display=None, model_only=True, return_train_score=False, error_score=0.0, kwargs={})
2025-06-18 19:02:58,149:INFO:Checking exceptions
2025-06-18 19:02:58,151:INFO:Importing libraries
2025-06-18 19:02:58,151:INFO:Copying training dataset
2025-06-18 19:02:58,218:INFO:Defining folds
2025-06-18 19:02:58,218:INFO:Declaring metric variables
2025-06-18 19:02:58,218:INFO:Importing untrained model
2025-06-18 19:02:58,218:INFO:Declaring custom model
2025-06-18 19:02:58,219:INFO:Light Gradient Boosting Machine Imported successfully
2025-06-18 19:02:58,219:INFO:Cross validation set to False
2025-06-18 19:02:58,219:INFO:Fitting Model
2025-06-18 19:02:58,381:INFO:[LightGBM] [Warning] Found whitespace in feature_names, replace with underlines
2025-06-18 19:02:58,382:INFO:[LightGBM] [Info] Number of positive: 25536, number of negative: 88218
2025-06-18 19:02:58,387:INFO:[LightGBM] [Info] Auto-choosing row-wise multi-threading, the overhead of testing was 0.002044 seconds.
2025-06-18 19:02:58,387:INFO:You can set `force_row_wise=true` to remove the overhead.
2025-06-18 19:02:58,387:INFO:And if memory is not enough, you can set `force_col_wise=true`.
2025-06-18 19:02:58,387:INFO:[LightGBM] [Info] Total Bins 2686
2025-06-18 19:02:58,388:INFO:[LightGBM] [Info] Number of data points in the train set: 113754, number of used features: 28
2025-06-18 19:02:58,388:INFO:[LightGBM] [Info] [binary:BoostFromScore]: pavg=0.224484 -> initscore=-1.239722
2025-06-18 19:02:58,388:INFO:[LightGBM] [Info] Start training from score -1.239722
2025-06-18 19:02:59,067:INFO:LGBMClassifier(boosting_type='gbdt', class_weight=None, colsample_bytree=1.0,
               importance_type='split', learning_rate=0.1, max_depth=-1,
               min_child_samples=20, min_child_weight=0.001, min_split_gain=0.0,
               n_estimators=100, n_jobs=-1, num_leaves=31, objective=None,
               random_state=42, reg_alpha=0.0, reg_lambda=0.0, subsample=1.0,
               subsample_for_bin=200000, subsample_freq=0)
2025-06-18 19:02:59,067:INFO:create_model() successfully completed......................................
2025-06-18 19:02:59,280:INFO:_master_model_container: 14
2025-06-18 19:02:59,280:INFO:_display_container: 2
2025-06-18 19:02:59,280:INFO:LGBMClassifier(boosting_type='gbdt', class_weight=None, colsample_bytree=1.0,
               importance_type='split', learning_rate=0.1, max_depth=-1,
               min_child_samples=20, min_child_weight=0.001, min_split_gain=0.0,
               n_estimators=100, n_jobs=-1, num_leaves=31, objective=None,
               random_state=42, reg_alpha=0.0, reg_lambda=0.0, subsample=1.0,
               subsample_for_bin=200000, subsample_freq=0)
2025-06-18 19:02:59,280:INFO:compare_models() successfully completed......................................
2025-06-20 21:59:03,273:WARNING:
'cuml' is a soft dependency and not included in the pycaret installation. Please run: `pip install cuml` to install.
2025-06-20 21:59:03,273:WARNING:
'cuml' is a soft dependency and not included in the pycaret installation. Please run: `pip install cuml` to install.
2025-06-20 21:59:03,273:WARNING:
'cuml' is a soft dependency and not included in the pycaret installation. Please run: `pip install cuml` to install.
2025-06-20 21:59:03,273:WARNING:
'cuml' is a soft dependency and not included in the pycaret installation. Please run: `pip install cuml` to install.
2025-06-20 22:11:56,490:WARNING:
'cuml' is a soft dependency and not included in the pycaret installation. Please run: `pip install cuml` to install.
2025-06-20 22:11:56,490:WARNING:
'cuml' is a soft dependency and not included in the pycaret installation. Please run: `pip install cuml` to install.
2025-06-20 22:11:56,490:WARNING:
'cuml' is a soft dependency and not included in the pycaret installation. Please run: `pip install cuml` to install.
2025-06-20 22:11:56,490:WARNING:
'cuml' is a soft dependency and not included in the pycaret installation. Please run: `pip install cuml` to install.
2025-06-20 22:12:48,729:WARNING:/var/folders/6v/vvlsrhf9375dd2sb2m9p71mc0000gn/T/ipykernel_41917/612678871.py:40: UserWarning: You passed a edgecolor/edgecolors ('k') for an unfilled marker ('x').  Matplotlib is ignoring the edgecolor in favor of the facecolor.  This behavior may change in the future.
  ax.scatter(xy['Longitud'], xy['Latitud'], c=[col], marker=marker,

2025-06-20 22:12:51,214:WARNING:/var/folders/6v/vvlsrhf9375dd2sb2m9p71mc0000gn/T/ipykernel_41917/1831380324.py:2: SettingWithCopyWarning: 
A value is trying to be set on a copy of a slice from a DataFrame.
Try using .loc[row_indexer,col_indexer] = value instead

See the caveats in the documentation: https://pandas.pydata.org/pandas-docs/stable/user_guide/indexing.html#returning-a-view-versus-a-copy
  weather_depurado['Date'] = pd.to_datetime(weather_depurado['Date'])

2025-06-20 22:12:51,221:WARNING:/var/folders/6v/vvlsrhf9375dd2sb2m9p71mc0000gn/T/ipykernel_41917/1831380324.py:3: SettingWithCopyWarning: 
A value is trying to be set on a copy of a slice from a DataFrame.
Try using .loc[row_indexer,col_indexer] = value instead

See the caveats in the documentation: https://pandas.pydata.org/pandas-docs/stable/user_guide/indexing.html#returning-a-view-versus-a-copy
  weather_depurado['Date'] = weather_depurado['Date'].dt.month

2025-06-20 22:12:58,615:WARNING:/var/folders/6v/vvlsrhf9375dd2sb2m9p71mc0000gn/T/ipykernel_41917/2218606626.py:6: SettingWithCopyWarning: 
A value is trying to be set on a copy of a slice from a DataFrame.
Try using .loc[row_indexer,col_indexer] = value instead

See the caveats in the documentation: https://pandas.pydata.org/pandas-docs/stable/user_guide/indexing.html#returning-a-view-versus-a-copy
  df_numericas['RainTomorrow'] = weather_depurado['RainTomorrow']

2025-06-20 22:13:46,466:WARNING:/var/folders/6v/vvlsrhf9375dd2sb2m9p71mc0000gn/T/ipykernel_41917/3883578226.py:25: SettingWithCopyWarning: 
A value is trying to be set on a copy of a slice from a DataFrame.
Try using .loc[row_indexer,col_indexer] = value instead

See the caveats in the documentation: https://pandas.pydata.org/pandas-docs/stable/user_guide/indexing.html#returning-a-view-versus-a-copy
  weather_depurado['WindGustDir'] = weather_depurado['WindGustDir'].replace(cardinal_to_angle)

2025-06-20 22:13:46,540:WARNING:/var/folders/6v/vvlsrhf9375dd2sb2m9p71mc0000gn/T/ipykernel_41917/3883578226.py:26: SettingWithCopyWarning: 
A value is trying to be set on a copy of a slice from a DataFrame.
Try using .loc[row_indexer,col_indexer] = value instead

See the caveats in the documentation: https://pandas.pydata.org/pandas-docs/stable/user_guide/indexing.html#returning-a-view-versus-a-copy
  weather_depurado['WindDir9am'] = weather_depurado['WindDir9am'].replace(cardinal_to_angle)

2025-06-20 22:13:46,606:WARNING:/var/folders/6v/vvlsrhf9375dd2sb2m9p71mc0000gn/T/ipykernel_41917/3883578226.py:27: SettingWithCopyWarning: 
A value is trying to be set on a copy of a slice from a DataFrame.
Try using .loc[row_indexer,col_indexer] = value instead

See the caveats in the documentation: https://pandas.pydata.org/pandas-docs/stable/user_guide/indexing.html#returning-a-view-versus-a-copy
  weather_depurado['WindDir3pm'] = weather_depurado['WindDir3pm'].replace(cardinal_to_angle)

2025-06-20 22:13:46,608:WARNING:/var/folders/6v/vvlsrhf9375dd2sb2m9p71mc0000gn/T/ipykernel_41917/3883578226.py:30: SettingWithCopyWarning: 
A value is trying to be set on a copy of a slice from a DataFrame.
Try using .loc[row_indexer,col_indexer] = value instead

See the caveats in the documentation: https://pandas.pydata.org/pandas-docs/stable/user_guide/indexing.html#returning-a-view-versus-a-copy
  weather_depurado['WindGustDir_Sen'] = np.sin(weather_depurado['WindGustDir'])

2025-06-20 22:13:46,610:WARNING:/var/folders/6v/vvlsrhf9375dd2sb2m9p71mc0000gn/T/ipykernel_41917/3883578226.py:31: SettingWithCopyWarning: 
A value is trying to be set on a copy of a slice from a DataFrame.
Try using .loc[row_indexer,col_indexer] = value instead

See the caveats in the documentation: https://pandas.pydata.org/pandas-docs/stable/user_guide/indexing.html#returning-a-view-versus-a-copy
  weather_depurado['WindGustDir_Cos'] = np.cos(weather_depurado['WindGustDir'])

2025-06-20 22:13:46,611:WARNING:/var/folders/6v/vvlsrhf9375dd2sb2m9p71mc0000gn/T/ipykernel_41917/3883578226.py:35: SettingWithCopyWarning: 
A value is trying to be set on a copy of a slice from a DataFrame.
Try using .loc[row_indexer,col_indexer] = value instead

See the caveats in the documentation: https://pandas.pydata.org/pandas-docs/stable/user_guide/indexing.html#returning-a-view-versus-a-copy
  weather_depurado['WindDir9am_Sen'] = np.sin(weather_depurado['WindDir9am'])

2025-06-20 22:13:46,613:WARNING:/var/folders/6v/vvlsrhf9375dd2sb2m9p71mc0000gn/T/ipykernel_41917/3883578226.py:36: SettingWithCopyWarning: 
A value is trying to be set on a copy of a slice from a DataFrame.
Try using .loc[row_indexer,col_indexer] = value instead

See the caveats in the documentation: https://pandas.pydata.org/pandas-docs/stable/user_guide/indexing.html#returning-a-view-versus-a-copy
  weather_depurado['WindDir9am_Cos'] = np.cos(weather_depurado['WindDir9am'])

2025-06-20 22:13:46,614:WARNING:/var/folders/6v/vvlsrhf9375dd2sb2m9p71mc0000gn/T/ipykernel_41917/3883578226.py:39: SettingWithCopyWarning: 
A value is trying to be set on a copy of a slice from a DataFrame.
Try using .loc[row_indexer,col_indexer] = value instead

See the caveats in the documentation: https://pandas.pydata.org/pandas-docs/stable/user_guide/indexing.html#returning-a-view-versus-a-copy
  weather_depurado['WindDir3pm_Sen'] = np.sin(weather_depurado['WindDir3pm'])

2025-06-20 22:13:46,616:WARNING:/var/folders/6v/vvlsrhf9375dd2sb2m9p71mc0000gn/T/ipykernel_41917/3883578226.py:40: SettingWithCopyWarning: 
A value is trying to be set on a copy of a slice from a DataFrame.
Try using .loc[row_indexer,col_indexer] = value instead

See the caveats in the documentation: https://pandas.pydata.org/pandas-docs/stable/user_guide/indexing.html#returning-a-view-versus-a-copy
  weather_depurado['WindDir3pm_Cos'] = np.cos(weather_depurado['WindDir3pm'])

2025-06-20 22:21:26,746:WARNING:/Users/robertoorazi/Repositories/Facultad/AA1-TUIA-2025C1-Gallardo-Orazi-Oviedo/Clasificacion/aa1/lib/python3.10/site-packages/sklearn/metrics/_classification.py:1509: UndefinedMetricWarning: Precision is ill-defined and being set to 0.0 due to no predicted samples. Use `zero_division` parameter to control this behavior.
  _warn_prf(average, modifier, f"{metric.capitalize()} is", len(result))

2025-06-20 22:21:26,846:WARNING:/Users/robertoorazi/Repositories/Facultad/AA1-TUIA-2025C1-Gallardo-Orazi-Oviedo/Clasificacion/aa1/lib/python3.10/site-packages/sklearn/metrics/_classification.py:1509: UndefinedMetricWarning: Precision is ill-defined and being set to 0.0 in labels with no predicted samples. Use `zero_division` parameter to control this behavior.
  _warn_prf(average, modifier, f"{metric.capitalize()} is", len(result))

2025-06-20 22:21:26,857:WARNING:/Users/robertoorazi/Repositories/Facultad/AA1-TUIA-2025C1-Gallardo-Orazi-Oviedo/Clasificacion/aa1/lib/python3.10/site-packages/sklearn/metrics/_classification.py:1509: UndefinedMetricWarning: Precision is ill-defined and being set to 0.0 in labels with no predicted samples. Use `zero_division` parameter to control this behavior.
  _warn_prf(average, modifier, f"{metric.capitalize()} is", len(result))

2025-06-20 22:21:26,863:WARNING:/Users/robertoorazi/Repositories/Facultad/AA1-TUIA-2025C1-Gallardo-Orazi-Oviedo/Clasificacion/aa1/lib/python3.10/site-packages/sklearn/metrics/_classification.py:1509: UndefinedMetricWarning: Precision is ill-defined and being set to 0.0 in labels with no predicted samples. Use `zero_division` parameter to control this behavior.
  _warn_prf(average, modifier, f"{metric.capitalize()} is", len(result))

2025-06-20 23:28:07,229:INFO:PyCaret ClassificationExperiment
2025-06-20 23:28:07,230:INFO:Logging name: clf-default-name
2025-06-20 23:28:07,230:INFO:ML Usecase: MLUsecase.CLASSIFICATION
2025-06-20 23:28:07,230:INFO:version 3.3.2
2025-06-20 23:28:07,230:INFO:Initializing setup()
2025-06-20 23:28:07,230:INFO:self.USI: 9e15
2025-06-20 23:28:07,230:INFO:self._variable_keys: {'data', 'n_jobs_param', 'exp_id', 'target_param', 'y_train', 'fold_groups_param', 'exp_name_log', 'is_multiclass', '_available_plots', 'X_train', 'X', 'X_test', 'y_test', 'USI', '_ml_usecase', 'seed', 'fold_shuffle_param', 'fix_imbalance', 'y', 'pipeline', 'html_param', 'idx', 'log_plots_param', 'fold_generator', 'logging_param', 'gpu_n_jobs_param', 'memory', 'gpu_param'}
2025-06-20 23:28:07,230:INFO:Checking environment
2025-06-20 23:28:07,230:INFO:python_version: 3.10.17
2025-06-20 23:28:07,230:INFO:python_build: ('main', 'Apr  8 2025 12:10:59')
2025-06-20 23:28:07,230:INFO:machine: arm64
2025-06-20 23:28:07,230:INFO:platform: macOS-15.6-arm64-arm-64bit
2025-06-20 23:28:07,231:INFO:Memory: svmem(total=8589934592, available=1366458368, percent=84.1, used=3177512960, free=58966016, active=1327677440, inactive=1223540736, wired=1849835520)
2025-06-20 23:28:07,232:INFO:Physical Core: 8
2025-06-20 23:28:07,232:INFO:Logical Core: 8
2025-06-20 23:28:07,232:INFO:Checking libraries
2025-06-20 23:28:07,232:INFO:System:
2025-06-20 23:28:07,232:INFO:    python: 3.10.17 (main, Apr  8 2025, 12:10:59) [Clang 16.0.0 (clang-1600.0.26.6)]
2025-06-20 23:28:07,232:INFO:executable: /Users/robertoorazi/Repositories/Facultad/AA1-TUIA-2025C1-Gallardo-Orazi-Oviedo/Clasificacion/aa1/bin/python
2025-06-20 23:28:07,232:INFO:   machine: macOS-15.6-arm64-arm-64bit
2025-06-20 23:28:07,232:INFO:PyCaret required dependencies:
2025-06-20 23:28:07,804:INFO:                 pip: 25.1.1
2025-06-20 23:28:07,804:INFO:          setuptools: 78.1.0
2025-06-20 23:28:07,804:INFO:             pycaret: 3.3.2
2025-06-20 23:28:07,804:INFO:             IPython: 8.37.0
2025-06-20 23:28:07,804:INFO:          ipywidgets: 8.1.7
2025-06-20 23:28:07,804:INFO:                tqdm: 4.67.1
2025-06-20 23:28:07,804:INFO:               numpy: 1.24.3
2025-06-20 23:28:07,804:INFO:              pandas: 1.5.3
2025-06-20 23:28:07,804:INFO:              jinja2: 3.1.6
2025-06-20 23:28:07,804:INFO:               scipy: 1.11.4
2025-06-20 23:28:07,804:INFO:              joblib: 1.2.0
2025-06-20 23:28:07,804:INFO:             sklearn: 1.4.2
2025-06-20 23:28:07,804:INFO:                pyod: 2.0.5
2025-06-20 23:28:07,804:INFO:            imblearn: 0.13.0
2025-06-20 23:28:07,804:INFO:   category_encoders: 2.7.0
2025-06-20 23:28:07,804:INFO:            lightgbm: 4.6.0
2025-06-20 23:28:07,804:INFO:               numba: 0.61.2
2025-06-20 23:28:07,804:INFO:            requests: 2.32.4
2025-06-20 23:28:07,804:INFO:          matplotlib: 3.7.1
2025-06-20 23:28:07,804:INFO:          scikitplot: 0.3.7
2025-06-20 23:28:07,804:INFO:         yellowbrick: 1.5
2025-06-20 23:28:07,804:INFO:              plotly: 5.24.1
2025-06-20 23:28:07,804:INFO:    plotly-resampler: Not installed
2025-06-20 23:28:07,804:INFO:             kaleido: 1.0.0
2025-06-20 23:28:07,804:INFO:           schemdraw: 0.15
2025-06-20 23:28:07,804:INFO:         statsmodels: 0.14.4
2025-06-20 23:28:07,804:INFO:              sktime: 0.26.0
2025-06-20 23:28:07,804:INFO:               tbats: 1.1.3
2025-06-20 23:28:07,804:INFO:            pmdarima: 2.0.4
2025-06-20 23:28:07,804:INFO:              psutil: 7.0.0
2025-06-20 23:28:07,804:INFO:          markupsafe: 3.0.2
2025-06-20 23:28:07,804:INFO:             pickle5: Not installed
2025-06-20 23:28:07,804:INFO:         cloudpickle: 3.1.1
2025-06-20 23:28:07,804:INFO:         deprecation: 2.1.0
2025-06-20 23:28:07,804:INFO:              xxhash: 3.5.0
2025-06-20 23:28:07,804:INFO:           wurlitzer: 3.1.1
2025-06-20 23:28:07,804:INFO:PyCaret optional dependencies:
2025-06-20 23:28:07,811:INFO:                shap: 0.48.0
2025-06-20 23:28:07,811:INFO:           interpret: Not installed
2025-06-20 23:28:07,811:INFO:                umap: Not installed
2025-06-20 23:28:07,811:INFO:     ydata_profiling: Not installed
2025-06-20 23:28:07,811:INFO:  explainerdashboard: Not installed
2025-06-20 23:28:07,811:INFO:             autoviz: Not installed
2025-06-20 23:28:07,811:INFO:           fairlearn: Not installed
2025-06-20 23:28:07,811:INFO:          deepchecks: Not installed
2025-06-20 23:28:07,811:INFO:             xgboost: Not installed
2025-06-20 23:28:07,811:INFO:            catboost: Not installed
2025-06-20 23:28:07,811:INFO:              kmodes: Not installed
2025-06-20 23:28:07,811:INFO:             mlxtend: Not installed
2025-06-20 23:28:07,811:INFO:       statsforecast: Not installed
2025-06-20 23:28:07,811:INFO:        tune_sklearn: Not installed
2025-06-20 23:28:07,811:INFO:                 ray: Not installed
2025-06-20 23:28:07,811:INFO:            hyperopt: Not installed
2025-06-20 23:28:07,811:INFO:              optuna: 4.4.0
2025-06-20 23:28:07,811:INFO:               skopt: 0.9.0
2025-06-20 23:28:07,811:INFO:              mlflow: Not installed
2025-06-20 23:28:07,811:INFO:              gradio: Not installed
2025-06-20 23:28:07,811:INFO:             fastapi: Not installed
2025-06-20 23:28:07,811:INFO:             uvicorn: Not installed
2025-06-20 23:28:07,811:INFO:              m2cgen: Not installed
2025-06-20 23:28:07,811:INFO:           evidently: Not installed
2025-06-20 23:28:07,811:INFO:               fugue: Not installed
2025-06-20 23:28:07,811:INFO:           streamlit: Not installed
2025-06-20 23:28:07,811:INFO:             prophet: Not installed
2025-06-20 23:28:07,811:INFO:None
2025-06-20 23:28:07,812:INFO:Set up data.
2025-06-20 23:28:07,900:INFO:Set up folding strategy.
2025-06-20 23:28:07,901:INFO:Set up train/test split.
2025-06-20 23:28:07,901:INFO:Set up data.
2025-06-20 23:28:07,927:INFO:Set up index.
2025-06-20 23:28:07,929:INFO:Assigning column types.
2025-06-20 23:28:07,959:INFO:Engine successfully changes for model 'lr' to 'sklearn'.
2025-06-20 23:28:07,983:INFO:Engine for model 'knn' has not been set explicitly, hence returning None.
2025-06-20 23:28:07,990:INFO:Engine for model 'rbfsvm' has not been set explicitly, hence returning None.
2025-06-20 23:28:08,019:WARNING:
'xgboost' is a soft dependency and not included in the pycaret installation. Please run: `pip install xgboost` to install.
Alternately, you can install this by running `pip install pycaret[models]`
2025-06-20 23:28:08,020:WARNING:
'catboost' is a soft dependency and not included in the pycaret installation. Please run: `pip install catboost` to install.
Alternately, you can install this by running `pip install pycaret[models]`
2025-06-20 23:28:08,040:INFO:Engine for model 'knn' has not been set explicitly, hence returning None.
2025-06-20 23:28:08,040:INFO:Engine for model 'rbfsvm' has not been set explicitly, hence returning None.
2025-06-20 23:28:08,053:WARNING:
'xgboost' is a soft dependency and not included in the pycaret installation. Please run: `pip install xgboost` to install.
Alternately, you can install this by running `pip install pycaret[models]`
2025-06-20 23:28:08,053:WARNING:
'catboost' is a soft dependency and not included in the pycaret installation. Please run: `pip install catboost` to install.
Alternately, you can install this by running `pip install pycaret[models]`
2025-06-20 23:28:08,053:INFO:Engine successfully changes for model 'knn' to 'sklearn'.
2025-06-20 23:28:08,078:INFO:Engine for model 'rbfsvm' has not been set explicitly, hence returning None.
2025-06-20 23:28:08,096:WARNING:
'xgboost' is a soft dependency and not included in the pycaret installation. Please run: `pip install xgboost` to install.
Alternately, you can install this by running `pip install pycaret[models]`
2025-06-20 23:28:08,096:WARNING:
'catboost' is a soft dependency and not included in the pycaret installation. Please run: `pip install catboost` to install.
Alternately, you can install this by running `pip install pycaret[models]`
2025-06-20 23:28:08,150:INFO:Engine for model 'rbfsvm' has not been set explicitly, hence returning None.
2025-06-20 23:28:08,177:WARNING:
'xgboost' is a soft dependency and not included in the pycaret installation. Please run: `pip install xgboost` to install.
Alternately, you can install this by running `pip install pycaret[models]`
2025-06-20 23:28:08,177:WARNING:
'catboost' is a soft dependency and not included in the pycaret installation. Please run: `pip install catboost` to install.
Alternately, you can install this by running `pip install pycaret[models]`
2025-06-20 23:28:08,177:INFO:Engine successfully changes for model 'rbfsvm' to 'sklearn'.
2025-06-20 23:28:08,265:WARNING:
'xgboost' is a soft dependency and not included in the pycaret installation. Please run: `pip install xgboost` to install.
Alternately, you can install this by running `pip install pycaret[models]`
2025-06-20 23:28:08,265:WARNING:
'catboost' is a soft dependency and not included in the pycaret installation. Please run: `pip install catboost` to install.
Alternately, you can install this by running `pip install pycaret[models]`
2025-06-20 23:28:08,626:WARNING:
'xgboost' is a soft dependency and not included in the pycaret installation. Please run: `pip install xgboost` to install.
Alternately, you can install this by running `pip install pycaret[models]`
2025-06-20 23:28:08,627:WARNING:
'catboost' is a soft dependency and not included in the pycaret installation. Please run: `pip install catboost` to install.
Alternately, you can install this by running `pip install pycaret[models]`
2025-06-20 23:28:08,636:INFO:Preparing preprocessing pipeline...
2025-06-20 23:28:08,647:INFO:Set up simple imputation.
2025-06-20 23:28:08,653:INFO:Set up column name cleaning.
2025-06-20 23:28:08,763:INFO:Finished creating preprocessing pipeline.
2025-06-20 23:28:08,767:INFO:Pipeline: Pipeline(memory=FastMemory(location=/var/folders/6v/vvlsrhf9375dd2sb2m9p71mc0000gn/T/joblib),
         steps=[('numerical_imputer',
                 TransformerWrapper(exclude=None,
                                    include=['Date', 'MinTemp', 'MaxTemp',
                                             'Rainfall', 'Evaporation',
                                             'Sunshine', 'WindGustSpeed',
                                             'WindSpeed9am', 'WindSpeed3pm',
                                             'Humidity9am', 'Humidity3pm',
                                             'Pressure9am', 'Pressure3pm',
                                             'Cloud9am', 'Cloud3pm', '...
                ('categorical_imputer',
                 TransformerWrapper(exclude=None, include=[],
                                    transformer=SimpleImputer(add_indicator=False,
                                                              copy=True,
                                                              fill_value=None,
                                                              keep_empty_features=False,
                                                              missing_values=nan,
                                                              strategy='most_frequent'))),
                ('clean_column_names',
                 TransformerWrapper(exclude=None, include=None,
                                    transformer=CleanColumnNames(match='[\\]\\[\\,\\{\\}\\"\\:]+')))],
         verbose=False)
2025-06-20 23:28:08,767:INFO:Creating final display dataframe.
2025-06-20 23:28:08,970:INFO:Setup _display_container:                     Description             Value
0                    Session id                42
1                        Target      RainTomorrow
2                   Target type            Binary
3           Original data shape      (142193, 28)
4        Transformed data shape      (142193, 28)
5   Transformed train set shape      (113754, 28)
6    Transformed test set shape       (28439, 28)
7              Numeric features                27
8      Rows with missing values             60.3%
9                    Preprocess              True
10              Imputation type            simple
11           Numeric imputation              mean
12       Categorical imputation              mode
13               Fold Generator   StratifiedKFold
14                  Fold Number                10
15                     CPU Jobs                -1
16                      Use GPU             False
17               Log Experiment             False
18              Experiment Name  clf-default-name
19                          USI              9e15
2025-06-20 23:28:09,036:WARNING:
'xgboost' is a soft dependency and not included in the pycaret installation. Please run: `pip install xgboost` to install.
Alternately, you can install this by running `pip install pycaret[models]`
2025-06-20 23:28:09,036:WARNING:
'catboost' is a soft dependency and not included in the pycaret installation. Please run: `pip install catboost` to install.
Alternately, you can install this by running `pip install pycaret[models]`
2025-06-20 23:28:09,069:WARNING:
'xgboost' is a soft dependency and not included in the pycaret installation. Please run: `pip install xgboost` to install.
Alternately, you can install this by running `pip install pycaret[models]`
2025-06-20 23:28:09,069:WARNING:
'catboost' is a soft dependency and not included in the pycaret installation. Please run: `pip install catboost` to install.
Alternately, you can install this by running `pip install pycaret[models]`
2025-06-20 23:28:09,070:INFO:setup() successfully completed in 1.85s...............
2025-06-20 23:28:09,070:INFO:Initializing compare_models()
2025-06-20 23:28:09,070:INFO:compare_models(self=<pycaret.classification.oop.ClassificationExperiment object at 0x36988ac80>, include=None, fold=None, round=4, cross_validation=True, sort=Accuracy, n_select=1, budget_time=None, turbo=True, errors=ignore, fit_kwargs=None, groups=None, experiment_custom_tags=None, probability_threshold=None, verbose=True, parallel=None, caller_params={'self': <pycaret.classification.oop.ClassificationExperiment object at 0x36988ac80>, 'include': None, 'exclude': None, 'fold': None, 'round': 4, 'cross_validation': True, 'sort': 'Accuracy', 'n_select': 1, 'budget_time': None, 'turbo': True, 'errors': 'ignore', 'fit_kwargs': None, 'groups': None, 'experiment_custom_tags': None, 'probability_threshold': None, 'engine': None, 'verbose': True, 'parallel': None, '__class__': <class 'pycaret.classification.oop.ClassificationExperiment'>}, exclude=None)
2025-06-20 23:28:09,070:INFO:Checking exceptions
2025-06-20 23:28:09,086:INFO:Preparing display monitor
2025-06-20 23:28:09,112:INFO:Initializing Logistic Regression
2025-06-20 23:28:09,112:INFO:Total runtime is 1.986821492513021e-06 minutes
2025-06-20 23:28:09,114:INFO:SubProcess create_model() called ==================================
2025-06-20 23:28:09,114:INFO:Initializing create_model()
2025-06-20 23:28:09,114:INFO:create_model(self=<pycaret.classification.oop.ClassificationExperiment object at 0x36988ac80>, estimator=lr, fold=StratifiedKFold(n_splits=10, random_state=None, shuffle=False), round=4, cross_validation=True, predict=True, fit_kwargs={}, groups=None, refit=False, probability_threshold=None, experiment_custom_tags=None, verbose=False, system=False, add_to_model_list=True, metrics=None, display=<pycaret.internal.display.display.CommonDisplay object at 0x36a803f10>, model_only=True, return_train_score=False, error_score=0.0, kwargs={})
2025-06-20 23:28:09,114:INFO:Checking exceptions
2025-06-20 23:28:09,115:INFO:Importing libraries
2025-06-20 23:28:09,115:INFO:Copying training dataset
2025-06-20 23:28:09,142:INFO:Defining folds
2025-06-20 23:28:09,142:INFO:Declaring metric variables
2025-06-20 23:28:09,143:INFO:Importing untrained model
2025-06-20 23:28:09,145:INFO:Logistic Regression Imported successfully
2025-06-20 23:28:09,148:INFO:Starting cross validation
2025-06-20 23:28:09,149:INFO:Cross validating with StratifiedKFold(n_splits=10, random_state=None, shuffle=False), n_jobs=-1
2025-06-20 23:28:23,439:WARNING:/Users/robertoorazi/Repositories/Facultad/AA1-TUIA-2025C1-Gallardo-Orazi-Oviedo/Clasificacion/aa1/lib/python3.10/site-packages/sklearn/linear_model/_logistic.py:469: ConvergenceWarning: lbfgs failed to converge (status=1):
STOP: TOTAL NO. of ITERATIONS REACHED LIMIT.

Increase the number of iterations (max_iter) or scale the data as shown in:
    https://scikit-learn.org/stable/modules/preprocessing.html
Please also refer to the documentation for alternative solver options:
    https://scikit-learn.org/stable/modules/linear_model.html#logistic-regression
  n_iter_i = _check_optimize_result(

2025-06-20 23:28:23,599:WARNING:/Users/robertoorazi/Repositories/Facultad/AA1-TUIA-2025C1-Gallardo-Orazi-Oviedo/Clasificacion/aa1/lib/python3.10/site-packages/sklearn/linear_model/_logistic.py:469: ConvergenceWarning: lbfgs failed to converge (status=1):
STOP: TOTAL NO. of ITERATIONS REACHED LIMIT.

Increase the number of iterations (max_iter) or scale the data as shown in:
    https://scikit-learn.org/stable/modules/preprocessing.html
Please also refer to the documentation for alternative solver options:
    https://scikit-learn.org/stable/modules/linear_model.html#logistic-regression
  n_iter_i = _check_optimize_result(

2025-06-20 23:28:23,677:WARNING:/Users/robertoorazi/Repositories/Facultad/AA1-TUIA-2025C1-Gallardo-Orazi-Oviedo/Clasificacion/aa1/lib/python3.10/site-packages/sklearn/linear_model/_logistic.py:469: ConvergenceWarning: lbfgs failed to converge (status=1):
STOP: TOTAL NO. of ITERATIONS REACHED LIMIT.

Increase the number of iterations (max_iter) or scale the data as shown in:
    https://scikit-learn.org/stable/modules/preprocessing.html
Please also refer to the documentation for alternative solver options:
    https://scikit-learn.org/stable/modules/linear_model.html#logistic-regression
  n_iter_i = _check_optimize_result(

2025-06-20 23:28:23,739:WARNING:/Users/robertoorazi/Repositories/Facultad/AA1-TUIA-2025C1-Gallardo-Orazi-Oviedo/Clasificacion/aa1/lib/python3.10/site-packages/sklearn/linear_model/_logistic.py:469: ConvergenceWarning: lbfgs failed to converge (status=1):
STOP: TOTAL NO. of ITERATIONS REACHED LIMIT.

Increase the number of iterations (max_iter) or scale the data as shown in:
    https://scikit-learn.org/stable/modules/preprocessing.html
Please also refer to the documentation for alternative solver options:
    https://scikit-learn.org/stable/modules/linear_model.html#logistic-regression
  n_iter_i = _check_optimize_result(

2025-06-20 23:28:23,792:WARNING:/Users/robertoorazi/Repositories/Facultad/AA1-TUIA-2025C1-Gallardo-Orazi-Oviedo/Clasificacion/aa1/lib/python3.10/site-packages/sklearn/linear_model/_logistic.py:469: ConvergenceWarning: lbfgs failed to converge (status=1):
STOP: TOTAL NO. of ITERATIONS REACHED LIMIT.

Increase the number of iterations (max_iter) or scale the data as shown in:
    https://scikit-learn.org/stable/modules/preprocessing.html
Please also refer to the documentation for alternative solver options:
    https://scikit-learn.org/stable/modules/linear_model.html#logistic-regression
  n_iter_i = _check_optimize_result(

2025-06-20 23:28:23,816:WARNING:/Users/robertoorazi/Repositories/Facultad/AA1-TUIA-2025C1-Gallardo-Orazi-Oviedo/Clasificacion/aa1/lib/python3.10/site-packages/sklearn/linear_model/_logistic.py:469: ConvergenceWarning: lbfgs failed to converge (status=1):
STOP: TOTAL NO. of ITERATIONS REACHED LIMIT.

Increase the number of iterations (max_iter) or scale the data as shown in:
    https://scikit-learn.org/stable/modules/preprocessing.html
Please also refer to the documentation for alternative solver options:
    https://scikit-learn.org/stable/modules/linear_model.html#logistic-regression
  n_iter_i = _check_optimize_result(

2025-06-20 23:28:23,850:WARNING:/Users/robertoorazi/Repositories/Facultad/AA1-TUIA-2025C1-Gallardo-Orazi-Oviedo/Clasificacion/aa1/lib/python3.10/site-packages/sklearn/linear_model/_logistic.py:469: ConvergenceWarning: lbfgs failed to converge (status=1):
STOP: TOTAL NO. of ITERATIONS REACHED LIMIT.

Increase the number of iterations (max_iter) or scale the data as shown in:
    https://scikit-learn.org/stable/modules/preprocessing.html
Please also refer to the documentation for alternative solver options:
    https://scikit-learn.org/stable/modules/linear_model.html#logistic-regression
  n_iter_i = _check_optimize_result(

2025-06-20 23:28:23,953:WARNING:/Users/robertoorazi/Repositories/Facultad/AA1-TUIA-2025C1-Gallardo-Orazi-Oviedo/Clasificacion/aa1/lib/python3.10/site-packages/sklearn/linear_model/_logistic.py:469: ConvergenceWarning: lbfgs failed to converge (status=1):
STOP: TOTAL NO. of ITERATIONS REACHED LIMIT.

Increase the number of iterations (max_iter) or scale the data as shown in:
    https://scikit-learn.org/stable/modules/preprocessing.html
Please also refer to the documentation for alternative solver options:
    https://scikit-learn.org/stable/modules/linear_model.html#logistic-regression
  n_iter_i = _check_optimize_result(

2025-06-20 23:28:28,792:WARNING:/Users/robertoorazi/Repositories/Facultad/AA1-TUIA-2025C1-Gallardo-Orazi-Oviedo/Clasificacion/aa1/lib/python3.10/site-packages/sklearn/linear_model/_logistic.py:469: ConvergenceWarning: lbfgs failed to converge (status=1):
STOP: TOTAL NO. of ITERATIONS REACHED LIMIT.

Increase the number of iterations (max_iter) or scale the data as shown in:
    https://scikit-learn.org/stable/modules/preprocessing.html
Please also refer to the documentation for alternative solver options:
    https://scikit-learn.org/stable/modules/linear_model.html#logistic-regression
  n_iter_i = _check_optimize_result(

2025-06-20 23:28:29,017:WARNING:/Users/robertoorazi/Repositories/Facultad/AA1-TUIA-2025C1-Gallardo-Orazi-Oviedo/Clasificacion/aa1/lib/python3.10/site-packages/sklearn/linear_model/_logistic.py:469: ConvergenceWarning: lbfgs failed to converge (status=1):
STOP: TOTAL NO. of ITERATIONS REACHED LIMIT.

Increase the number of iterations (max_iter) or scale the data as shown in:
    https://scikit-learn.org/stable/modules/preprocessing.html
Please also refer to the documentation for alternative solver options:
    https://scikit-learn.org/stable/modules/linear_model.html#logistic-regression
  n_iter_i = _check_optimize_result(

2025-06-20 23:28:29,184:INFO:Calculating mean and std
2025-06-20 23:28:29,241:INFO:Creating metrics dataframe
2025-06-20 23:28:29,411:INFO:Uploading results into container
2025-06-20 23:28:29,415:INFO:Uploading model into container now
2025-06-20 23:28:29,420:INFO:_master_model_container: 1
2025-06-20 23:28:29,420:INFO:_display_container: 2
2025-06-20 23:28:29,426:INFO:LogisticRegression(C=1.0, class_weight=None, dual=False, fit_intercept=True,
                   intercept_scaling=1, l1_ratio=None, max_iter=1000,
                   multi_class='auto', n_jobs=None, penalty='l2',
                   random_state=42, solver='lbfgs', tol=0.0001, verbose=0,
                   warm_start=False)
2025-06-20 23:28:29,426:INFO:create_model() successfully completed......................................
2025-06-20 23:28:32,234:INFO:SubProcess create_model() end ==================================
2025-06-20 23:28:32,234:INFO:Creating metrics dataframe
2025-06-20 23:28:32,242:INFO:Initializing K Neighbors Classifier
2025-06-20 23:28:32,242:INFO:Total runtime is 0.3855022350947062 minutes
2025-06-20 23:28:32,244:INFO:SubProcess create_model() called ==================================
2025-06-20 23:28:32,244:INFO:Initializing create_model()
2025-06-20 23:28:32,244:INFO:create_model(self=<pycaret.classification.oop.ClassificationExperiment object at 0x36988ac80>, estimator=knn, fold=StratifiedKFold(n_splits=10, random_state=None, shuffle=False), round=4, cross_validation=True, predict=True, fit_kwargs={}, groups=None, refit=False, probability_threshold=None, experiment_custom_tags=None, verbose=False, system=False, add_to_model_list=True, metrics=None, display=<pycaret.internal.display.display.CommonDisplay object at 0x36a803f10>, model_only=True, return_train_score=False, error_score=0.0, kwargs={})
2025-06-20 23:28:32,244:INFO:Checking exceptions
2025-06-20 23:28:32,244:INFO:Importing libraries
2025-06-20 23:28:32,245:INFO:Copying training dataset
2025-06-20 23:28:32,280:INFO:Defining folds
2025-06-20 23:28:32,280:INFO:Declaring metric variables
2025-06-20 23:28:32,282:INFO:Importing untrained model
2025-06-20 23:28:32,284:INFO:K Neighbors Classifier Imported successfully
2025-06-20 23:28:32,287:INFO:Starting cross validation
2025-06-20 23:28:32,287:INFO:Cross validating with StratifiedKFold(n_splits=10, random_state=None, shuffle=False), n_jobs=-1
2025-06-20 23:28:57,076:INFO:Calculating mean and std
2025-06-20 23:28:57,080:INFO:Creating metrics dataframe
2025-06-20 23:28:57,092:INFO:Uploading results into container
2025-06-20 23:28:57,093:INFO:Uploading model into container now
2025-06-20 23:28:57,094:INFO:_master_model_container: 2
2025-06-20 23:28:57,094:INFO:_display_container: 2
2025-06-20 23:28:57,095:INFO:KNeighborsClassifier(algorithm='auto', leaf_size=30, metric='minkowski',
                     metric_params=None, n_jobs=-1, n_neighbors=5, p=2,
                     weights='uniform')
2025-06-20 23:28:57,095:INFO:create_model() successfully completed......................................
2025-06-20 23:28:57,455:INFO:SubProcess create_model() end ==================================
2025-06-20 23:28:57,455:INFO:Creating metrics dataframe
2025-06-20 23:28:57,466:INFO:Initializing Naive Bayes
2025-06-20 23:28:57,466:INFO:Total runtime is 0.8059065699577331 minutes
2025-06-20 23:28:57,470:INFO:SubProcess create_model() called ==================================
2025-06-20 23:28:57,471:INFO:Initializing create_model()
2025-06-20 23:28:57,471:INFO:create_model(self=<pycaret.classification.oop.ClassificationExperiment object at 0x36988ac80>, estimator=nb, fold=StratifiedKFold(n_splits=10, random_state=None, shuffle=False), round=4, cross_validation=True, predict=True, fit_kwargs={}, groups=None, refit=False, probability_threshold=None, experiment_custom_tags=None, verbose=False, system=False, add_to_model_list=True, metrics=None, display=<pycaret.internal.display.display.CommonDisplay object at 0x36a803f10>, model_only=True, return_train_score=False, error_score=0.0, kwargs={})
2025-06-20 23:28:57,471:INFO:Checking exceptions
2025-06-20 23:28:57,471:INFO:Importing libraries
2025-06-20 23:28:57,471:INFO:Copying training dataset
2025-06-20 23:28:57,639:INFO:Defining folds
2025-06-20 23:28:57,640:INFO:Declaring metric variables
2025-06-20 23:28:57,644:INFO:Importing untrained model
2025-06-20 23:28:57,648:INFO:Naive Bayes Imported successfully
2025-06-20 23:28:57,658:INFO:Starting cross validation
2025-06-20 23:28:57,659:INFO:Cross validating with StratifiedKFold(n_splits=10, random_state=None, shuffle=False), n_jobs=-1
2025-06-20 23:28:58,528:INFO:Calculating mean and std
2025-06-20 23:28:58,533:INFO:Creating metrics dataframe
2025-06-20 23:28:58,541:INFO:Uploading results into container
2025-06-20 23:28:58,542:INFO:Uploading model into container now
2025-06-20 23:28:58,542:INFO:_master_model_container: 3
2025-06-20 23:28:58,542:INFO:_display_container: 2
2025-06-20 23:28:58,543:INFO:GaussianNB(priors=None, var_smoothing=1e-09)
2025-06-20 23:28:58,543:INFO:create_model() successfully completed......................................
2025-06-20 23:28:58,966:INFO:SubProcess create_model() end ==================================
2025-06-20 23:28:58,967:INFO:Creating metrics dataframe
2025-06-20 23:28:58,982:INFO:Initializing Decision Tree Classifier
2025-06-20 23:28:58,982:INFO:Total runtime is 0.831174886226654 minutes
2025-06-20 23:28:58,986:INFO:SubProcess create_model() called ==================================
2025-06-20 23:28:58,986:INFO:Initializing create_model()
2025-06-20 23:28:58,987:INFO:create_model(self=<pycaret.classification.oop.ClassificationExperiment object at 0x36988ac80>, estimator=dt, fold=StratifiedKFold(n_splits=10, random_state=None, shuffle=False), round=4, cross_validation=True, predict=True, fit_kwargs={}, groups=None, refit=False, probability_threshold=None, experiment_custom_tags=None, verbose=False, system=False, add_to_model_list=True, metrics=None, display=<pycaret.internal.display.display.CommonDisplay object at 0x36a803f10>, model_only=True, return_train_score=False, error_score=0.0, kwargs={})
2025-06-20 23:28:58,987:INFO:Checking exceptions
2025-06-20 23:28:58,987:INFO:Importing libraries
2025-06-20 23:28:58,988:INFO:Copying training dataset
2025-06-20 23:28:59,031:INFO:Defining folds
2025-06-20 23:28:59,032:INFO:Declaring metric variables
2025-06-20 23:28:59,034:INFO:Importing untrained model
2025-06-20 23:28:59,035:INFO:Decision Tree Classifier Imported successfully
2025-06-20 23:28:59,039:INFO:Starting cross validation
2025-06-20 23:28:59,039:INFO:Cross validating with StratifiedKFold(n_splits=10, random_state=None, shuffle=False), n_jobs=-1
2025-06-20 23:29:03,717:INFO:Calculating mean and std
2025-06-20 23:29:03,722:INFO:Creating metrics dataframe
2025-06-20 23:29:03,736:INFO:Uploading results into container
2025-06-20 23:29:03,736:INFO:Uploading model into container now
2025-06-20 23:29:03,737:INFO:_master_model_container: 4
2025-06-20 23:29:03,737:INFO:_display_container: 2
2025-06-20 23:29:03,738:INFO:DecisionTreeClassifier(ccp_alpha=0.0, class_weight=None, criterion='gini',
                       max_depth=None, max_features=None, max_leaf_nodes=None,
                       min_impurity_decrease=0.0, min_samples_leaf=1,
                       min_samples_split=2, min_weight_fraction_leaf=0.0,
                       monotonic_cst=None, random_state=42, splitter='best')
2025-06-20 23:29:03,738:INFO:create_model() successfully completed......................................
2025-06-20 23:29:03,992:INFO:SubProcess create_model() end ==================================
2025-06-20 23:29:03,992:INFO:Creating metrics dataframe
2025-06-20 23:29:03,997:INFO:Initializing SVM - Linear Kernel
2025-06-20 23:29:03,997:INFO:Total runtime is 0.914752185344696 minutes
2025-06-20 23:29:03,999:INFO:SubProcess create_model() called ==================================
2025-06-20 23:29:03,999:INFO:Initializing create_model()
2025-06-20 23:29:03,999:INFO:create_model(self=<pycaret.classification.oop.ClassificationExperiment object at 0x36988ac80>, estimator=svm, fold=StratifiedKFold(n_splits=10, random_state=None, shuffle=False), round=4, cross_validation=True, predict=True, fit_kwargs={}, groups=None, refit=False, probability_threshold=None, experiment_custom_tags=None, verbose=False, system=False, add_to_model_list=True, metrics=None, display=<pycaret.internal.display.display.CommonDisplay object at 0x36a803f10>, model_only=True, return_train_score=False, error_score=0.0, kwargs={})
2025-06-20 23:29:03,999:INFO:Checking exceptions
2025-06-20 23:29:03,999:INFO:Importing libraries
2025-06-20 23:29:03,999:INFO:Copying training dataset
2025-06-20 23:29:04,076:INFO:Defining folds
2025-06-20 23:29:04,076:INFO:Declaring metric variables
2025-06-20 23:29:04,079:INFO:Importing untrained model
2025-06-20 23:29:04,082:INFO:SVM - Linear Kernel Imported successfully
2025-06-20 23:29:04,085:INFO:Starting cross validation
2025-06-20 23:29:04,086:INFO:Cross validating with StratifiedKFold(n_splits=10, random_state=None, shuffle=False), n_jobs=-1
2025-06-20 23:29:23,764:INFO:Calculating mean and std
2025-06-20 23:29:23,769:INFO:Creating metrics dataframe
2025-06-20 23:29:23,780:INFO:Uploading results into container
2025-06-20 23:29:23,783:INFO:Uploading model into container now
2025-06-20 23:29:23,784:INFO:_master_model_container: 5
2025-06-20 23:29:23,784:INFO:_display_container: 2
2025-06-20 23:29:23,786:INFO:SGDClassifier(alpha=0.0001, average=False, class_weight=None,
              early_stopping=False, epsilon=0.1, eta0=0.001, fit_intercept=True,
              l1_ratio=0.15, learning_rate='optimal', loss='hinge',
              max_iter=1000, n_iter_no_change=5, n_jobs=-1, penalty='l2',
              power_t=0.5, random_state=42, shuffle=True, tol=0.001,
              validation_fraction=0.1, verbose=0, warm_start=False)
2025-06-20 23:29:23,786:INFO:create_model() successfully completed......................................
2025-06-20 23:29:24,014:INFO:SubProcess create_model() end ==================================
2025-06-20 23:29:24,014:INFO:Creating metrics dataframe
2025-06-20 23:29:24,019:INFO:Initializing Ridge Classifier
2025-06-20 23:29:24,020:INFO:Total runtime is 1.2484603881835938 minutes
2025-06-20 23:29:24,021:INFO:SubProcess create_model() called ==================================
2025-06-20 23:29:24,021:INFO:Initializing create_model()
2025-06-20 23:29:24,021:INFO:create_model(self=<pycaret.classification.oop.ClassificationExperiment object at 0x36988ac80>, estimator=ridge, fold=StratifiedKFold(n_splits=10, random_state=None, shuffle=False), round=4, cross_validation=True, predict=True, fit_kwargs={}, groups=None, refit=False, probability_threshold=None, experiment_custom_tags=None, verbose=False, system=False, add_to_model_list=True, metrics=None, display=<pycaret.internal.display.display.CommonDisplay object at 0x36a803f10>, model_only=True, return_train_score=False, error_score=0.0, kwargs={})
2025-06-20 23:29:24,022:INFO:Checking exceptions
2025-06-20 23:29:24,022:INFO:Importing libraries
2025-06-20 23:29:24,022:INFO:Copying training dataset
2025-06-20 23:29:24,093:INFO:Defining folds
2025-06-20 23:29:24,093:INFO:Declaring metric variables
2025-06-20 23:29:24,095:INFO:Importing untrained model
2025-06-20 23:29:24,097:INFO:Ridge Classifier Imported successfully
2025-06-20 23:29:24,100:INFO:Starting cross validation
2025-06-20 23:29:24,100:INFO:Cross validating with StratifiedKFold(n_splits=10, random_state=None, shuffle=False), n_jobs=-1
2025-06-20 23:29:24,862:INFO:Calculating mean and std
2025-06-20 23:29:24,866:INFO:Creating metrics dataframe
2025-06-20 23:29:24,873:INFO:Uploading results into container
2025-06-20 23:29:24,874:INFO:Uploading model into container now
2025-06-20 23:29:24,875:INFO:_master_model_container: 6
2025-06-20 23:29:24,875:INFO:_display_container: 2
2025-06-20 23:29:24,876:INFO:RidgeClassifier(alpha=1.0, class_weight=None, copy_X=True, fit_intercept=True,
                max_iter=None, positive=False, random_state=42, solver='auto',
                tol=0.0001)
2025-06-20 23:29:24,877:INFO:create_model() successfully completed......................................
2025-06-20 23:29:25,117:INFO:SubProcess create_model() end ==================================
2025-06-20 23:29:25,117:INFO:Creating metrics dataframe
2025-06-20 23:29:25,125:INFO:Initializing Random Forest Classifier
2025-06-20 23:29:25,126:INFO:Total runtime is 1.2668927192687989 minutes
2025-06-20 23:29:25,128:INFO:SubProcess create_model() called ==================================
2025-06-20 23:29:25,129:INFO:Initializing create_model()
2025-06-20 23:29:25,129:INFO:create_model(self=<pycaret.classification.oop.ClassificationExperiment object at 0x36988ac80>, estimator=rf, fold=StratifiedKFold(n_splits=10, random_state=None, shuffle=False), round=4, cross_validation=True, predict=True, fit_kwargs={}, groups=None, refit=False, probability_threshold=None, experiment_custom_tags=None, verbose=False, system=False, add_to_model_list=True, metrics=None, display=<pycaret.internal.display.display.CommonDisplay object at 0x36a803f10>, model_only=True, return_train_score=False, error_score=0.0, kwargs={})
2025-06-20 23:29:25,129:INFO:Checking exceptions
2025-06-20 23:29:25,129:INFO:Importing libraries
2025-06-20 23:29:25,129:INFO:Copying training dataset
2025-06-20 23:29:25,279:INFO:Defining folds
2025-06-20 23:29:25,279:INFO:Declaring metric variables
2025-06-20 23:29:25,281:INFO:Importing untrained model
2025-06-20 23:29:25,283:INFO:Random Forest Classifier Imported successfully
2025-06-20 23:29:25,287:INFO:Starting cross validation
2025-06-20 23:29:25,287:INFO:Cross validating with StratifiedKFold(n_splits=10, random_state=None, shuffle=False), n_jobs=-1
2025-06-20 23:30:11,441:INFO:Calculating mean and std
2025-06-20 23:30:11,448:INFO:Creating metrics dataframe
2025-06-20 23:30:11,460:INFO:Uploading results into container
2025-06-20 23:30:11,461:INFO:Uploading model into container now
2025-06-20 23:30:11,464:INFO:_master_model_container: 7
2025-06-20 23:30:11,464:INFO:_display_container: 2
2025-06-20 23:30:11,466:INFO:RandomForestClassifier(bootstrap=True, ccp_alpha=0.0, class_weight=None,
                       criterion='gini', max_depth=None, max_features='sqrt',
                       max_leaf_nodes=None, max_samples=None,
                       min_impurity_decrease=0.0, min_samples_leaf=1,
                       min_samples_split=2, min_weight_fraction_leaf=0.0,
                       monotonic_cst=None, n_estimators=100, n_jobs=-1,
                       oob_score=False, random_state=42, verbose=0,
                       warm_start=False)
2025-06-20 23:30:11,466:INFO:create_model() successfully completed......................................
2025-06-20 23:30:11,781:INFO:SubProcess create_model() end ==================================
2025-06-20 23:30:11,781:INFO:Creating metrics dataframe
2025-06-20 23:30:11,787:INFO:Initializing Quadratic Discriminant Analysis
2025-06-20 23:30:11,787:INFO:Total runtime is 2.0445800383885704 minutes
2025-06-20 23:30:11,789:INFO:SubProcess create_model() called ==================================
2025-06-20 23:30:11,790:INFO:Initializing create_model()
2025-06-20 23:30:11,790:INFO:create_model(self=<pycaret.classification.oop.ClassificationExperiment object at 0x36988ac80>, estimator=qda, fold=StratifiedKFold(n_splits=10, random_state=None, shuffle=False), round=4, cross_validation=True, predict=True, fit_kwargs={}, groups=None, refit=False, probability_threshold=None, experiment_custom_tags=None, verbose=False, system=False, add_to_model_list=True, metrics=None, display=<pycaret.internal.display.display.CommonDisplay object at 0x36a803f10>, model_only=True, return_train_score=False, error_score=0.0, kwargs={})
2025-06-20 23:30:11,790:INFO:Checking exceptions
2025-06-20 23:30:11,790:INFO:Importing libraries
2025-06-20 23:30:11,790:INFO:Copying training dataset
2025-06-20 23:30:11,888:INFO:Defining folds
2025-06-20 23:30:11,888:INFO:Declaring metric variables
2025-06-20 23:30:11,890:INFO:Importing untrained model
2025-06-20 23:30:11,892:INFO:Quadratic Discriminant Analysis Imported successfully
2025-06-20 23:30:11,895:INFO:Starting cross validation
2025-06-20 23:30:11,896:INFO:Cross validating with StratifiedKFold(n_splits=10, random_state=None, shuffle=False), n_jobs=-1
2025-06-20 23:30:13,788:INFO:Calculating mean and std
2025-06-20 23:30:13,792:INFO:Creating metrics dataframe
2025-06-20 23:30:13,801:INFO:Uploading results into container
2025-06-20 23:30:13,802:INFO:Uploading model into container now
2025-06-20 23:30:13,803:INFO:_master_model_container: 8
2025-06-20 23:30:13,803:INFO:_display_container: 2
2025-06-20 23:30:13,807:INFO:QuadraticDiscriminantAnalysis(priors=None, reg_param=0.0,
                              store_covariance=False, tol=0.0001)
2025-06-20 23:30:13,808:INFO:create_model() successfully completed......................................
2025-06-20 23:30:14,072:INFO:SubProcess create_model() end ==================================
2025-06-20 23:30:14,073:INFO:Creating metrics dataframe
2025-06-20 23:30:14,081:INFO:Initializing Ada Boost Classifier
2025-06-20 23:30:14,081:INFO:Total runtime is 2.0828232844670618 minutes
2025-06-20 23:30:14,083:INFO:SubProcess create_model() called ==================================
2025-06-20 23:30:14,084:INFO:Initializing create_model()
2025-06-20 23:30:14,084:INFO:create_model(self=<pycaret.classification.oop.ClassificationExperiment object at 0x36988ac80>, estimator=ada, fold=StratifiedKFold(n_splits=10, random_state=None, shuffle=False), round=4, cross_validation=True, predict=True, fit_kwargs={}, groups=None, refit=False, probability_threshold=None, experiment_custom_tags=None, verbose=False, system=False, add_to_model_list=True, metrics=None, display=<pycaret.internal.display.display.CommonDisplay object at 0x36a803f10>, model_only=True, return_train_score=False, error_score=0.0, kwargs={})
2025-06-20 23:30:14,084:INFO:Checking exceptions
2025-06-20 23:30:14,084:INFO:Importing libraries
2025-06-20 23:30:14,084:INFO:Copying training dataset
2025-06-20 23:30:14,148:INFO:Defining folds
2025-06-20 23:30:14,149:INFO:Declaring metric variables
2025-06-20 23:30:14,150:INFO:Importing untrained model
2025-06-20 23:30:14,152:INFO:Ada Boost Classifier Imported successfully
2025-06-20 23:30:14,155:INFO:Starting cross validation
2025-06-20 23:30:14,156:INFO:Cross validating with StratifiedKFold(n_splits=10, random_state=None, shuffle=False), n_jobs=-1
2025-06-20 23:30:14,392:WARNING:/Users/robertoorazi/Repositories/Facultad/AA1-TUIA-2025C1-Gallardo-Orazi-Oviedo/Clasificacion/aa1/lib/python3.10/site-packages/sklearn/ensemble/_weight_boosting.py:519: FutureWarning: The SAMME.R algorithm (the default) is deprecated and will be removed in 1.6. Use the SAMME algorithm to circumvent this warning.
  warnings.warn(

2025-06-20 23:30:14,398:WARNING:/Users/robertoorazi/Repositories/Facultad/AA1-TUIA-2025C1-Gallardo-Orazi-Oviedo/Clasificacion/aa1/lib/python3.10/site-packages/sklearn/ensemble/_weight_boosting.py:519: FutureWarning: The SAMME.R algorithm (the default) is deprecated and will be removed in 1.6. Use the SAMME algorithm to circumvent this warning.
  warnings.warn(

2025-06-20 23:30:14,432:WARNING:/Users/robertoorazi/Repositories/Facultad/AA1-TUIA-2025C1-Gallardo-Orazi-Oviedo/Clasificacion/aa1/lib/python3.10/site-packages/sklearn/ensemble/_weight_boosting.py:519: FutureWarning: The SAMME.R algorithm (the default) is deprecated and will be removed in 1.6. Use the SAMME algorithm to circumvent this warning.
  warnings.warn(

2025-06-20 23:30:14,538:WARNING:/Users/robertoorazi/Repositories/Facultad/AA1-TUIA-2025C1-Gallardo-Orazi-Oviedo/Clasificacion/aa1/lib/python3.10/site-packages/sklearn/ensemble/_weight_boosting.py:519: FutureWarning: The SAMME.R algorithm (the default) is deprecated and will be removed in 1.6. Use the SAMME algorithm to circumvent this warning.
  warnings.warn(

2025-06-20 23:30:14,561:WARNING:/Users/robertoorazi/Repositories/Facultad/AA1-TUIA-2025C1-Gallardo-Orazi-Oviedo/Clasificacion/aa1/lib/python3.10/site-packages/sklearn/ensemble/_weight_boosting.py:519: FutureWarning: The SAMME.R algorithm (the default) is deprecated and will be removed in 1.6. Use the SAMME algorithm to circumvent this warning.
  warnings.warn(

2025-06-20 23:30:14,657:WARNING:/Users/robertoorazi/Repositories/Facultad/AA1-TUIA-2025C1-Gallardo-Orazi-Oviedo/Clasificacion/aa1/lib/python3.10/site-packages/sklearn/ensemble/_weight_boosting.py:519: FutureWarning: The SAMME.R algorithm (the default) is deprecated and will be removed in 1.6. Use the SAMME algorithm to circumvent this warning.
  warnings.warn(

2025-06-20 23:30:14,695:WARNING:/Users/robertoorazi/Repositories/Facultad/AA1-TUIA-2025C1-Gallardo-Orazi-Oviedo/Clasificacion/aa1/lib/python3.10/site-packages/sklearn/ensemble/_weight_boosting.py:519: FutureWarning: The SAMME.R algorithm (the default) is deprecated and will be removed in 1.6. Use the SAMME algorithm to circumvent this warning.
  warnings.warn(

2025-06-20 23:30:14,849:WARNING:/Users/robertoorazi/Repositories/Facultad/AA1-TUIA-2025C1-Gallardo-Orazi-Oviedo/Clasificacion/aa1/lib/python3.10/site-packages/sklearn/ensemble/_weight_boosting.py:519: FutureWarning: The SAMME.R algorithm (the default) is deprecated and will be removed in 1.6. Use the SAMME algorithm to circumvent this warning.
  warnings.warn(

2025-06-20 23:30:22,448:WARNING:/Users/robertoorazi/Repositories/Facultad/AA1-TUIA-2025C1-Gallardo-Orazi-Oviedo/Clasificacion/aa1/lib/python3.10/site-packages/sklearn/ensemble/_weight_boosting.py:519: FutureWarning: The SAMME.R algorithm (the default) is deprecated and will be removed in 1.6. Use the SAMME algorithm to circumvent this warning.
  warnings.warn(

2025-06-20 23:30:22,486:WARNING:/Users/robertoorazi/Repositories/Facultad/AA1-TUIA-2025C1-Gallardo-Orazi-Oviedo/Clasificacion/aa1/lib/python3.10/site-packages/sklearn/ensemble/_weight_boosting.py:519: FutureWarning: The SAMME.R algorithm (the default) is deprecated and will be removed in 1.6. Use the SAMME algorithm to circumvent this warning.
  warnings.warn(

2025-06-20 23:30:26,622:INFO:Calculating mean and std
2025-06-20 23:30:26,627:INFO:Creating metrics dataframe
2025-06-20 23:30:26,644:INFO:Uploading results into container
2025-06-20 23:30:26,646:INFO:Uploading model into container now
2025-06-20 23:30:26,647:INFO:_master_model_container: 9
2025-06-20 23:30:26,647:INFO:_display_container: 2
2025-06-20 23:30:26,648:INFO:AdaBoostClassifier(algorithm='SAMME.R', estimator=None, learning_rate=1.0,
                   n_estimators=50, random_state=42)
2025-06-20 23:30:26,648:INFO:create_model() successfully completed......................................
2025-06-20 23:30:26,874:INFO:SubProcess create_model() end ==================================
2025-06-20 23:30:26,874:INFO:Creating metrics dataframe
2025-06-20 23:30:26,880:INFO:Initializing Gradient Boosting Classifier
2025-06-20 23:30:26,880:INFO:Total runtime is 2.2961406707763676 minutes
2025-06-20 23:30:26,882:INFO:SubProcess create_model() called ==================================
2025-06-20 23:30:26,882:INFO:Initializing create_model()
2025-06-20 23:30:26,882:INFO:create_model(self=<pycaret.classification.oop.ClassificationExperiment object at 0x36988ac80>, estimator=gbc, fold=StratifiedKFold(n_splits=10, random_state=None, shuffle=False), round=4, cross_validation=True, predict=True, fit_kwargs={}, groups=None, refit=False, probability_threshold=None, experiment_custom_tags=None, verbose=False, system=False, add_to_model_list=True, metrics=None, display=<pycaret.internal.display.display.CommonDisplay object at 0x36a803f10>, model_only=True, return_train_score=False, error_score=0.0, kwargs={})
2025-06-20 23:30:26,882:INFO:Checking exceptions
2025-06-20 23:30:26,882:INFO:Importing libraries
2025-06-20 23:30:26,883:INFO:Copying training dataset
2025-06-20 23:30:26,950:INFO:Defining folds
2025-06-20 23:30:26,950:INFO:Declaring metric variables
2025-06-20 23:30:26,952:INFO:Importing untrained model
2025-06-20 23:30:26,960:INFO:Gradient Boosting Classifier Imported successfully
2025-06-20 23:30:26,966:INFO:Starting cross validation
2025-06-20 23:30:26,966:INFO:Cross validating with StratifiedKFold(n_splits=10, random_state=None, shuffle=False), n_jobs=-1
2025-06-20 23:31:25,066:INFO:Calculating mean and std
2025-06-20 23:31:25,072:INFO:Creating metrics dataframe
2025-06-20 23:31:25,080:INFO:Uploading results into container
2025-06-20 23:31:25,081:INFO:Uploading model into container now
2025-06-20 23:31:25,082:INFO:_master_model_container: 10
2025-06-20 23:31:25,082:INFO:_display_container: 2
2025-06-20 23:31:25,087:INFO:GradientBoostingClassifier(ccp_alpha=0.0, criterion='friedman_mse', init=None,
                           learning_rate=0.1, loss='log_loss', max_depth=3,
                           max_features=None, max_leaf_nodes=None,
                           min_impurity_decrease=0.0, min_samples_leaf=1,
                           min_samples_split=2, min_weight_fraction_leaf=0.0,
                           n_estimators=100, n_iter_no_change=None,
                           random_state=42, subsample=1.0, tol=0.0001,
                           validation_fraction=0.1, verbose=0,
                           warm_start=False)
2025-06-20 23:31:25,087:INFO:create_model() successfully completed......................................
2025-06-20 23:31:25,328:INFO:SubProcess create_model() end ==================================
2025-06-20 23:31:25,328:INFO:Creating metrics dataframe
2025-06-20 23:31:25,334:INFO:Initializing Linear Discriminant Analysis
2025-06-20 23:31:25,334:INFO:Total runtime is 3.270374417304993 minutes
2025-06-20 23:31:25,336:INFO:SubProcess create_model() called ==================================
2025-06-20 23:31:25,337:INFO:Initializing create_model()
2025-06-20 23:31:25,337:INFO:create_model(self=<pycaret.classification.oop.ClassificationExperiment object at 0x36988ac80>, estimator=lda, fold=StratifiedKFold(n_splits=10, random_state=None, shuffle=False), round=4, cross_validation=True, predict=True, fit_kwargs={}, groups=None, refit=False, probability_threshold=None, experiment_custom_tags=None, verbose=False, system=False, add_to_model_list=True, metrics=None, display=<pycaret.internal.display.display.CommonDisplay object at 0x36a803f10>, model_only=True, return_train_score=False, error_score=0.0, kwargs={})
2025-06-20 23:31:25,337:INFO:Checking exceptions
2025-06-20 23:31:25,337:INFO:Importing libraries
2025-06-20 23:31:25,337:INFO:Copying training dataset
2025-06-20 23:31:25,392:INFO:Defining folds
2025-06-20 23:31:25,393:INFO:Declaring metric variables
2025-06-20 23:31:25,399:INFO:Importing untrained model
2025-06-20 23:31:25,404:INFO:Linear Discriminant Analysis Imported successfully
2025-06-20 23:31:25,408:INFO:Starting cross validation
2025-06-20 23:31:25,409:INFO:Cross validating with StratifiedKFold(n_splits=10, random_state=None, shuffle=False), n_jobs=-1
2025-06-20 23:31:27,007:INFO:Calculating mean and std
2025-06-20 23:31:27,014:INFO:Creating metrics dataframe
2025-06-20 23:31:27,025:INFO:Uploading results into container
2025-06-20 23:31:27,026:INFO:Uploading model into container now
2025-06-20 23:31:27,027:INFO:_master_model_container: 11
2025-06-20 23:31:27,027:INFO:_display_container: 2
2025-06-20 23:31:27,028:INFO:LinearDiscriminantAnalysis(covariance_estimator=None, n_components=None,
                           priors=None, shrinkage=None, solver='svd',
                           store_covariance=False, tol=0.0001)
2025-06-20 23:31:27,028:INFO:create_model() successfully completed......................................
2025-06-20 23:31:27,279:INFO:SubProcess create_model() end ==================================
2025-06-20 23:31:27,279:INFO:Creating metrics dataframe
2025-06-20 23:31:27,286:INFO:Initializing Extra Trees Classifier
2025-06-20 23:31:27,286:INFO:Total runtime is 3.302904017766317 minutes
2025-06-20 23:31:27,288:INFO:SubProcess create_model() called ==================================
2025-06-20 23:31:27,288:INFO:Initializing create_model()
2025-06-20 23:31:27,288:INFO:create_model(self=<pycaret.classification.oop.ClassificationExperiment object at 0x36988ac80>, estimator=et, fold=StratifiedKFold(n_splits=10, random_state=None, shuffle=False), round=4, cross_validation=True, predict=True, fit_kwargs={}, groups=None, refit=False, probability_threshold=None, experiment_custom_tags=None, verbose=False, system=False, add_to_model_list=True, metrics=None, display=<pycaret.internal.display.display.CommonDisplay object at 0x36a803f10>, model_only=True, return_train_score=False, error_score=0.0, kwargs={})
2025-06-20 23:31:27,288:INFO:Checking exceptions
2025-06-20 23:31:27,288:INFO:Importing libraries
2025-06-20 23:31:27,288:INFO:Copying training dataset
2025-06-20 23:31:27,362:INFO:Defining folds
2025-06-20 23:31:27,362:INFO:Declaring metric variables
2025-06-20 23:31:27,364:INFO:Importing untrained model
2025-06-20 23:31:27,366:INFO:Extra Trees Classifier Imported successfully
2025-06-20 23:31:27,368:INFO:Starting cross validation
2025-06-20 23:31:27,369:INFO:Cross validating with StratifiedKFold(n_splits=10, random_state=None, shuffle=False), n_jobs=-1
2025-06-20 23:32:04,244:INFO:Calculating mean and std
2025-06-20 23:32:04,268:INFO:Creating metrics dataframe
2025-06-20 23:32:04,298:INFO:Uploading results into container
2025-06-20 23:32:04,301:INFO:Uploading model into container now
2025-06-20 23:32:04,304:INFO:_master_model_container: 12
2025-06-20 23:32:04,304:INFO:_display_container: 2
2025-06-20 23:32:04,314:INFO:ExtraTreesClassifier(bootstrap=False, ccp_alpha=0.0, class_weight=None,
                     criterion='gini', max_depth=None, max_features='sqrt',
                     max_leaf_nodes=None, max_samples=None,
                     min_impurity_decrease=0.0, min_samples_leaf=1,
                     min_samples_split=2, min_weight_fraction_leaf=0.0,
                     monotonic_cst=None, n_estimators=100, n_jobs=-1,
                     oob_score=False, random_state=42, verbose=0,
                     warm_start=False)
2025-06-20 23:32:04,314:INFO:create_model() successfully completed......................................
2025-06-20 23:32:04,835:INFO:SubProcess create_model() end ==================================
2025-06-20 23:32:04,836:INFO:Creating metrics dataframe
2025-06-20 23:32:04,847:INFO:Initializing Light Gradient Boosting Machine
2025-06-20 23:32:04,847:INFO:Total runtime is 3.9289125363032027 minutes
2025-06-20 23:32:04,849:INFO:SubProcess create_model() called ==================================
2025-06-20 23:32:04,850:INFO:Initializing create_model()
2025-06-20 23:32:04,850:INFO:create_model(self=<pycaret.classification.oop.ClassificationExperiment object at 0x36988ac80>, estimator=lightgbm, fold=StratifiedKFold(n_splits=10, random_state=None, shuffle=False), round=4, cross_validation=True, predict=True, fit_kwargs={}, groups=None, refit=False, probability_threshold=None, experiment_custom_tags=None, verbose=False, system=False, add_to_model_list=True, metrics=None, display=<pycaret.internal.display.display.CommonDisplay object at 0x36a803f10>, model_only=True, return_train_score=False, error_score=0.0, kwargs={})
2025-06-20 23:32:04,850:INFO:Checking exceptions
2025-06-20 23:32:04,850:INFO:Importing libraries
2025-06-20 23:32:04,850:INFO:Copying training dataset
2025-06-20 23:32:04,920:INFO:Defining folds
2025-06-20 23:32:04,920:INFO:Declaring metric variables
2025-06-20 23:32:04,923:INFO:Importing untrained model
2025-06-20 23:32:04,927:INFO:Light Gradient Boosting Machine Imported successfully
2025-06-20 23:32:04,935:INFO:Starting cross validation
2025-06-20 23:32:04,936:INFO:Cross validating with StratifiedKFold(n_splits=10, random_state=None, shuffle=False), n_jobs=-1
2025-06-20 23:32:12,060:INFO:[LightGBM] [Warning] Found whitespace in feature_names, replace with underlines
2025-06-20 23:32:12,062:INFO:[LightGBM] [Info] Number of positive: 22983, number of negative: 79396
2025-06-20 23:32:12,072:INFO:[LightGBM] [Info] Auto-choosing row-wise multi-threading, the overhead of testing was 0.005398 seconds.
2025-06-20 23:32:12,072:INFO:You can set `force_row_wise=true` to remove the overhead.
2025-06-20 23:32:12,072:INFO:And if memory is not enough, you can set `force_col_wise=true`.
2025-06-20 23:32:12,072:INFO:[LightGBM] [Info] Total Bins 2670
2025-06-20 23:32:12,072:INFO:[LightGBM] [Info] Number of data points in the train set: 102379, number of used features: 27
2025-06-20 23:32:12,073:INFO:[LightGBM] [Info] [binary:BoostFromScore]: pavg=0.224489 -> initscore=-1.239693
2025-06-20 23:32:12,073:INFO:[LightGBM] [Info] Start training from score -1.239693
2025-06-20 23:32:12,653:INFO:[LightGBM] [Warning] Found whitespace in feature_names, replace with underlines
2025-06-20 23:32:12,655:INFO:[LightGBM] [Info] Number of positive: 22983, number of negative: 79396
2025-06-20 23:32:12,665:INFO:[LightGBM] [Warning] Found whitespace in feature_names, replace with underlines
2025-06-20 23:32:12,667:INFO:[LightGBM] [Info] Number of positive: 22983, number of negative: 79396
2025-06-20 23:32:12,675:INFO:[LightGBM] [Info] Auto-choosing row-wise multi-threading, the overhead of testing was 0.014400 seconds.
2025-06-20 23:32:12,675:INFO:You can set `force_row_wise=true` to remove the overhead.
2025-06-20 23:32:12,675:INFO:And if memory is not enough, you can set `force_col_wise=true`.
2025-06-20 23:32:12,675:INFO:[LightGBM] [Info] Total Bins 2671
2025-06-20 23:32:12,676:INFO:[LightGBM] [Info] Number of data points in the train set: 102379, number of used features: 27
2025-06-20 23:32:12,678:INFO:[LightGBM] [Info] [binary:BoostFromScore]: pavg=0.224489 -> initscore=-1.239693
2025-06-20 23:32:12,679:INFO:[LightGBM] [Info] Start training from score -1.239693
2025-06-20 23:32:12,684:INFO:[LightGBM] [Info] Auto-choosing row-wise multi-threading, the overhead of testing was 0.005492 seconds.
2025-06-20 23:32:12,685:INFO:You can set `force_row_wise=true` to remove the overhead.
2025-06-20 23:32:12,685:INFO:And if memory is not enough, you can set `force_col_wise=true`.
2025-06-20 23:32:12,685:INFO:[LightGBM] [Info] Total Bins 2671
2025-06-20 23:32:12,685:INFO:[LightGBM] [Info] Number of data points in the train set: 102379, number of used features: 27
2025-06-20 23:32:12,687:INFO:[LightGBM] [Info] [binary:BoostFromScore]: pavg=0.224489 -> initscore=-1.239693
2025-06-20 23:32:12,687:INFO:[LightGBM] [Info] Start training from score -1.239693
2025-06-20 23:32:14,697:INFO:Calculating mean and std
2025-06-20 23:32:14,705:INFO:Creating metrics dataframe
2025-06-20 23:32:14,718:INFO:Uploading results into container
2025-06-20 23:32:14,720:INFO:Uploading model into container now
2025-06-20 23:32:14,722:INFO:_master_model_container: 13
2025-06-20 23:32:14,722:INFO:_display_container: 2
2025-06-20 23:32:14,724:INFO:LGBMClassifier(boosting_type='gbdt', class_weight=None, colsample_bytree=1.0,
               importance_type='split', learning_rate=0.1, max_depth=-1,
               min_child_samples=20, min_child_weight=0.001, min_split_gain=0.0,
               n_estimators=100, n_jobs=-1, num_leaves=31, objective=None,
               random_state=42, reg_alpha=0.0, reg_lambda=0.0, subsample=1.0,
               subsample_for_bin=200000, subsample_freq=0)
2025-06-20 23:32:14,724:INFO:create_model() successfully completed......................................
2025-06-20 23:32:15,053:INFO:SubProcess create_model() end ==================================
2025-06-20 23:32:15,053:INFO:Creating metrics dataframe
2025-06-20 23:32:15,060:INFO:Initializing Dummy Classifier
2025-06-20 23:32:15,060:INFO:Total runtime is 4.099140783150991 minutes
2025-06-20 23:32:15,063:INFO:SubProcess create_model() called ==================================
2025-06-20 23:32:15,063:INFO:Initializing create_model()
2025-06-20 23:32:15,063:INFO:create_model(self=<pycaret.classification.oop.ClassificationExperiment object at 0x36988ac80>, estimator=dummy, fold=StratifiedKFold(n_splits=10, random_state=None, shuffle=False), round=4, cross_validation=True, predict=True, fit_kwargs={}, groups=None, refit=False, probability_threshold=None, experiment_custom_tags=None, verbose=False, system=False, add_to_model_list=True, metrics=None, display=<pycaret.internal.display.display.CommonDisplay object at 0x36a803f10>, model_only=True, return_train_score=False, error_score=0.0, kwargs={})
2025-06-20 23:32:15,063:INFO:Checking exceptions
2025-06-20 23:32:15,063:INFO:Importing libraries
2025-06-20 23:32:15,063:INFO:Copying training dataset
2025-06-20 23:32:15,162:INFO:Defining folds
2025-06-20 23:32:15,162:INFO:Declaring metric variables
2025-06-20 23:32:15,165:INFO:Importing untrained model
2025-06-20 23:32:15,170:INFO:Dummy Classifier Imported successfully
2025-06-20 23:32:15,174:INFO:Starting cross validation
2025-06-20 23:32:15,175:INFO:Cross validating with StratifiedKFold(n_splits=10, random_state=None, shuffle=False), n_jobs=-1
2025-06-20 23:32:15,705:WARNING:/Users/robertoorazi/Repositories/Facultad/AA1-TUIA-2025C1-Gallardo-Orazi-Oviedo/Clasificacion/aa1/lib/python3.10/site-packages/sklearn/metrics/_classification.py:1509: UndefinedMetricWarning: Precision is ill-defined and being set to 0.0 due to no predicted samples. Use `zero_division` parameter to control this behavior.
  _warn_prf(average, modifier, f"{metric.capitalize()} is", len(result))

2025-06-20 23:32:15,738:WARNING:/Users/robertoorazi/Repositories/Facultad/AA1-TUIA-2025C1-Gallardo-Orazi-Oviedo/Clasificacion/aa1/lib/python3.10/site-packages/sklearn/metrics/_classification.py:1509: UndefinedMetricWarning: Precision is ill-defined and being set to 0.0 due to no predicted samples. Use `zero_division` parameter to control this behavior.
  _warn_prf(average, modifier, f"{metric.capitalize()} is", len(result))

2025-06-20 23:32:15,861:WARNING:/Users/robertoorazi/Repositories/Facultad/AA1-TUIA-2025C1-Gallardo-Orazi-Oviedo/Clasificacion/aa1/lib/python3.10/site-packages/sklearn/metrics/_classification.py:1509: UndefinedMetricWarning: Precision is ill-defined and being set to 0.0 due to no predicted samples. Use `zero_division` parameter to control this behavior.
  _warn_prf(average, modifier, f"{metric.capitalize()} is", len(result))

2025-06-20 23:32:15,879:WARNING:/Users/robertoorazi/Repositories/Facultad/AA1-TUIA-2025C1-Gallardo-Orazi-Oviedo/Clasificacion/aa1/lib/python3.10/site-packages/sklearn/metrics/_classification.py:1509: UndefinedMetricWarning: Precision is ill-defined and being set to 0.0 due to no predicted samples. Use `zero_division` parameter to control this behavior.
  _warn_prf(average, modifier, f"{metric.capitalize()} is", len(result))

2025-06-20 23:32:15,908:WARNING:/Users/robertoorazi/Repositories/Facultad/AA1-TUIA-2025C1-Gallardo-Orazi-Oviedo/Clasificacion/aa1/lib/python3.10/site-packages/sklearn/metrics/_classification.py:1509: UndefinedMetricWarning: Precision is ill-defined and being set to 0.0 due to no predicted samples. Use `zero_division` parameter to control this behavior.
  _warn_prf(average, modifier, f"{metric.capitalize()} is", len(result))

2025-06-20 23:32:16,034:WARNING:/Users/robertoorazi/Repositories/Facultad/AA1-TUIA-2025C1-Gallardo-Orazi-Oviedo/Clasificacion/aa1/lib/python3.10/site-packages/sklearn/metrics/_classification.py:1509: UndefinedMetricWarning: Precision is ill-defined and being set to 0.0 due to no predicted samples. Use `zero_division` parameter to control this behavior.
  _warn_prf(average, modifier, f"{metric.capitalize()} is", len(result))

2025-06-20 23:32:16,034:WARNING:/Users/robertoorazi/Repositories/Facultad/AA1-TUIA-2025C1-Gallardo-Orazi-Oviedo/Clasificacion/aa1/lib/python3.10/site-packages/sklearn/metrics/_classification.py:1509: UndefinedMetricWarning: Precision is ill-defined and being set to 0.0 due to no predicted samples. Use `zero_division` parameter to control this behavior.
  _warn_prf(average, modifier, f"{metric.capitalize()} is", len(result))

2025-06-20 23:32:16,067:WARNING:/Users/robertoorazi/Repositories/Facultad/AA1-TUIA-2025C1-Gallardo-Orazi-Oviedo/Clasificacion/aa1/lib/python3.10/site-packages/sklearn/metrics/_classification.py:1509: UndefinedMetricWarning: Precision is ill-defined and being set to 0.0 due to no predicted samples. Use `zero_division` parameter to control this behavior.
  _warn_prf(average, modifier, f"{metric.capitalize()} is", len(result))

2025-06-20 23:32:16,539:WARNING:/Users/robertoorazi/Repositories/Facultad/AA1-TUIA-2025C1-Gallardo-Orazi-Oviedo/Clasificacion/aa1/lib/python3.10/site-packages/sklearn/metrics/_classification.py:1509: UndefinedMetricWarning: Precision is ill-defined and being set to 0.0 due to no predicted samples. Use `zero_division` parameter to control this behavior.
  _warn_prf(average, modifier, f"{metric.capitalize()} is", len(result))

2025-06-20 23:32:18,934:WARNING:/Users/robertoorazi/Repositories/Facultad/AA1-TUIA-2025C1-Gallardo-Orazi-Oviedo/Clasificacion/aa1/lib/python3.10/site-packages/sklearn/metrics/_classification.py:1509: UndefinedMetricWarning: Precision is ill-defined and being set to 0.0 due to no predicted samples. Use `zero_division` parameter to control this behavior.
  _warn_prf(average, modifier, f"{metric.capitalize()} is", len(result))

2025-06-20 23:32:19,061:INFO:Calculating mean and std
2025-06-20 23:32:19,068:INFO:Creating metrics dataframe
2025-06-20 23:32:19,093:INFO:Uploading results into container
2025-06-20 23:32:19,098:INFO:Uploading model into container now
2025-06-20 23:32:19,099:INFO:_master_model_container: 14
2025-06-20 23:32:19,099:INFO:_display_container: 2
2025-06-20 23:32:19,100:INFO:DummyClassifier(constant=None, random_state=42, strategy='prior')
2025-06-20 23:32:19,100:INFO:create_model() successfully completed......................................
2025-06-20 23:32:19,370:INFO:SubProcess create_model() end ==================================
2025-06-20 23:32:19,370:INFO:Creating metrics dataframe
2025-06-20 23:32:19,381:INFO:Initializing create_model()
2025-06-20 23:32:19,382:INFO:create_model(self=<pycaret.classification.oop.ClassificationExperiment object at 0x36988ac80>, estimator=LGBMClassifier(boosting_type='gbdt', class_weight=None, colsample_bytree=1.0,
               importance_type='split', learning_rate=0.1, max_depth=-1,
               min_child_samples=20, min_child_weight=0.001, min_split_gain=0.0,
               n_estimators=100, n_jobs=-1, num_leaves=31, objective=None,
               random_state=42, reg_alpha=0.0, reg_lambda=0.0, subsample=1.0,
               subsample_for_bin=200000, subsample_freq=0), fold=StratifiedKFold(n_splits=10, random_state=None, shuffle=False), round=4, cross_validation=False, predict=False, fit_kwargs={}, groups=None, refit=True, probability_threshold=None, experiment_custom_tags=None, verbose=False, system=False, add_to_model_list=True, metrics=None, display=None, model_only=True, return_train_score=False, error_score=0.0, kwargs={})
2025-06-20 23:32:19,382:INFO:Checking exceptions
2025-06-20 23:32:19,384:INFO:Importing libraries
2025-06-20 23:32:19,384:INFO:Copying training dataset
2025-06-20 23:32:19,435:INFO:Defining folds
2025-06-20 23:32:19,435:INFO:Declaring metric variables
2025-06-20 23:32:19,435:INFO:Importing untrained model
2025-06-20 23:32:19,435:INFO:Declaring custom model
2025-06-20 23:32:19,441:INFO:Light Gradient Boosting Machine Imported successfully
2025-06-20 23:32:19,443:INFO:Cross validation set to False
2025-06-20 23:32:19,444:INFO:Fitting Model
2025-06-20 23:32:19,685:INFO:[LightGBM] [Warning] Found whitespace in feature_names, replace with underlines
2025-06-20 23:32:19,686:INFO:[LightGBM] [Info] Number of positive: 25536, number of negative: 88218
2025-06-20 23:32:19,693:INFO:[LightGBM] [Info] Auto-choosing row-wise multi-threading, the overhead of testing was 0.003196 seconds.
2025-06-20 23:32:19,693:INFO:You can set `force_row_wise=true` to remove the overhead.
2025-06-20 23:32:19,693:INFO:And if memory is not enough, you can set `force_col_wise=true`.
2025-06-20 23:32:19,693:INFO:[LightGBM] [Info] Total Bins 2674
2025-06-20 23:32:19,693:INFO:[LightGBM] [Info] Number of data points in the train set: 113754, number of used features: 27
2025-06-20 23:32:19,694:INFO:[LightGBM] [Info] [binary:BoostFromScore]: pavg=0.224484 -> initscore=-1.239722
2025-06-20 23:32:19,694:INFO:[LightGBM] [Info] Start training from score -1.239722
2025-06-20 23:32:20,786:INFO:LGBMClassifier(boosting_type='gbdt', class_weight=None, colsample_bytree=1.0,
               importance_type='split', learning_rate=0.1, max_depth=-1,
               min_child_samples=20, min_child_weight=0.001, min_split_gain=0.0,
               n_estimators=100, n_jobs=-1, num_leaves=31, objective=None,
               random_state=42, reg_alpha=0.0, reg_lambda=0.0, subsample=1.0,
               subsample_for_bin=200000, subsample_freq=0)
2025-06-20 23:32:20,786:INFO:create_model() successfully completed......................................
2025-06-20 23:32:20,916:INFO:_master_model_container: 14
2025-06-20 23:32:20,916:INFO:_display_container: 2
2025-06-20 23:32:20,917:INFO:LGBMClassifier(boosting_type='gbdt', class_weight=None, colsample_bytree=1.0,
               importance_type='split', learning_rate=0.1, max_depth=-1,
               min_child_samples=20, min_child_weight=0.001, min_split_gain=0.0,
               n_estimators=100, n_jobs=-1, num_leaves=31, objective=None,
               random_state=42, reg_alpha=0.0, reg_lambda=0.0, subsample=1.0,
               subsample_for_bin=200000, subsample_freq=0)
2025-06-20 23:32:20,917:INFO:compare_models() successfully completed......................................
2025-06-21 11:14:08,362:WARNING:
'cuml' is a soft dependency and not included in the pycaret installation. Please run: `pip install cuml` to install.
2025-06-21 11:14:08,363:WARNING:
'cuml' is a soft dependency and not included in the pycaret installation. Please run: `pip install cuml` to install.
2025-06-21 11:14:08,363:WARNING:
'cuml' is a soft dependency and not included in the pycaret installation. Please run: `pip install cuml` to install.
2025-06-21 11:14:08,363:WARNING:
'cuml' is a soft dependency and not included in the pycaret installation. Please run: `pip install cuml` to install.
2025-06-21 14:20:47,957:WARNING:
'cuml' is a soft dependency and not included in the pycaret installation. Please run: `pip install cuml` to install.
2025-06-21 14:20:47,958:WARNING:
'cuml' is a soft dependency and not included in the pycaret installation. Please run: `pip install cuml` to install.
2025-06-21 14:20:47,958:WARNING:
'cuml' is a soft dependency and not included in the pycaret installation. Please run: `pip install cuml` to install.
2025-06-21 14:20:47,958:WARNING:
'cuml' is a soft dependency and not included in the pycaret installation. Please run: `pip install cuml` to install.
2025-06-21 14:22:18,305:WARNING:
'cuml' is a soft dependency and not included in the pycaret installation. Please run: `pip install cuml` to install.
2025-06-21 14:22:18,305:WARNING:
'cuml' is a soft dependency and not included in the pycaret installation. Please run: `pip install cuml` to install.
2025-06-21 14:22:18,305:WARNING:
'cuml' is a soft dependency and not included in the pycaret installation. Please run: `pip install cuml` to install.
2025-06-21 14:22:18,305:WARNING:
'cuml' is a soft dependency and not included in the pycaret installation. Please run: `pip install cuml` to install.
2025-06-21 14:23:05,322:WARNING:/var/folders/6v/vvlsrhf9375dd2sb2m9p71mc0000gn/T/ipykernel_76027/612678871.py:40: UserWarning: You passed a edgecolor/edgecolors ('k') for an unfilled marker ('x').  Matplotlib is ignoring the edgecolor in favor of the facecolor.  This behavior may change in the future.
  ax.scatter(xy['Longitud'], xy['Latitud'], c=[col], marker=marker,

2025-06-21 14:23:08,569:WARNING:/var/folders/6v/vvlsrhf9375dd2sb2m9p71mc0000gn/T/ipykernel_76027/1831380324.py:2: SettingWithCopyWarning: 
A value is trying to be set on a copy of a slice from a DataFrame.
Try using .loc[row_indexer,col_indexer] = value instead

See the caveats in the documentation: https://pandas.pydata.org/pandas-docs/stable/user_guide/indexing.html#returning-a-view-versus-a-copy
  weather_depurado['Date'] = pd.to_datetime(weather_depurado['Date'])

2025-06-21 14:23:08,576:WARNING:/var/folders/6v/vvlsrhf9375dd2sb2m9p71mc0000gn/T/ipykernel_76027/1831380324.py:3: SettingWithCopyWarning: 
A value is trying to be set on a copy of a slice from a DataFrame.
Try using .loc[row_indexer,col_indexer] = value instead

See the caveats in the documentation: https://pandas.pydata.org/pandas-docs/stable/user_guide/indexing.html#returning-a-view-versus-a-copy
  weather_depurado['Date'] = weather_depurado['Date'].dt.month

2025-06-21 14:23:19,377:WARNING:/var/folders/6v/vvlsrhf9375dd2sb2m9p71mc0000gn/T/ipykernel_76027/2218606626.py:6: SettingWithCopyWarning: 
A value is trying to be set on a copy of a slice from a DataFrame.
Try using .loc[row_indexer,col_indexer] = value instead

See the caveats in the documentation: https://pandas.pydata.org/pandas-docs/stable/user_guide/indexing.html#returning-a-view-versus-a-copy
  df_numericas['RainTomorrow'] = weather_depurado['RainTomorrow']

2025-06-21 14:24:15,122:WARNING:/var/folders/6v/vvlsrhf9375dd2sb2m9p71mc0000gn/T/ipykernel_76027/3883578226.py:25: SettingWithCopyWarning: 
A value is trying to be set on a copy of a slice from a DataFrame.
Try using .loc[row_indexer,col_indexer] = value instead

See the caveats in the documentation: https://pandas.pydata.org/pandas-docs/stable/user_guide/indexing.html#returning-a-view-versus-a-copy
  weather_depurado['WindGustDir'] = weather_depurado['WindGustDir'].replace(cardinal_to_angle)

2025-06-21 14:24:15,191:WARNING:/var/folders/6v/vvlsrhf9375dd2sb2m9p71mc0000gn/T/ipykernel_76027/3883578226.py:26: SettingWithCopyWarning: 
A value is trying to be set on a copy of a slice from a DataFrame.
Try using .loc[row_indexer,col_indexer] = value instead

See the caveats in the documentation: https://pandas.pydata.org/pandas-docs/stable/user_guide/indexing.html#returning-a-view-versus-a-copy
  weather_depurado['WindDir9am'] = weather_depurado['WindDir9am'].replace(cardinal_to_angle)

2025-06-21 14:24:15,255:WARNING:/var/folders/6v/vvlsrhf9375dd2sb2m9p71mc0000gn/T/ipykernel_76027/3883578226.py:27: SettingWithCopyWarning: 
A value is trying to be set on a copy of a slice from a DataFrame.
Try using .loc[row_indexer,col_indexer] = value instead

See the caveats in the documentation: https://pandas.pydata.org/pandas-docs/stable/user_guide/indexing.html#returning-a-view-versus-a-copy
  weather_depurado['WindDir3pm'] = weather_depurado['WindDir3pm'].replace(cardinal_to_angle)

2025-06-21 14:24:15,257:WARNING:/var/folders/6v/vvlsrhf9375dd2sb2m9p71mc0000gn/T/ipykernel_76027/3883578226.py:30: SettingWithCopyWarning: 
A value is trying to be set on a copy of a slice from a DataFrame.
Try using .loc[row_indexer,col_indexer] = value instead

See the caveats in the documentation: https://pandas.pydata.org/pandas-docs/stable/user_guide/indexing.html#returning-a-view-versus-a-copy
  weather_depurado['WindGustDir_Sen'] = np.sin(weather_depurado['WindGustDir'])

2025-06-21 14:24:15,259:WARNING:/var/folders/6v/vvlsrhf9375dd2sb2m9p71mc0000gn/T/ipykernel_76027/3883578226.py:31: SettingWithCopyWarning: 
A value is trying to be set on a copy of a slice from a DataFrame.
Try using .loc[row_indexer,col_indexer] = value instead

See the caveats in the documentation: https://pandas.pydata.org/pandas-docs/stable/user_guide/indexing.html#returning-a-view-versus-a-copy
  weather_depurado['WindGustDir_Cos'] = np.cos(weather_depurado['WindGustDir'])

2025-06-21 14:24:15,260:WARNING:/var/folders/6v/vvlsrhf9375dd2sb2m9p71mc0000gn/T/ipykernel_76027/3883578226.py:35: SettingWithCopyWarning: 
A value is trying to be set on a copy of a slice from a DataFrame.
Try using .loc[row_indexer,col_indexer] = value instead

See the caveats in the documentation: https://pandas.pydata.org/pandas-docs/stable/user_guide/indexing.html#returning-a-view-versus-a-copy
  weather_depurado['WindDir9am_Sen'] = np.sin(weather_depurado['WindDir9am'])

2025-06-21 14:24:15,261:WARNING:/var/folders/6v/vvlsrhf9375dd2sb2m9p71mc0000gn/T/ipykernel_76027/3883578226.py:36: SettingWithCopyWarning: 
A value is trying to be set on a copy of a slice from a DataFrame.
Try using .loc[row_indexer,col_indexer] = value instead

See the caveats in the documentation: https://pandas.pydata.org/pandas-docs/stable/user_guide/indexing.html#returning-a-view-versus-a-copy
  weather_depurado['WindDir9am_Cos'] = np.cos(weather_depurado['WindDir9am'])

2025-06-21 14:24:15,263:WARNING:/var/folders/6v/vvlsrhf9375dd2sb2m9p71mc0000gn/T/ipykernel_76027/3883578226.py:39: SettingWithCopyWarning: 
A value is trying to be set on a copy of a slice from a DataFrame.
Try using .loc[row_indexer,col_indexer] = value instead

See the caveats in the documentation: https://pandas.pydata.org/pandas-docs/stable/user_guide/indexing.html#returning-a-view-versus-a-copy
  weather_depurado['WindDir3pm_Sen'] = np.sin(weather_depurado['WindDir3pm'])

2025-06-21 14:24:15,264:WARNING:/var/folders/6v/vvlsrhf9375dd2sb2m9p71mc0000gn/T/ipykernel_76027/3883578226.py:40: SettingWithCopyWarning: 
A value is trying to be set on a copy of a slice from a DataFrame.
Try using .loc[row_indexer,col_indexer] = value instead

See the caveats in the documentation: https://pandas.pydata.org/pandas-docs/stable/user_guide/indexing.html#returning-a-view-versus-a-copy
  weather_depurado['WindDir3pm_Cos'] = np.cos(weather_depurado['WindDir3pm'])

2025-06-21 14:32:15,083:WARNING:/Users/robertoorazi/Repositories/Facultad/AA1-TUIA-2025C1-Gallardo-Orazi/Clasificacion/aa1/lib/python3.10/site-packages/sklearn/metrics/_classification.py:1509: UndefinedMetricWarning: Precision is ill-defined and being set to 0.0 due to no predicted samples. Use `zero_division` parameter to control this behavior.
  _warn_prf(average, modifier, f"{metric.capitalize()} is", len(result))

2025-06-21 14:32:15,208:WARNING:/Users/robertoorazi/Repositories/Facultad/AA1-TUIA-2025C1-Gallardo-Orazi/Clasificacion/aa1/lib/python3.10/site-packages/sklearn/metrics/_classification.py:1509: UndefinedMetricWarning: Precision is ill-defined and being set to 0.0 in labels with no predicted samples. Use `zero_division` parameter to control this behavior.
  _warn_prf(average, modifier, f"{metric.capitalize()} is", len(result))

2025-06-21 14:32:15,219:WARNING:/Users/robertoorazi/Repositories/Facultad/AA1-TUIA-2025C1-Gallardo-Orazi/Clasificacion/aa1/lib/python3.10/site-packages/sklearn/metrics/_classification.py:1509: UndefinedMetricWarning: Precision is ill-defined and being set to 0.0 in labels with no predicted samples. Use `zero_division` parameter to control this behavior.
  _warn_prf(average, modifier, f"{metric.capitalize()} is", len(result))

2025-06-21 14:32:15,224:WARNING:/Users/robertoorazi/Repositories/Facultad/AA1-TUIA-2025C1-Gallardo-Orazi/Clasificacion/aa1/lib/python3.10/site-packages/sklearn/metrics/_classification.py:1509: UndefinedMetricWarning: Precision is ill-defined and being set to 0.0 in labels with no predicted samples. Use `zero_division` parameter to control this behavior.
  _warn_prf(average, modifier, f"{metric.capitalize()} is", len(result))

2025-06-21 15:01:25,427:INFO:PyCaret ClassificationExperiment
2025-06-21 15:01:25,427:INFO:Logging name: clf-default-name
2025-06-21 15:01:25,427:INFO:ML Usecase: MLUsecase.CLASSIFICATION
2025-06-21 15:01:25,427:INFO:version 3.3.2
2025-06-21 15:01:25,427:INFO:Initializing setup()
2025-06-21 15:01:25,427:INFO:self.USI: 1b54
2025-06-21 15:01:25,427:INFO:self._variable_keys: {'USI', '_available_plots', 'html_param', 'exp_id', 'y_test', '_ml_usecase', 'X_train', 'pipeline', 'y_train', 'gpu_param', 'y', 'logging_param', 'X', 'memory', 'fold_shuffle_param', 'data', 'is_multiclass', 'X_test', 'fold_groups_param', 'fix_imbalance', 'exp_name_log', 'n_jobs_param', 'fold_generator', 'seed', 'gpu_n_jobs_param', 'idx', 'target_param', 'log_plots_param'}
2025-06-21 15:01:25,428:INFO:Checking environment
2025-06-21 15:01:25,428:INFO:python_version: 3.10.17
2025-06-21 15:01:25,428:INFO:python_build: ('main', 'Apr  8 2025 12:10:59')
2025-06-21 15:01:25,428:INFO:machine: arm64
2025-06-21 15:01:25,428:INFO:platform: macOS-15.6-arm64-arm-64bit
2025-06-21 15:01:25,429:INFO:Memory: svmem(total=8589934592, available=1254883328, percent=85.4, used=3146219520, free=61816832, active=1212006400, inactive=1142980608, wired=1934213120)
2025-06-21 15:01:25,429:INFO:Physical Core: 8
2025-06-21 15:01:25,429:INFO:Logical Core: 8
2025-06-21 15:01:25,429:INFO:Checking libraries
2025-06-21 15:01:25,429:INFO:System:
2025-06-21 15:01:25,429:INFO:    python: 3.10.17 (main, Apr  8 2025, 12:10:59) [Clang 16.0.0 (clang-1600.0.26.6)]
2025-06-21 15:01:25,429:INFO:executable: /Users/robertoorazi/Repositories/Facultad/AA1-TUIA-2025C1-Gallardo-Orazi/Clasificacion/aa1/bin/python
2025-06-21 15:01:25,429:INFO:   machine: macOS-15.6-arm64-arm-64bit
2025-06-21 15:01:25,429:INFO:PyCaret required dependencies:
2025-06-21 15:01:26,282:INFO:                 pip: 25.1.1
2025-06-21 15:01:26,282:INFO:          setuptools: 75.6.0
2025-06-21 15:01:26,282:INFO:             pycaret: 3.3.2
2025-06-21 15:01:26,282:INFO:             IPython: 8.30.0
2025-06-21 15:01:26,282:INFO:          ipywidgets: 8.1.5
2025-06-21 15:01:26,282:INFO:                tqdm: 4.67.1
2025-06-21 15:01:26,282:INFO:               numpy: 1.26.4
2025-06-21 15:01:26,282:INFO:              pandas: 2.1.4
2025-06-21 15:01:26,282:INFO:              jinja2: 3.1.4
2025-06-21 15:01:26,282:INFO:               scipy: 1.11.4
2025-06-21 15:01:26,282:INFO:              joblib: 1.3.2
2025-06-21 15:01:26,282:INFO:             sklearn: 1.4.2
2025-06-21 15:01:26,282:INFO:                pyod: 2.0.2
2025-06-21 15:01:26,282:INFO:            imblearn: 0.12.4
2025-06-21 15:01:26,282:INFO:   category_encoders: 2.6.4
2025-06-21 15:01:26,282:INFO:            lightgbm: 4.5.0
2025-06-21 15:01:26,282:INFO:               numba: 0.60.0
2025-06-21 15:01:26,282:INFO:            requests: 2.32.3
2025-06-21 15:01:26,282:INFO:          matplotlib: 3.7.5
2025-06-21 15:01:26,282:INFO:          scikitplot: 0.3.7
2025-06-21 15:01:26,282:INFO:         yellowbrick: 1.5
2025-06-21 15:01:26,282:INFO:              plotly: 5.24.1
2025-06-21 15:01:26,282:INFO:    plotly-resampler: Not installed
2025-06-21 15:01:26,282:INFO:             kaleido: 0.2.1
2025-06-21 15:01:26,282:INFO:           schemdraw: 0.15
2025-06-21 15:01:26,282:INFO:         statsmodels: 0.14.4
2025-06-21 15:01:26,282:INFO:              sktime: 0.26.0
2025-06-21 15:01:26,282:INFO:               tbats: 1.1.3
2025-06-21 15:01:26,282:INFO:            pmdarima: 2.0.4
2025-06-21 15:01:26,282:INFO:              psutil: 6.1.0
2025-06-21 15:01:26,282:INFO:          markupsafe: 3.0.2
2025-06-21 15:01:26,282:INFO:             pickle5: Not installed
2025-06-21 15:01:26,282:INFO:         cloudpickle: 3.1.0
2025-06-21 15:01:26,282:INFO:         deprecation: 2.1.0
2025-06-21 15:01:26,282:INFO:              xxhash: 3.5.0
2025-06-21 15:01:26,282:INFO:           wurlitzer: 3.1.1
2025-06-21 15:01:26,282:INFO:PyCaret optional dependencies:
2025-06-21 15:01:26,289:INFO:                shap: 0.46.0
2025-06-21 15:01:26,289:INFO:           interpret: Not installed
2025-06-21 15:01:26,289:INFO:                umap: Not installed
2025-06-21 15:01:26,289:INFO:     ydata_profiling: Not installed
2025-06-21 15:01:26,289:INFO:  explainerdashboard: Not installed
2025-06-21 15:01:26,289:INFO:             autoviz: Not installed
2025-06-21 15:01:26,289:INFO:           fairlearn: Not installed
2025-06-21 15:01:26,289:INFO:          deepchecks: Not installed
2025-06-21 15:01:26,289:INFO:             xgboost: Not installed
2025-06-21 15:01:26,289:INFO:            catboost: Not installed
2025-06-21 15:01:26,289:INFO:              kmodes: Not installed
2025-06-21 15:01:26,289:INFO:             mlxtend: Not installed
2025-06-21 15:01:26,289:INFO:       statsforecast: Not installed
2025-06-21 15:01:26,289:INFO:        tune_sklearn: Not installed
2025-06-21 15:01:26,289:INFO:                 ray: Not installed
2025-06-21 15:01:26,289:INFO:            hyperopt: Not installed
2025-06-21 15:01:26,289:INFO:              optuna: 4.1.0
2025-06-21 15:01:26,289:INFO:               skopt: 0.10.2
2025-06-21 15:01:26,289:INFO:              mlflow: Not installed
2025-06-21 15:01:26,289:INFO:              gradio: Not installed
2025-06-21 15:01:26,289:INFO:             fastapi: Not installed
2025-06-21 15:01:26,289:INFO:             uvicorn: Not installed
2025-06-21 15:01:26,289:INFO:              m2cgen: Not installed
2025-06-21 15:01:26,289:INFO:           evidently: Not installed
2025-06-21 15:01:26,289:INFO:               fugue: Not installed
2025-06-21 15:01:26,289:INFO:           streamlit: Not installed
2025-06-21 15:01:26,289:INFO:             prophet: Not installed
2025-06-21 15:01:26,289:INFO:None
2025-06-21 15:01:26,290:INFO:Set up data.
2025-06-21 15:01:26,359:INFO:Set up folding strategy.
2025-06-21 15:01:26,359:INFO:Set up train/test split.
2025-06-21 15:01:26,359:INFO:Set up data.
2025-06-21 15:01:26,387:INFO:Set up index.
2025-06-21 15:01:26,389:INFO:Assigning column types.
2025-06-21 15:01:26,433:INFO:Engine successfully changes for model 'lr' to 'sklearn'.
2025-06-21 15:01:26,456:INFO:Engine for model 'knn' has not been set explicitly, hence returning None.
2025-06-21 15:01:26,463:INFO:Engine for model 'rbfsvm' has not been set explicitly, hence returning None.
2025-06-21 15:01:26,486:WARNING:
'xgboost' is a soft dependency and not included in the pycaret installation. Please run: `pip install xgboost` to install.
Alternately, you can install this by running `pip install pycaret[models]`
2025-06-21 15:01:26,487:WARNING:
'catboost' is a soft dependency and not included in the pycaret installation. Please run: `pip install catboost` to install.
Alternately, you can install this by running `pip install pycaret[models]`
2025-06-21 15:01:26,508:INFO:Engine for model 'knn' has not been set explicitly, hence returning None.
2025-06-21 15:01:26,508:INFO:Engine for model 'rbfsvm' has not been set explicitly, hence returning None.
2025-06-21 15:01:26,521:WARNING:
'xgboost' is a soft dependency and not included in the pycaret installation. Please run: `pip install xgboost` to install.
Alternately, you can install this by running `pip install pycaret[models]`
2025-06-21 15:01:26,522:WARNING:
'catboost' is a soft dependency and not included in the pycaret installation. Please run: `pip install catboost` to install.
Alternately, you can install this by running `pip install pycaret[models]`
2025-06-21 15:01:26,523:INFO:Engine successfully changes for model 'knn' to 'sklearn'.
2025-06-21 15:01:26,544:INFO:Engine for model 'rbfsvm' has not been set explicitly, hence returning None.
2025-06-21 15:01:26,557:WARNING:
'xgboost' is a soft dependency and not included in the pycaret installation. Please run: `pip install xgboost` to install.
Alternately, you can install this by running `pip install pycaret[models]`
2025-06-21 15:01:26,557:WARNING:
'catboost' is a soft dependency and not included in the pycaret installation. Please run: `pip install catboost` to install.
Alternately, you can install this by running `pip install pycaret[models]`
2025-06-21 15:01:26,579:INFO:Engine for model 'rbfsvm' has not been set explicitly, hence returning None.
2025-06-21 15:01:26,591:WARNING:
'xgboost' is a soft dependency and not included in the pycaret installation. Please run: `pip install xgboost` to install.
Alternately, you can install this by running `pip install pycaret[models]`
2025-06-21 15:01:26,591:WARNING:
'catboost' is a soft dependency and not included in the pycaret installation. Please run: `pip install catboost` to install.
Alternately, you can install this by running `pip install pycaret[models]`
2025-06-21 15:01:26,591:INFO:Engine successfully changes for model 'rbfsvm' to 'sklearn'.
2025-06-21 15:01:26,625:WARNING:
'xgboost' is a soft dependency and not included in the pycaret installation. Please run: `pip install xgboost` to install.
Alternately, you can install this by running `pip install pycaret[models]`
2025-06-21 15:01:26,625:WARNING:
'catboost' is a soft dependency and not included in the pycaret installation. Please run: `pip install catboost` to install.
Alternately, you can install this by running `pip install pycaret[models]`
2025-06-21 15:01:26,662:WARNING:
'xgboost' is a soft dependency and not included in the pycaret installation. Please run: `pip install xgboost` to install.
Alternately, you can install this by running `pip install pycaret[models]`
2025-06-21 15:01:26,662:WARNING:
'catboost' is a soft dependency and not included in the pycaret installation. Please run: `pip install catboost` to install.
Alternately, you can install this by running `pip install pycaret[models]`
2025-06-21 15:01:26,665:INFO:Preparing preprocessing pipeline...
2025-06-21 15:01:26,672:INFO:Set up simple imputation.
2025-06-21 15:01:26,678:INFO:Set up column name cleaning.
2025-06-21 15:01:26,806:INFO:Finished creating preprocessing pipeline.
2025-06-21 15:01:26,810:INFO:Pipeline: Pipeline(memory=FastMemory(location=/var/folders/6v/vvlsrhf9375dd2sb2m9p71mc0000gn/T/joblib),
         steps=[('numerical_imputer',
                 TransformerWrapper(exclude=None,
                                    include=['Date', 'MinTemp', 'MaxTemp',
                                             'Rainfall', 'Evaporation',
                                             'Sunshine', 'WindGustSpeed',
                                             'WindSpeed9am', 'WindSpeed3pm',
                                             'Humidity9am', 'Humidity3pm',
                                             'Pressure9am', 'Pressure3pm',
                                             'Cloud9am', 'Cloud3pm', '...
                ('categorical_imputer',
                 TransformerWrapper(exclude=None, include=[],
                                    transformer=SimpleImputer(add_indicator=False,
                                                              copy=True,
                                                              fill_value=None,
                                                              keep_empty_features=False,
                                                              missing_values=nan,
                                                              strategy='most_frequent'))),
                ('clean_column_names',
                 TransformerWrapper(exclude=None, include=None,
                                    transformer=CleanColumnNames(match='[\\]\\[\\,\\{\\}\\"\\:]+')))],
         verbose=False)
2025-06-21 15:01:26,810:INFO:Creating final display dataframe.
2025-06-21 15:01:27,114:INFO:Setup _display_container:                     Description             Value
0                    Session id                42
1                        Target      RainTomorrow
2                   Target type            Binary
3           Original data shape      (142193, 28)
4        Transformed data shape      (142193, 28)
5   Transformed train set shape      (113754, 28)
6    Transformed test set shape       (28439, 28)
7              Numeric features                24
8      Rows with missing values             60.3%
9                    Preprocess              True
10              Imputation type            simple
11           Numeric imputation              mean
12       Categorical imputation              mode
13               Fold Generator   StratifiedKFold
14                  Fold Number                10
15                     CPU Jobs                -1
16                      Use GPU             False
17               Log Experiment             False
18              Experiment Name  clf-default-name
19                          USI              1b54
2025-06-21 15:01:27,181:WARNING:
'xgboost' is a soft dependency and not included in the pycaret installation. Please run: `pip install xgboost` to install.
Alternately, you can install this by running `pip install pycaret[models]`
2025-06-21 15:01:27,182:WARNING:
'catboost' is a soft dependency and not included in the pycaret installation. Please run: `pip install catboost` to install.
Alternately, you can install this by running `pip install pycaret[models]`
2025-06-21 15:01:27,227:WARNING:
'xgboost' is a soft dependency and not included in the pycaret installation. Please run: `pip install xgboost` to install.
Alternately, you can install this by running `pip install pycaret[models]`
2025-06-21 15:01:27,227:WARNING:
'catboost' is a soft dependency and not included in the pycaret installation. Please run: `pip install catboost` to install.
Alternately, you can install this by running `pip install pycaret[models]`
2025-06-21 15:01:27,229:INFO:setup() successfully completed in 1.82s...............
2025-06-21 15:01:27,229:INFO:Initializing compare_models()
2025-06-21 15:01:27,229:INFO:compare_models(self=<pycaret.classification.oop.ClassificationExperiment object at 0x33769dc90>, include=None, fold=None, round=4, cross_validation=True, sort=Accuracy, n_select=1, budget_time=None, turbo=True, errors=ignore, fit_kwargs=None, groups=None, experiment_custom_tags=None, probability_threshold=None, verbose=True, parallel=None, caller_params={'self': <pycaret.classification.oop.ClassificationExperiment object at 0x33769dc90>, 'include': None, 'exclude': None, 'fold': None, 'round': 4, 'cross_validation': True, 'sort': 'Accuracy', 'n_select': 1, 'budget_time': None, 'turbo': True, 'errors': 'ignore', 'fit_kwargs': None, 'groups': None, 'experiment_custom_tags': None, 'probability_threshold': None, 'engine': None, 'verbose': True, 'parallel': None, '__class__': <class 'pycaret.classification.oop.ClassificationExperiment'>}, exclude=None)
2025-06-21 15:01:27,229:INFO:Checking exceptions
2025-06-21 15:01:27,266:INFO:Preparing display monitor
2025-06-21 15:01:27,292:INFO:Initializing Logistic Regression
2025-06-21 15:01:27,292:INFO:Total runtime is 3.0676523844401043e-06 minutes
2025-06-21 15:01:27,295:INFO:SubProcess create_model() called ==================================
2025-06-21 15:01:27,295:INFO:Initializing create_model()
2025-06-21 15:01:27,295:INFO:create_model(self=<pycaret.classification.oop.ClassificationExperiment object at 0x33769dc90>, estimator=lr, fold=StratifiedKFold(n_splits=10, random_state=None, shuffle=False), round=4, cross_validation=True, predict=True, fit_kwargs={}, groups=None, refit=False, probability_threshold=None, experiment_custom_tags=None, verbose=False, system=False, add_to_model_list=True, metrics=None, display=<pycaret.internal.display.display.CommonDisplay object at 0x3080d7010>, model_only=True, return_train_score=False, error_score=0.0, kwargs={})
2025-06-21 15:01:27,295:INFO:Checking exceptions
2025-06-21 15:01:27,295:INFO:Importing libraries
2025-06-21 15:01:27,296:INFO:Copying training dataset
2025-06-21 15:01:27,652:INFO:Defining folds
2025-06-21 15:01:27,652:INFO:Declaring metric variables
2025-06-21 15:01:27,656:INFO:Importing untrained model
2025-06-21 15:01:27,661:INFO:Logistic Regression Imported successfully
2025-06-21 15:01:27,665:INFO:Starting cross validation
2025-06-21 15:01:27,667:INFO:Cross validating with StratifiedKFold(n_splits=10, random_state=None, shuffle=False), n_jobs=-1
2025-06-21 15:01:46,511:WARNING:/Users/robertoorazi/Repositories/Facultad/AA1-TUIA-2025C1-Gallardo-Orazi/Clasificacion/aa1/lib/python3.10/site-packages/sklearn/linear_model/_logistic.py:469: ConvergenceWarning: lbfgs failed to converge (status=1):
STOP: TOTAL NO. of ITERATIONS REACHED LIMIT.

Increase the number of iterations (max_iter) or scale the data as shown in:
    https://scikit-learn.org/stable/modules/preprocessing.html
Please also refer to the documentation for alternative solver options:
    https://scikit-learn.org/stable/modules/linear_model.html#logistic-regression
  n_iter_i = _check_optimize_result(

2025-06-21 15:01:47,049:WARNING:/Users/robertoorazi/Repositories/Facultad/AA1-TUIA-2025C1-Gallardo-Orazi/Clasificacion/aa1/lib/python3.10/site-packages/sklearn/linear_model/_logistic.py:469: ConvergenceWarning: lbfgs failed to converge (status=1):
STOP: TOTAL NO. of ITERATIONS REACHED LIMIT.

Increase the number of iterations (max_iter) or scale the data as shown in:
    https://scikit-learn.org/stable/modules/preprocessing.html
Please also refer to the documentation for alternative solver options:
    https://scikit-learn.org/stable/modules/linear_model.html#logistic-regression
  n_iter_i = _check_optimize_result(

2025-06-21 15:01:47,057:WARNING:/Users/robertoorazi/Repositories/Facultad/AA1-TUIA-2025C1-Gallardo-Orazi/Clasificacion/aa1/lib/python3.10/site-packages/sklearn/linear_model/_logistic.py:469: ConvergenceWarning: lbfgs failed to converge (status=1):
STOP: TOTAL NO. of ITERATIONS REACHED LIMIT.

Increase the number of iterations (max_iter) or scale the data as shown in:
    https://scikit-learn.org/stable/modules/preprocessing.html
Please also refer to the documentation for alternative solver options:
    https://scikit-learn.org/stable/modules/linear_model.html#logistic-regression
  n_iter_i = _check_optimize_result(

2025-06-21 15:01:47,314:WARNING:/Users/robertoorazi/Repositories/Facultad/AA1-TUIA-2025C1-Gallardo-Orazi/Clasificacion/aa1/lib/python3.10/site-packages/sklearn/linear_model/_logistic.py:469: ConvergenceWarning: lbfgs failed to converge (status=1):
STOP: TOTAL NO. of ITERATIONS REACHED LIMIT.

Increase the number of iterations (max_iter) or scale the data as shown in:
    https://scikit-learn.org/stable/modules/preprocessing.html
Please also refer to the documentation for alternative solver options:
    https://scikit-learn.org/stable/modules/linear_model.html#logistic-regression
  n_iter_i = _check_optimize_result(

2025-06-21 15:01:47,333:WARNING:/Users/robertoorazi/Repositories/Facultad/AA1-TUIA-2025C1-Gallardo-Orazi/Clasificacion/aa1/lib/python3.10/site-packages/sklearn/linear_model/_logistic.py:469: ConvergenceWarning: lbfgs failed to converge (status=1):
STOP: TOTAL NO. of ITERATIONS REACHED LIMIT.

Increase the number of iterations (max_iter) or scale the data as shown in:
    https://scikit-learn.org/stable/modules/preprocessing.html
Please also refer to the documentation for alternative solver options:
    https://scikit-learn.org/stable/modules/linear_model.html#logistic-regression
  n_iter_i = _check_optimize_result(

2025-06-21 15:01:47,334:WARNING:/Users/robertoorazi/Repositories/Facultad/AA1-TUIA-2025C1-Gallardo-Orazi/Clasificacion/aa1/lib/python3.10/site-packages/sklearn/linear_model/_logistic.py:469: ConvergenceWarning: lbfgs failed to converge (status=1):
STOP: TOTAL NO. of ITERATIONS REACHED LIMIT.

Increase the number of iterations (max_iter) or scale the data as shown in:
    https://scikit-learn.org/stable/modules/preprocessing.html
Please also refer to the documentation for alternative solver options:
    https://scikit-learn.org/stable/modules/linear_model.html#logistic-regression
  n_iter_i = _check_optimize_result(

2025-06-21 15:01:47,454:WARNING:/Users/robertoorazi/Repositories/Facultad/AA1-TUIA-2025C1-Gallardo-Orazi/Clasificacion/aa1/lib/python3.10/site-packages/sklearn/linear_model/_logistic.py:469: ConvergenceWarning: lbfgs failed to converge (status=1):
STOP: TOTAL NO. of ITERATIONS REACHED LIMIT.

Increase the number of iterations (max_iter) or scale the data as shown in:
    https://scikit-learn.org/stable/modules/preprocessing.html
Please also refer to the documentation for alternative solver options:
    https://scikit-learn.org/stable/modules/linear_model.html#logistic-regression
  n_iter_i = _check_optimize_result(

2025-06-21 15:01:47,599:WARNING:/Users/robertoorazi/Repositories/Facultad/AA1-TUIA-2025C1-Gallardo-Orazi/Clasificacion/aa1/lib/python3.10/site-packages/sklearn/linear_model/_logistic.py:469: ConvergenceWarning: lbfgs failed to converge (status=1):
STOP: TOTAL NO. of ITERATIONS REACHED LIMIT.

Increase the number of iterations (max_iter) or scale the data as shown in:
    https://scikit-learn.org/stable/modules/preprocessing.html
Please also refer to the documentation for alternative solver options:
    https://scikit-learn.org/stable/modules/linear_model.html#logistic-regression
  n_iter_i = _check_optimize_result(

2025-06-21 15:01:53,446:WARNING:/Users/robertoorazi/Repositories/Facultad/AA1-TUIA-2025C1-Gallardo-Orazi/Clasificacion/aa1/lib/python3.10/site-packages/sklearn/linear_model/_logistic.py:469: ConvergenceWarning: lbfgs failed to converge (status=1):
STOP: TOTAL NO. of ITERATIONS REACHED LIMIT.

Increase the number of iterations (max_iter) or scale the data as shown in:
    https://scikit-learn.org/stable/modules/preprocessing.html
Please also refer to the documentation for alternative solver options:
    https://scikit-learn.org/stable/modules/linear_model.html#logistic-regression
  n_iter_i = _check_optimize_result(

2025-06-21 15:01:53,620:WARNING:/Users/robertoorazi/Repositories/Facultad/AA1-TUIA-2025C1-Gallardo-Orazi/Clasificacion/aa1/lib/python3.10/site-packages/sklearn/linear_model/_logistic.py:469: ConvergenceWarning: lbfgs failed to converge (status=1):
STOP: TOTAL NO. of ITERATIONS REACHED LIMIT.

Increase the number of iterations (max_iter) or scale the data as shown in:
    https://scikit-learn.org/stable/modules/preprocessing.html
Please also refer to the documentation for alternative solver options:
    https://scikit-learn.org/stable/modules/linear_model.html#logistic-regression
  n_iter_i = _check_optimize_result(

2025-06-21 15:01:53,668:INFO:Calculating mean and std
2025-06-21 15:01:53,672:INFO:Creating metrics dataframe
2025-06-21 15:01:53,678:INFO:Uploading results into container
2025-06-21 15:01:53,679:INFO:Uploading model into container now
2025-06-21 15:01:53,680:INFO:_master_model_container: 1
2025-06-21 15:01:53,681:INFO:_display_container: 2
2025-06-21 15:01:53,682:INFO:LogisticRegression(C=1.0, class_weight=None, dual=False, fit_intercept=True,
                   intercept_scaling=1, l1_ratio=None, max_iter=1000,
                   multi_class='auto', n_jobs=None, penalty='l2',
                   random_state=42, solver='lbfgs', tol=0.0001, verbose=0,
                   warm_start=False)
2025-06-21 15:01:53,682:INFO:create_model() successfully completed......................................
2025-06-21 15:01:57,307:INFO:SubProcess create_model() end ==================================
2025-06-21 15:01:57,307:INFO:Creating metrics dataframe
2025-06-21 15:01:57,315:INFO:Initializing K Neighbors Classifier
2025-06-21 15:01:57,315:INFO:Total runtime is 0.5003787199656169 minutes
2025-06-21 15:01:57,317:INFO:SubProcess create_model() called ==================================
2025-06-21 15:01:57,317:INFO:Initializing create_model()
2025-06-21 15:01:57,317:INFO:create_model(self=<pycaret.classification.oop.ClassificationExperiment object at 0x33769dc90>, estimator=knn, fold=StratifiedKFold(n_splits=10, random_state=None, shuffle=False), round=4, cross_validation=True, predict=True, fit_kwargs={}, groups=None, refit=False, probability_threshold=None, experiment_custom_tags=None, verbose=False, system=False, add_to_model_list=True, metrics=None, display=<pycaret.internal.display.display.CommonDisplay object at 0x3080d7010>, model_only=True, return_train_score=False, error_score=0.0, kwargs={})
2025-06-21 15:01:57,317:INFO:Checking exceptions
2025-06-21 15:01:57,317:INFO:Importing libraries
2025-06-21 15:01:57,318:INFO:Copying training dataset
2025-06-21 15:01:57,463:INFO:Defining folds
2025-06-21 15:01:57,463:INFO:Declaring metric variables
2025-06-21 15:01:57,465:INFO:Importing untrained model
2025-06-21 15:01:57,468:INFO:K Neighbors Classifier Imported successfully
2025-06-21 15:01:57,473:INFO:Starting cross validation
2025-06-21 15:01:57,474:INFO:Cross validating with StratifiedKFold(n_splits=10, random_state=None, shuffle=False), n_jobs=-1
2025-06-21 15:02:19,217:INFO:Calculating mean and std
2025-06-21 15:02:19,221:INFO:Creating metrics dataframe
2025-06-21 15:02:19,230:INFO:Uploading results into container
2025-06-21 15:02:19,230:INFO:Uploading model into container now
2025-06-21 15:02:19,231:INFO:_master_model_container: 2
2025-06-21 15:02:19,231:INFO:_display_container: 2
2025-06-21 15:02:19,232:INFO:KNeighborsClassifier(algorithm='auto', leaf_size=30, metric='minkowski',
                     metric_params=None, n_jobs=-1, n_neighbors=5, p=2,
                     weights='uniform')
2025-06-21 15:02:19,232:INFO:create_model() successfully completed......................................
2025-06-21 15:02:19,447:INFO:SubProcess create_model() end ==================================
2025-06-21 15:02:19,447:INFO:Creating metrics dataframe
2025-06-21 15:02:19,454:INFO:Initializing Naive Bayes
2025-06-21 15:02:19,454:INFO:Total runtime is 0.8693612337112426 minutes
2025-06-21 15:02:19,460:INFO:SubProcess create_model() called ==================================
2025-06-21 15:02:19,460:INFO:Initializing create_model()
2025-06-21 15:02:19,460:INFO:create_model(self=<pycaret.classification.oop.ClassificationExperiment object at 0x33769dc90>, estimator=nb, fold=StratifiedKFold(n_splits=10, random_state=None, shuffle=False), round=4, cross_validation=True, predict=True, fit_kwargs={}, groups=None, refit=False, probability_threshold=None, experiment_custom_tags=None, verbose=False, system=False, add_to_model_list=True, metrics=None, display=<pycaret.internal.display.display.CommonDisplay object at 0x3080d7010>, model_only=True, return_train_score=False, error_score=0.0, kwargs={})
2025-06-21 15:02:19,460:INFO:Checking exceptions
2025-06-21 15:02:19,461:INFO:Importing libraries
2025-06-21 15:02:19,461:INFO:Copying training dataset
2025-06-21 15:02:19,551:INFO:Defining folds
2025-06-21 15:02:19,551:INFO:Declaring metric variables
2025-06-21 15:02:19,554:INFO:Importing untrained model
2025-06-21 15:02:19,556:INFO:Naive Bayes Imported successfully
2025-06-21 15:02:19,560:INFO:Starting cross validation
2025-06-21 15:02:19,561:INFO:Cross validating with StratifiedKFold(n_splits=10, random_state=None, shuffle=False), n_jobs=-1
2025-06-21 15:02:20,307:INFO:Calculating mean and std
2025-06-21 15:02:20,310:INFO:Creating metrics dataframe
2025-06-21 15:02:20,315:INFO:Uploading results into container
2025-06-21 15:02:20,315:INFO:Uploading model into container now
2025-06-21 15:02:20,316:INFO:_master_model_container: 3
2025-06-21 15:02:20,316:INFO:_display_container: 2
2025-06-21 15:02:20,316:INFO:GaussianNB(priors=None, var_smoothing=1e-09)
2025-06-21 15:02:20,316:INFO:create_model() successfully completed......................................
2025-06-21 15:02:20,437:INFO:SubProcess create_model() end ==================================
2025-06-21 15:02:20,437:INFO:Creating metrics dataframe
2025-06-21 15:02:20,441:INFO:Initializing Decision Tree Classifier
2025-06-21 15:02:20,441:INFO:Total runtime is 0.8858154853185017 minutes
2025-06-21 15:02:20,443:INFO:SubProcess create_model() called ==================================
2025-06-21 15:02:20,443:INFO:Initializing create_model()
2025-06-21 15:02:20,443:INFO:create_model(self=<pycaret.classification.oop.ClassificationExperiment object at 0x33769dc90>, estimator=dt, fold=StratifiedKFold(n_splits=10, random_state=None, shuffle=False), round=4, cross_validation=True, predict=True, fit_kwargs={}, groups=None, refit=False, probability_threshold=None, experiment_custom_tags=None, verbose=False, system=False, add_to_model_list=True, metrics=None, display=<pycaret.internal.display.display.CommonDisplay object at 0x3080d7010>, model_only=True, return_train_score=False, error_score=0.0, kwargs={})
2025-06-21 15:02:20,443:INFO:Checking exceptions
2025-06-21 15:02:20,443:INFO:Importing libraries
2025-06-21 15:02:20,443:INFO:Copying training dataset
2025-06-21 15:02:20,509:INFO:Defining folds
2025-06-21 15:02:20,509:INFO:Declaring metric variables
2025-06-21 15:02:20,511:INFO:Importing untrained model
2025-06-21 15:02:20,513:INFO:Decision Tree Classifier Imported successfully
2025-06-21 15:02:20,517:INFO:Starting cross validation
2025-06-21 15:02:20,518:INFO:Cross validating with StratifiedKFold(n_splits=10, random_state=None, shuffle=False), n_jobs=-1
2025-06-21 15:02:24,633:INFO:Calculating mean and std
2025-06-21 15:02:24,635:INFO:Creating metrics dataframe
2025-06-21 15:02:24,643:INFO:Uploading results into container
2025-06-21 15:02:24,644:INFO:Uploading model into container now
2025-06-21 15:02:24,645:INFO:_master_model_container: 4
2025-06-21 15:02:24,645:INFO:_display_container: 2
2025-06-21 15:02:24,646:INFO:DecisionTreeClassifier(ccp_alpha=0.0, class_weight=None, criterion='gini',
                       max_depth=None, max_features=None, max_leaf_nodes=None,
                       min_impurity_decrease=0.0, min_samples_leaf=1,
                       min_samples_split=2, min_weight_fraction_leaf=0.0,
                       monotonic_cst=None, random_state=42, splitter='best')
2025-06-21 15:02:24,646:INFO:create_model() successfully completed......................................
2025-06-21 15:02:24,874:INFO:SubProcess create_model() end ==================================
2025-06-21 15:02:24,874:INFO:Creating metrics dataframe
2025-06-21 15:02:24,878:INFO:Initializing SVM - Linear Kernel
2025-06-21 15:02:24,878:INFO:Total runtime is 0.9597703496615091 minutes
2025-06-21 15:02:24,880:INFO:SubProcess create_model() called ==================================
2025-06-21 15:02:24,880:INFO:Initializing create_model()
2025-06-21 15:02:24,880:INFO:create_model(self=<pycaret.classification.oop.ClassificationExperiment object at 0x33769dc90>, estimator=svm, fold=StratifiedKFold(n_splits=10, random_state=None, shuffle=False), round=4, cross_validation=True, predict=True, fit_kwargs={}, groups=None, refit=False, probability_threshold=None, experiment_custom_tags=None, verbose=False, system=False, add_to_model_list=True, metrics=None, display=<pycaret.internal.display.display.CommonDisplay object at 0x3080d7010>, model_only=True, return_train_score=False, error_score=0.0, kwargs={})
2025-06-21 15:02:24,880:INFO:Checking exceptions
2025-06-21 15:02:24,880:INFO:Importing libraries
2025-06-21 15:02:24,881:INFO:Copying training dataset
2025-06-21 15:02:24,976:INFO:Defining folds
2025-06-21 15:02:24,976:INFO:Declaring metric variables
2025-06-21 15:02:24,978:INFO:Importing untrained model
2025-06-21 15:02:24,981:INFO:SVM - Linear Kernel Imported successfully
2025-06-21 15:02:24,985:INFO:Starting cross validation
2025-06-21 15:02:24,985:INFO:Cross validating with StratifiedKFold(n_splits=10, random_state=None, shuffle=False), n_jobs=-1
2025-06-21 15:02:41,370:INFO:Calculating mean and std
2025-06-21 15:02:41,373:INFO:Creating metrics dataframe
2025-06-21 15:02:41,377:INFO:Uploading results into container
2025-06-21 15:02:41,378:INFO:Uploading model into container now
2025-06-21 15:02:41,380:INFO:_master_model_container: 5
2025-06-21 15:02:41,380:INFO:_display_container: 2
2025-06-21 15:02:41,381:INFO:SGDClassifier(alpha=0.0001, average=False, class_weight=None,
              early_stopping=False, epsilon=0.1, eta0=0.001, fit_intercept=True,
              l1_ratio=0.15, learning_rate='optimal', loss='hinge',
              max_iter=1000, n_iter_no_change=5, n_jobs=-1, penalty='l2',
              power_t=0.5, random_state=42, shuffle=True, tol=0.001,
              validation_fraction=0.1, verbose=0, warm_start=False)
2025-06-21 15:02:41,381:INFO:create_model() successfully completed......................................
2025-06-21 15:02:41,604:INFO:SubProcess create_model() end ==================================
2025-06-21 15:02:41,605:INFO:Creating metrics dataframe
2025-06-21 15:02:41,608:INFO:Initializing Ridge Classifier
2025-06-21 15:02:41,609:INFO:Total runtime is 1.2386050502459207 minutes
2025-06-21 15:02:41,610:INFO:SubProcess create_model() called ==================================
2025-06-21 15:02:41,610:INFO:Initializing create_model()
2025-06-21 15:02:41,610:INFO:create_model(self=<pycaret.classification.oop.ClassificationExperiment object at 0x33769dc90>, estimator=ridge, fold=StratifiedKFold(n_splits=10, random_state=None, shuffle=False), round=4, cross_validation=True, predict=True, fit_kwargs={}, groups=None, refit=False, probability_threshold=None, experiment_custom_tags=None, verbose=False, system=False, add_to_model_list=True, metrics=None, display=<pycaret.internal.display.display.CommonDisplay object at 0x3080d7010>, model_only=True, return_train_score=False, error_score=0.0, kwargs={})
2025-06-21 15:02:41,610:INFO:Checking exceptions
2025-06-21 15:02:41,610:INFO:Importing libraries
2025-06-21 15:02:41,610:INFO:Copying training dataset
2025-06-21 15:02:41,701:INFO:Defining folds
2025-06-21 15:02:41,701:INFO:Declaring metric variables
2025-06-21 15:02:41,704:INFO:Importing untrained model
2025-06-21 15:02:41,707:INFO:Ridge Classifier Imported successfully
2025-06-21 15:02:41,712:INFO:Starting cross validation
2025-06-21 15:02:41,713:INFO:Cross validating with StratifiedKFold(n_splits=10, random_state=None, shuffle=False), n_jobs=-1
2025-06-21 15:02:42,451:INFO:Calculating mean and std
2025-06-21 15:02:42,456:INFO:Creating metrics dataframe
2025-06-21 15:02:42,459:INFO:Uploading results into container
2025-06-21 15:02:42,459:INFO:Uploading model into container now
2025-06-21 15:02:42,460:INFO:_master_model_container: 6
2025-06-21 15:02:42,460:INFO:_display_container: 2
2025-06-21 15:02:42,461:INFO:RidgeClassifier(alpha=1.0, class_weight=None, copy_X=True, fit_intercept=True,
                max_iter=None, positive=False, random_state=42, solver='auto',
                tol=0.0001)
2025-06-21 15:02:42,461:INFO:create_model() successfully completed......................................
2025-06-21 15:02:42,571:INFO:SubProcess create_model() end ==================================
2025-06-21 15:02:42,571:INFO:Creating metrics dataframe
2025-06-21 15:02:42,576:INFO:Initializing Random Forest Classifier
2025-06-21 15:02:42,576:INFO:Total runtime is 1.2547332008679706 minutes
2025-06-21 15:02:42,579:INFO:SubProcess create_model() called ==================================
2025-06-21 15:02:42,579:INFO:Initializing create_model()
2025-06-21 15:02:42,579:INFO:create_model(self=<pycaret.classification.oop.ClassificationExperiment object at 0x33769dc90>, estimator=rf, fold=StratifiedKFold(n_splits=10, random_state=None, shuffle=False), round=4, cross_validation=True, predict=True, fit_kwargs={}, groups=None, refit=False, probability_threshold=None, experiment_custom_tags=None, verbose=False, system=False, add_to_model_list=True, metrics=None, display=<pycaret.internal.display.display.CommonDisplay object at 0x3080d7010>, model_only=True, return_train_score=False, error_score=0.0, kwargs={})
2025-06-21 15:02:42,579:INFO:Checking exceptions
2025-06-21 15:02:42,579:INFO:Importing libraries
2025-06-21 15:02:42,579:INFO:Copying training dataset
2025-06-21 15:02:42,671:INFO:Defining folds
2025-06-21 15:02:42,672:INFO:Declaring metric variables
2025-06-21 15:02:42,673:INFO:Importing untrained model
2025-06-21 15:02:42,676:INFO:Random Forest Classifier Imported successfully
2025-06-21 15:02:42,679:INFO:Starting cross validation
2025-06-21 15:02:42,679:INFO:Cross validating with StratifiedKFold(n_splits=10, random_state=None, shuffle=False), n_jobs=-1
2025-06-21 15:03:22,981:INFO:Calculating mean and std
2025-06-21 15:03:22,985:INFO:Creating metrics dataframe
2025-06-21 15:03:22,995:INFO:Uploading results into container
2025-06-21 15:03:22,997:INFO:Uploading model into container now
2025-06-21 15:03:22,999:INFO:_master_model_container: 7
2025-06-21 15:03:22,999:INFO:_display_container: 2
2025-06-21 15:03:23,000:INFO:RandomForestClassifier(bootstrap=True, ccp_alpha=0.0, class_weight=None,
                       criterion='gini', max_depth=None, max_features='sqrt',
                       max_leaf_nodes=None, max_samples=None,
                       min_impurity_decrease=0.0, min_samples_leaf=1,
                       min_samples_split=2, min_weight_fraction_leaf=0.0,
                       monotonic_cst=None, n_estimators=100, n_jobs=-1,
                       oob_score=False, random_state=42, verbose=0,
                       warm_start=False)
2025-06-21 15:03:23,000:INFO:create_model() successfully completed......................................
2025-06-21 15:03:23,212:INFO:SubProcess create_model() end ==================================
2025-06-21 15:03:23,213:INFO:Creating metrics dataframe
2025-06-21 15:03:23,220:INFO:Initializing Quadratic Discriminant Analysis
2025-06-21 15:03:23,220:INFO:Total runtime is 1.9321270823478698 minutes
2025-06-21 15:03:23,226:INFO:SubProcess create_model() called ==================================
2025-06-21 15:03:23,227:INFO:Initializing create_model()
2025-06-21 15:03:23,227:INFO:create_model(self=<pycaret.classification.oop.ClassificationExperiment object at 0x33769dc90>, estimator=qda, fold=StratifiedKFold(n_splits=10, random_state=None, shuffle=False), round=4, cross_validation=True, predict=True, fit_kwargs={}, groups=None, refit=False, probability_threshold=None, experiment_custom_tags=None, verbose=False, system=False, add_to_model_list=True, metrics=None, display=<pycaret.internal.display.display.CommonDisplay object at 0x3080d7010>, model_only=True, return_train_score=False, error_score=0.0, kwargs={})
2025-06-21 15:03:23,227:INFO:Checking exceptions
2025-06-21 15:03:23,227:INFO:Importing libraries
2025-06-21 15:03:23,227:INFO:Copying training dataset
2025-06-21 15:03:23,334:INFO:Defining folds
2025-06-21 15:03:23,334:INFO:Declaring metric variables
2025-06-21 15:03:23,336:INFO:Importing untrained model
2025-06-21 15:03:23,339:INFO:Quadratic Discriminant Analysis Imported successfully
2025-06-21 15:03:23,342:INFO:Starting cross validation
2025-06-21 15:03:23,343:INFO:Cross validating with StratifiedKFold(n_splits=10, random_state=None, shuffle=False), n_jobs=-1
2025-06-21 15:03:24,616:INFO:Calculating mean and std
2025-06-21 15:03:24,617:INFO:Creating metrics dataframe
2025-06-21 15:03:24,617:INFO:Uploading results into container
2025-06-21 15:03:24,618:INFO:Uploading model into container now
2025-06-21 15:03:24,618:INFO:_master_model_container: 8
2025-06-21 15:03:24,618:INFO:_display_container: 2
2025-06-21 15:03:24,618:INFO:QuadraticDiscriminantAnalysis(priors=None, reg_param=0.0,
                              store_covariance=False, tol=0.0001)
2025-06-21 15:03:24,618:INFO:create_model() successfully completed......................................
2025-06-21 15:03:24,719:INFO:SubProcess create_model() end ==================================
2025-06-21 15:03:24,719:INFO:Creating metrics dataframe
2025-06-21 15:03:24,725:INFO:Initializing Ada Boost Classifier
2025-06-21 15:03:24,725:INFO:Total runtime is 1.957216970125834 minutes
2025-06-21 15:03:24,727:INFO:SubProcess create_model() called ==================================
2025-06-21 15:03:24,727:INFO:Initializing create_model()
2025-06-21 15:03:24,727:INFO:create_model(self=<pycaret.classification.oop.ClassificationExperiment object at 0x33769dc90>, estimator=ada, fold=StratifiedKFold(n_splits=10, random_state=None, shuffle=False), round=4, cross_validation=True, predict=True, fit_kwargs={}, groups=None, refit=False, probability_threshold=None, experiment_custom_tags=None, verbose=False, system=False, add_to_model_list=True, metrics=None, display=<pycaret.internal.display.display.CommonDisplay object at 0x3080d7010>, model_only=True, return_train_score=False, error_score=0.0, kwargs={})
2025-06-21 15:03:24,727:INFO:Checking exceptions
2025-06-21 15:03:24,727:INFO:Importing libraries
2025-06-21 15:03:24,727:INFO:Copying training dataset
2025-06-21 15:03:24,791:INFO:Defining folds
2025-06-21 15:03:24,792:INFO:Declaring metric variables
2025-06-21 15:03:24,793:INFO:Importing untrained model
2025-06-21 15:03:24,796:INFO:Ada Boost Classifier Imported successfully
2025-06-21 15:03:24,800:INFO:Starting cross validation
2025-06-21 15:03:24,801:INFO:Cross validating with StratifiedKFold(n_splits=10, random_state=None, shuffle=False), n_jobs=-1
2025-06-21 15:03:24,941:WARNING:/Users/robertoorazi/Repositories/Facultad/AA1-TUIA-2025C1-Gallardo-Orazi/Clasificacion/aa1/lib/python3.10/site-packages/sklearn/ensemble/_weight_boosting.py:519: FutureWarning: The SAMME.R algorithm (the default) is deprecated and will be removed in 1.6. Use the SAMME algorithm to circumvent this warning.
  warnings.warn(

2025-06-21 15:03:24,985:WARNING:/Users/robertoorazi/Repositories/Facultad/AA1-TUIA-2025C1-Gallardo-Orazi/Clasificacion/aa1/lib/python3.10/site-packages/sklearn/ensemble/_weight_boosting.py:519: FutureWarning: The SAMME.R algorithm (the default) is deprecated and will be removed in 1.6. Use the SAMME algorithm to circumvent this warning.
  warnings.warn(

2025-06-21 15:03:25,041:WARNING:/Users/robertoorazi/Repositories/Facultad/AA1-TUIA-2025C1-Gallardo-Orazi/Clasificacion/aa1/lib/python3.10/site-packages/sklearn/ensemble/_weight_boosting.py:519: FutureWarning: The SAMME.R algorithm (the default) is deprecated and will be removed in 1.6. Use the SAMME algorithm to circumvent this warning.
  warnings.warn(

2025-06-21 15:03:25,118:WARNING:/Users/robertoorazi/Repositories/Facultad/AA1-TUIA-2025C1-Gallardo-Orazi/Clasificacion/aa1/lib/python3.10/site-packages/sklearn/ensemble/_weight_boosting.py:519: FutureWarning: The SAMME.R algorithm (the default) is deprecated and will be removed in 1.6. Use the SAMME algorithm to circumvent this warning.
  warnings.warn(

2025-06-21 15:03:25,181:WARNING:/Users/robertoorazi/Repositories/Facultad/AA1-TUIA-2025C1-Gallardo-Orazi/Clasificacion/aa1/lib/python3.10/site-packages/sklearn/ensemble/_weight_boosting.py:519: FutureWarning: The SAMME.R algorithm (the default) is deprecated and will be removed in 1.6. Use the SAMME algorithm to circumvent this warning.
  warnings.warn(

2025-06-21 15:03:25,259:WARNING:/Users/robertoorazi/Repositories/Facultad/AA1-TUIA-2025C1-Gallardo-Orazi/Clasificacion/aa1/lib/python3.10/site-packages/sklearn/ensemble/_weight_boosting.py:519: FutureWarning: The SAMME.R algorithm (the default) is deprecated and will be removed in 1.6. Use the SAMME algorithm to circumvent this warning.
  warnings.warn(

2025-06-21 15:03:25,362:WARNING:/Users/robertoorazi/Repositories/Facultad/AA1-TUIA-2025C1-Gallardo-Orazi/Clasificacion/aa1/lib/python3.10/site-packages/sklearn/ensemble/_weight_boosting.py:519: FutureWarning: The SAMME.R algorithm (the default) is deprecated and will be removed in 1.6. Use the SAMME algorithm to circumvent this warning.
  warnings.warn(

2025-06-21 15:03:25,452:WARNING:/Users/robertoorazi/Repositories/Facultad/AA1-TUIA-2025C1-Gallardo-Orazi/Clasificacion/aa1/lib/python3.10/site-packages/sklearn/ensemble/_weight_boosting.py:519: FutureWarning: The SAMME.R algorithm (the default) is deprecated and will be removed in 1.6. Use the SAMME algorithm to circumvent this warning.
  warnings.warn(

2025-06-21 15:03:32,303:WARNING:/Users/robertoorazi/Repositories/Facultad/AA1-TUIA-2025C1-Gallardo-Orazi/Clasificacion/aa1/lib/python3.10/site-packages/sklearn/ensemble/_weight_boosting.py:519: FutureWarning: The SAMME.R algorithm (the default) is deprecated and will be removed in 1.6. Use the SAMME algorithm to circumvent this warning.
  warnings.warn(

2025-06-21 15:03:32,373:WARNING:/Users/robertoorazi/Repositories/Facultad/AA1-TUIA-2025C1-Gallardo-Orazi/Clasificacion/aa1/lib/python3.10/site-packages/sklearn/ensemble/_weight_boosting.py:519: FutureWarning: The SAMME.R algorithm (the default) is deprecated and will be removed in 1.6. Use the SAMME algorithm to circumvent this warning.
  warnings.warn(

2025-06-21 15:03:36,606:INFO:Calculating mean and std
2025-06-21 15:03:36,608:INFO:Creating metrics dataframe
2025-06-21 15:03:36,611:INFO:Uploading results into container
2025-06-21 15:03:36,612:INFO:Uploading model into container now
2025-06-21 15:03:36,612:INFO:_master_model_container: 9
2025-06-21 15:03:36,612:INFO:_display_container: 2
2025-06-21 15:03:36,613:INFO:AdaBoostClassifier(algorithm='SAMME.R', estimator=None, learning_rate=1.0,
                   n_estimators=50, random_state=42)
2025-06-21 15:03:36,613:INFO:create_model() successfully completed......................................
2025-06-21 15:03:36,807:INFO:SubProcess create_model() end ==================================
2025-06-21 15:03:36,807:INFO:Creating metrics dataframe
2025-06-21 15:03:36,816:INFO:Initializing Gradient Boosting Classifier
2025-06-21 15:03:36,816:INFO:Total runtime is 2.158732501665751 minutes
2025-06-21 15:03:36,820:INFO:SubProcess create_model() called ==================================
2025-06-21 15:03:36,820:INFO:Initializing create_model()
2025-06-21 15:03:36,820:INFO:create_model(self=<pycaret.classification.oop.ClassificationExperiment object at 0x33769dc90>, estimator=gbc, fold=StratifiedKFold(n_splits=10, random_state=None, shuffle=False), round=4, cross_validation=True, predict=True, fit_kwargs={}, groups=None, refit=False, probability_threshold=None, experiment_custom_tags=None, verbose=False, system=False, add_to_model_list=True, metrics=None, display=<pycaret.internal.display.display.CommonDisplay object at 0x3080d7010>, model_only=True, return_train_score=False, error_score=0.0, kwargs={})
2025-06-21 15:03:36,820:INFO:Checking exceptions
2025-06-21 15:03:36,821:INFO:Importing libraries
2025-06-21 15:03:36,821:INFO:Copying training dataset
2025-06-21 15:03:36,905:INFO:Defining folds
2025-06-21 15:03:36,905:INFO:Declaring metric variables
2025-06-21 15:03:36,907:INFO:Importing untrained model
2025-06-21 15:03:36,911:INFO:Gradient Boosting Classifier Imported successfully
2025-06-21 15:03:36,914:INFO:Starting cross validation
2025-06-21 15:03:36,915:INFO:Cross validating with StratifiedKFold(n_splits=10, random_state=None, shuffle=False), n_jobs=-1
2025-06-21 15:04:30,507:INFO:Calculating mean and std
2025-06-21 15:04:30,511:INFO:Creating metrics dataframe
2025-06-21 15:04:30,515:INFO:Uploading results into container
2025-06-21 15:04:30,516:INFO:Uploading model into container now
2025-06-21 15:04:30,518:INFO:_master_model_container: 10
2025-06-21 15:04:30,518:INFO:_display_container: 2
2025-06-21 15:04:30,520:INFO:GradientBoostingClassifier(ccp_alpha=0.0, criterion='friedman_mse', init=None,
                           learning_rate=0.1, loss='log_loss', max_depth=3,
                           max_features=None, max_leaf_nodes=None,
                           min_impurity_decrease=0.0, min_samples_leaf=1,
                           min_samples_split=2, min_weight_fraction_leaf=0.0,
                           n_estimators=100, n_iter_no_change=None,
                           random_state=42, subsample=1.0, tol=0.0001,
                           validation_fraction=0.1, verbose=0,
                           warm_start=False)
2025-06-21 15:04:30,520:INFO:create_model() successfully completed......................................
2025-06-21 15:04:30,753:INFO:SubProcess create_model() end ==================================
2025-06-21 15:04:30,753:INFO:Creating metrics dataframe
2025-06-21 15:04:30,758:INFO:Initializing Linear Discriminant Analysis
2025-06-21 15:04:30,758:INFO:Total runtime is 3.057767534255981 minutes
2025-06-21 15:04:30,761:INFO:SubProcess create_model() called ==================================
2025-06-21 15:04:30,761:INFO:Initializing create_model()
2025-06-21 15:04:30,761:INFO:create_model(self=<pycaret.classification.oop.ClassificationExperiment object at 0x33769dc90>, estimator=lda, fold=StratifiedKFold(n_splits=10, random_state=None, shuffle=False), round=4, cross_validation=True, predict=True, fit_kwargs={}, groups=None, refit=False, probability_threshold=None, experiment_custom_tags=None, verbose=False, system=False, add_to_model_list=True, metrics=None, display=<pycaret.internal.display.display.CommonDisplay object at 0x3080d7010>, model_only=True, return_train_score=False, error_score=0.0, kwargs={})
2025-06-21 15:04:30,761:INFO:Checking exceptions
2025-06-21 15:04:30,762:INFO:Importing libraries
2025-06-21 15:04:30,762:INFO:Copying training dataset
2025-06-21 15:04:30,846:INFO:Defining folds
2025-06-21 15:04:30,846:INFO:Declaring metric variables
2025-06-21 15:04:30,849:INFO:Importing untrained model
2025-06-21 15:04:30,851:INFO:Linear Discriminant Analysis Imported successfully
2025-06-21 15:04:30,854:INFO:Starting cross validation
2025-06-21 15:04:30,854:INFO:Cross validating with StratifiedKFold(n_splits=10, random_state=None, shuffle=False), n_jobs=-1
2025-06-21 15:04:31,857:INFO:Calculating mean and std
2025-06-21 15:04:31,858:INFO:Creating metrics dataframe
2025-06-21 15:04:31,859:INFO:Uploading results into container
2025-06-21 15:04:31,859:INFO:Uploading model into container now
2025-06-21 15:04:31,860:INFO:_master_model_container: 11
2025-06-21 15:04:31,860:INFO:_display_container: 2
2025-06-21 15:04:31,860:INFO:LinearDiscriminantAnalysis(covariance_estimator=None, n_components=None,
                           priors=None, shrinkage=None, solver='svd',
                           store_covariance=False, tol=0.0001)
2025-06-21 15:04:31,860:INFO:create_model() successfully completed......................................
2025-06-21 15:04:31,963:INFO:SubProcess create_model() end ==================================
2025-06-21 15:04:31,963:INFO:Creating metrics dataframe
2025-06-21 15:04:31,967:INFO:Initializing Extra Trees Classifier
2025-06-21 15:04:31,967:INFO:Total runtime is 3.0779195507367447 minutes
2025-06-21 15:04:31,969:INFO:SubProcess create_model() called ==================================
2025-06-21 15:04:31,969:INFO:Initializing create_model()
2025-06-21 15:04:31,969:INFO:create_model(self=<pycaret.classification.oop.ClassificationExperiment object at 0x33769dc90>, estimator=et, fold=StratifiedKFold(n_splits=10, random_state=None, shuffle=False), round=4, cross_validation=True, predict=True, fit_kwargs={}, groups=None, refit=False, probability_threshold=None, experiment_custom_tags=None, verbose=False, system=False, add_to_model_list=True, metrics=None, display=<pycaret.internal.display.display.CommonDisplay object at 0x3080d7010>, model_only=True, return_train_score=False, error_score=0.0, kwargs={})
2025-06-21 15:04:31,969:INFO:Checking exceptions
2025-06-21 15:04:31,969:INFO:Importing libraries
2025-06-21 15:04:31,969:INFO:Copying training dataset
2025-06-21 15:04:32,036:INFO:Defining folds
2025-06-21 15:04:32,036:INFO:Declaring metric variables
2025-06-21 15:04:32,039:INFO:Importing untrained model
2025-06-21 15:04:32,042:INFO:Extra Trees Classifier Imported successfully
2025-06-21 15:04:32,046:INFO:Starting cross validation
2025-06-21 15:04:32,047:INFO:Cross validating with StratifiedKFold(n_splits=10, random_state=None, shuffle=False), n_jobs=-1
2025-06-21 15:04:59,821:INFO:Calculating mean and std
2025-06-21 15:04:59,824:INFO:Creating metrics dataframe
2025-06-21 15:04:59,831:INFO:Uploading results into container
2025-06-21 15:04:59,833:INFO:Uploading model into container now
2025-06-21 15:04:59,834:INFO:_master_model_container: 12
2025-06-21 15:04:59,834:INFO:_display_container: 2
2025-06-21 15:04:59,835:INFO:ExtraTreesClassifier(bootstrap=False, ccp_alpha=0.0, class_weight=None,
                     criterion='gini', max_depth=None, max_features='sqrt',
                     max_leaf_nodes=None, max_samples=None,
                     min_impurity_decrease=0.0, min_samples_leaf=1,
                     min_samples_split=2, min_weight_fraction_leaf=0.0,
                     monotonic_cst=None, n_estimators=100, n_jobs=-1,
                     oob_score=False, random_state=42, verbose=0,
                     warm_start=False)
2025-06-21 15:04:59,835:INFO:create_model() successfully completed......................................
2025-06-21 15:05:00,049:INFO:SubProcess create_model() end ==================================
2025-06-21 15:05:00,049:INFO:Creating metrics dataframe
2025-06-21 15:05:00,062:INFO:Initializing Light Gradient Boosting Machine
2025-06-21 15:05:00,062:INFO:Total runtime is 3.546158067385355 minutes
2025-06-21 15:05:00,064:INFO:SubProcess create_model() called ==================================
2025-06-21 15:05:00,064:INFO:Initializing create_model()
2025-06-21 15:05:00,064:INFO:create_model(self=<pycaret.classification.oop.ClassificationExperiment object at 0x33769dc90>, estimator=lightgbm, fold=StratifiedKFold(n_splits=10, random_state=None, shuffle=False), round=4, cross_validation=True, predict=True, fit_kwargs={}, groups=None, refit=False, probability_threshold=None, experiment_custom_tags=None, verbose=False, system=False, add_to_model_list=True, metrics=None, display=<pycaret.internal.display.display.CommonDisplay object at 0x3080d7010>, model_only=True, return_train_score=False, error_score=0.0, kwargs={})
2025-06-21 15:05:00,065:INFO:Checking exceptions
2025-06-21 15:05:00,065:INFO:Importing libraries
2025-06-21 15:05:00,065:INFO:Copying training dataset
2025-06-21 15:05:00,173:INFO:Defining folds
2025-06-21 15:05:00,173:INFO:Declaring metric variables
2025-06-21 15:05:00,175:INFO:Importing untrained model
2025-06-21 15:05:00,179:INFO:Light Gradient Boosting Machine Imported successfully
2025-06-21 15:05:00,183:INFO:Starting cross validation
2025-06-21 15:05:00,184:INFO:Cross validating with StratifiedKFold(n_splits=10, random_state=None, shuffle=False), n_jobs=-1
2025-06-21 15:05:04,474:INFO:[LightGBM] [Warning] Found whitespace in feature_names, replace with underlines
2025-06-21 15:05:04,474:INFO:[LightGBM] [Info] Number of positive: 22982, number of negative: 79396
2025-06-21 15:05:04,485:INFO:[LightGBM] [Info] Auto-choosing row-wise multi-threading, the overhead of testing was 0.003373 seconds.
2025-06-21 15:05:04,485:INFO:You can set `force_row_wise=true` to remove the overhead.
2025-06-21 15:05:04,485:INFO:And if memory is not enough, you can set `force_col_wise=true`.
2025-06-21 15:05:04,485:INFO:[LightGBM] [Info] Total Bins 2670
2025-06-21 15:05:04,485:INFO:[LightGBM] [Info] Number of data points in the train set: 102378, number of used features: 27
2025-06-21 15:05:04,485:INFO:[LightGBM] [Info] [binary:BoostFromScore]: pavg=0.224482 -> initscore=-1.239737
2025-06-21 15:05:04,485:INFO:[LightGBM] [Info] Start training from score -1.239737
2025-06-21 15:05:04,995:INFO:[LightGBM] [Warning] Found whitespace in feature_names, replace with underlines
2025-06-21 15:05:04,996:INFO:[LightGBM] [Info] Number of positive: 22982, number of negative: 79396
2025-06-21 15:05:05,007:INFO:[LightGBM] [Info] Auto-choosing row-wise multi-threading, the overhead of testing was 0.004912 seconds.
2025-06-21 15:05:05,007:INFO:You can set `force_row_wise=true` to remove the overhead.
2025-06-21 15:05:05,007:INFO:And if memory is not enough, you can set `force_col_wise=true`.
2025-06-21 15:05:05,007:INFO:[LightGBM] [Info] Total Bins 2669
2025-06-21 15:05:05,007:INFO:[LightGBM] [Info] Number of data points in the train set: 102378, number of used features: 27
2025-06-21 15:05:05,008:INFO:[LightGBM] [Info] [binary:BoostFromScore]: pavg=0.224482 -> initscore=-1.239737
2025-06-21 15:05:05,009:INFO:[LightGBM] [Info] Start training from score -1.239737
2025-06-21 15:05:05,421:INFO:[LightGBM] [Warning] Found whitespace in feature_names, replace with underlines
2025-06-21 15:05:05,422:INFO:[LightGBM] [Info] Number of positive: 22983, number of negative: 79396
2025-06-21 15:05:05,431:INFO:[LightGBM] [Info] Auto-choosing row-wise multi-threading, the overhead of testing was 0.004180 seconds.
2025-06-21 15:05:05,431:INFO:You can set `force_row_wise=true` to remove the overhead.
2025-06-21 15:05:05,431:INFO:And if memory is not enough, you can set `force_col_wise=true`.
2025-06-21 15:05:05,432:INFO:[LightGBM] [Info] Total Bins 2670
2025-06-21 15:05:05,432:INFO:[LightGBM] [Info] Number of data points in the train set: 102379, number of used features: 27
2025-06-21 15:05:05,433:INFO:[LightGBM] [Info] [binary:BoostFromScore]: pavg=0.224489 -> initscore=-1.239693
2025-06-21 15:05:05,434:INFO:[LightGBM] [Info] Start training from score -1.239693
2025-06-21 15:05:05,549:INFO:[LightGBM] [Warning] Found whitespace in feature_names, replace with underlines
2025-06-21 15:05:05,550:INFO:[LightGBM] [Info] Number of positive: 22983, number of negative: 79396
2025-06-21 15:05:05,560:INFO:[LightGBM] [Info] Auto-choosing row-wise multi-threading, the overhead of testing was 0.003384 seconds.
2025-06-21 15:05:05,560:INFO:You can set `force_row_wise=true` to remove the overhead.
2025-06-21 15:05:05,560:INFO:And if memory is not enough, you can set `force_col_wise=true`.
2025-06-21 15:05:05,560:INFO:[LightGBM] [Info] Total Bins 2671
2025-06-21 15:05:05,560:INFO:[LightGBM] [Info] Number of data points in the train set: 102379, number of used features: 27
2025-06-21 15:05:05,562:INFO:[LightGBM] [Info] [binary:BoostFromScore]: pavg=0.224489 -> initscore=-1.239693
2025-06-21 15:05:05,562:INFO:[LightGBM] [Info] Start training from score -1.239693
2025-06-21 15:05:05,700:INFO:[LightGBM] [Warning] Found whitespace in feature_names, replace with underlines
2025-06-21 15:05:05,700:INFO:[LightGBM] [Info] Number of positive: 22983, number of negative: 79396
2025-06-21 15:05:05,708:INFO:[LightGBM] [Info] Auto-choosing row-wise multi-threading, the overhead of testing was 0.002876 seconds.
2025-06-21 15:05:05,708:INFO:You can set `force_row_wise=true` to remove the overhead.
2025-06-21 15:05:05,708:INFO:And if memory is not enough, you can set `force_col_wise=true`.
2025-06-21 15:05:05,708:INFO:[LightGBM] [Info] Total Bins 2671
2025-06-21 15:05:05,708:INFO:[LightGBM] [Info] Number of data points in the train set: 102379, number of used features: 27
2025-06-21 15:05:05,709:INFO:[LightGBM] [Info] [binary:BoostFromScore]: pavg=0.224489 -> initscore=-1.239693
2025-06-21 15:05:05,709:INFO:[LightGBM] [Info] Start training from score -1.239693
2025-06-21 15:05:06,895:INFO:[LightGBM] [Warning] Found whitespace in feature_names, replace with underlines
2025-06-21 15:05:06,896:INFO:[LightGBM] [Info] Number of positive: 22983, number of negative: 79396
2025-06-21 15:05:06,942:INFO:[LightGBM] [Info] Auto-choosing row-wise multi-threading, the overhead of testing was 0.019633 seconds.
2025-06-21 15:05:06,942:INFO:You can set `force_row_wise=true` to remove the overhead.
2025-06-21 15:05:06,942:INFO:And if memory is not enough, you can set `force_col_wise=true`.
2025-06-21 15:05:06,942:INFO:[LightGBM] [Info] Total Bins 2668
2025-06-21 15:05:06,942:INFO:[LightGBM] [Info] Number of data points in the train set: 102379, number of used features: 27
2025-06-21 15:05:06,943:INFO:[LightGBM] [Info] [binary:BoostFromScore]: pavg=0.224489 -> initscore=-1.239693
2025-06-21 15:05:06,945:INFO:[LightGBM] [Info] Start training from score -1.239693
2025-06-21 15:05:08,864:INFO:Calculating mean and std
2025-06-21 15:05:08,868:INFO:Creating metrics dataframe
2025-06-21 15:05:08,875:INFO:Uploading results into container
2025-06-21 15:05:08,877:INFO:Uploading model into container now
2025-06-21 15:05:08,879:INFO:_master_model_container: 13
2025-06-21 15:05:08,880:INFO:_display_container: 2
2025-06-21 15:05:08,883:INFO:LGBMClassifier(boosting_type='gbdt', class_weight=None, colsample_bytree=1.0,
               importance_type='split', learning_rate=0.1, max_depth=-1,
               min_child_samples=20, min_child_weight=0.001, min_split_gain=0.0,
               n_estimators=100, n_jobs=-1, num_leaves=31, objective=None,
               random_state=42, reg_alpha=0.0, reg_lambda=0.0, subsample=1.0,
               subsample_for_bin=200000, subsample_freq=0)
2025-06-21 15:05:08,884:INFO:create_model() successfully completed......................................
2025-06-21 15:05:09,106:INFO:SubProcess create_model() end ==================================
2025-06-21 15:05:09,106:INFO:Creating metrics dataframe
2025-06-21 15:05:09,112:INFO:Initializing Dummy Classifier
2025-06-21 15:05:09,112:INFO:Total runtime is 3.6969897707303363 minutes
2025-06-21 15:05:09,113:INFO:SubProcess create_model() called ==================================
2025-06-21 15:05:09,113:INFO:Initializing create_model()
2025-06-21 15:05:09,113:INFO:create_model(self=<pycaret.classification.oop.ClassificationExperiment object at 0x33769dc90>, estimator=dummy, fold=StratifiedKFold(n_splits=10, random_state=None, shuffle=False), round=4, cross_validation=True, predict=True, fit_kwargs={}, groups=None, refit=False, probability_threshold=None, experiment_custom_tags=None, verbose=False, system=False, add_to_model_list=True, metrics=None, display=<pycaret.internal.display.display.CommonDisplay object at 0x3080d7010>, model_only=True, return_train_score=False, error_score=0.0, kwargs={})
2025-06-21 15:05:09,113:INFO:Checking exceptions
2025-06-21 15:05:09,113:INFO:Importing libraries
2025-06-21 15:05:09,113:INFO:Copying training dataset
2025-06-21 15:05:09,220:INFO:Defining folds
2025-06-21 15:05:09,221:INFO:Declaring metric variables
2025-06-21 15:05:09,222:INFO:Importing untrained model
2025-06-21 15:05:09,226:INFO:Dummy Classifier Imported successfully
2025-06-21 15:05:09,230:INFO:Starting cross validation
2025-06-21 15:05:09,231:INFO:Cross validating with StratifiedKFold(n_splits=10, random_state=None, shuffle=False), n_jobs=-1
2025-06-21 15:05:09,405:WARNING:/Users/robertoorazi/Repositories/Facultad/AA1-TUIA-2025C1-Gallardo-Orazi/Clasificacion/aa1/lib/python3.10/site-packages/sklearn/metrics/_classification.py:1509: UndefinedMetricWarning: Precision is ill-defined and being set to 0.0 due to no predicted samples. Use `zero_division` parameter to control this behavior.
  _warn_prf(average, modifier, f"{metric.capitalize()} is", len(result))

2025-06-21 15:05:09,431:WARNING:/Users/robertoorazi/Repositories/Facultad/AA1-TUIA-2025C1-Gallardo-Orazi/Clasificacion/aa1/lib/python3.10/site-packages/sklearn/metrics/_classification.py:1509: UndefinedMetricWarning: Precision is ill-defined and being set to 0.0 due to no predicted samples. Use `zero_division` parameter to control this behavior.
  _warn_prf(average, modifier, f"{metric.capitalize()} is", len(result))

2025-06-21 15:05:09,520:WARNING:/Users/robertoorazi/Repositories/Facultad/AA1-TUIA-2025C1-Gallardo-Orazi/Clasificacion/aa1/lib/python3.10/site-packages/sklearn/metrics/_classification.py:1509: UndefinedMetricWarning: Precision is ill-defined and being set to 0.0 due to no predicted samples. Use `zero_division` parameter to control this behavior.
  _warn_prf(average, modifier, f"{metric.capitalize()} is", len(result))

2025-06-21 15:05:09,548:WARNING:/Users/robertoorazi/Repositories/Facultad/AA1-TUIA-2025C1-Gallardo-Orazi/Clasificacion/aa1/lib/python3.10/site-packages/sklearn/metrics/_classification.py:1509: UndefinedMetricWarning: Precision is ill-defined and being set to 0.0 due to no predicted samples. Use `zero_division` parameter to control this behavior.
  _warn_prf(average, modifier, f"{metric.capitalize()} is", len(result))

2025-06-21 15:05:09,596:WARNING:/Users/robertoorazi/Repositories/Facultad/AA1-TUIA-2025C1-Gallardo-Orazi/Clasificacion/aa1/lib/python3.10/site-packages/sklearn/metrics/_classification.py:1509: UndefinedMetricWarning: Precision is ill-defined and being set to 0.0 due to no predicted samples. Use `zero_division` parameter to control this behavior.
  _warn_prf(average, modifier, f"{metric.capitalize()} is", len(result))

2025-06-21 15:05:09,636:WARNING:/Users/robertoorazi/Repositories/Facultad/AA1-TUIA-2025C1-Gallardo-Orazi/Clasificacion/aa1/lib/python3.10/site-packages/sklearn/metrics/_classification.py:1509: UndefinedMetricWarning: Precision is ill-defined and being set to 0.0 due to no predicted samples. Use `zero_division` parameter to control this behavior.
  _warn_prf(average, modifier, f"{metric.capitalize()} is", len(result))

2025-06-21 15:05:09,694:WARNING:/Users/robertoorazi/Repositories/Facultad/AA1-TUIA-2025C1-Gallardo-Orazi/Clasificacion/aa1/lib/python3.10/site-packages/sklearn/metrics/_classification.py:1509: UndefinedMetricWarning: Precision is ill-defined and being set to 0.0 due to no predicted samples. Use `zero_division` parameter to control this behavior.
  _warn_prf(average, modifier, f"{metric.capitalize()} is", len(result))

2025-06-21 15:05:09,750:WARNING:/Users/robertoorazi/Repositories/Facultad/AA1-TUIA-2025C1-Gallardo-Orazi/Clasificacion/aa1/lib/python3.10/site-packages/sklearn/metrics/_classification.py:1509: UndefinedMetricWarning: Precision is ill-defined and being set to 0.0 due to no predicted samples. Use `zero_division` parameter to control this behavior.
  _warn_prf(average, modifier, f"{metric.capitalize()} is", len(result))

2025-06-21 15:05:09,775:WARNING:/Users/robertoorazi/Repositories/Facultad/AA1-TUIA-2025C1-Gallardo-Orazi/Clasificacion/aa1/lib/python3.10/site-packages/sklearn/metrics/_classification.py:1509: UndefinedMetricWarning: Precision is ill-defined and being set to 0.0 due to no predicted samples. Use `zero_division` parameter to control this behavior.
  _warn_prf(average, modifier, f"{metric.capitalize()} is", len(result))

2025-06-21 15:05:09,808:WARNING:/Users/robertoorazi/Repositories/Facultad/AA1-TUIA-2025C1-Gallardo-Orazi/Clasificacion/aa1/lib/python3.10/site-packages/sklearn/metrics/_classification.py:1509: UndefinedMetricWarning: Precision is ill-defined and being set to 0.0 due to no predicted samples. Use `zero_division` parameter to control this behavior.
  _warn_prf(average, modifier, f"{metric.capitalize()} is", len(result))

2025-06-21 15:05:09,816:INFO:Calculating mean and std
2025-06-21 15:05:09,817:INFO:Creating metrics dataframe
2025-06-21 15:05:09,817:INFO:Uploading results into container
2025-06-21 15:05:09,818:INFO:Uploading model into container now
2025-06-21 15:05:09,818:INFO:_master_model_container: 14
2025-06-21 15:05:09,818:INFO:_display_container: 2
2025-06-21 15:05:09,818:INFO:DummyClassifier(constant=None, random_state=42, strategy='prior')
2025-06-21 15:05:09,818:INFO:create_model() successfully completed......................................
2025-06-21 15:05:09,924:INFO:SubProcess create_model() end ==================================
2025-06-21 15:05:09,924:INFO:Creating metrics dataframe
2025-06-21 15:05:09,937:INFO:Initializing create_model()
2025-06-21 15:05:09,937:INFO:create_model(self=<pycaret.classification.oop.ClassificationExperiment object at 0x33769dc90>, estimator=LGBMClassifier(boosting_type='gbdt', class_weight=None, colsample_bytree=1.0,
               importance_type='split', learning_rate=0.1, max_depth=-1,
               min_child_samples=20, min_child_weight=0.001, min_split_gain=0.0,
               n_estimators=100, n_jobs=-1, num_leaves=31, objective=None,
               random_state=42, reg_alpha=0.0, reg_lambda=0.0, subsample=1.0,
               subsample_for_bin=200000, subsample_freq=0), fold=StratifiedKFold(n_splits=10, random_state=None, shuffle=False), round=4, cross_validation=False, predict=False, fit_kwargs={}, groups=None, refit=True, probability_threshold=None, experiment_custom_tags=None, verbose=False, system=False, add_to_model_list=True, metrics=None, display=None, model_only=True, return_train_score=False, error_score=0.0, kwargs={})
2025-06-21 15:05:09,937:INFO:Checking exceptions
2025-06-21 15:05:09,939:INFO:Importing libraries
2025-06-21 15:05:09,939:INFO:Copying training dataset
2025-06-21 15:05:10,008:INFO:Defining folds
2025-06-21 15:05:10,008:INFO:Declaring metric variables
2025-06-21 15:05:10,008:INFO:Importing untrained model
2025-06-21 15:05:10,008:INFO:Declaring custom model
2025-06-21 15:05:10,008:INFO:Light Gradient Boosting Machine Imported successfully
2025-06-21 15:05:10,009:INFO:Cross validation set to False
2025-06-21 15:05:10,009:INFO:Fitting Model
2025-06-21 15:05:10,219:INFO:[LightGBM] [Warning] Found whitespace in feature_names, replace with underlines
2025-06-21 15:05:10,220:INFO:[LightGBM] [Info] Number of positive: 25536, number of negative: 88218
2025-06-21 15:05:10,225:INFO:[LightGBM] [Info] Auto-choosing row-wise multi-threading, the overhead of testing was 0.002292 seconds.
2025-06-21 15:05:10,225:INFO:You can set `force_row_wise=true` to remove the overhead.
2025-06-21 15:05:10,225:INFO:And if memory is not enough, you can set `force_col_wise=true`.
2025-06-21 15:05:10,225:INFO:[LightGBM] [Info] Total Bins 2674
2025-06-21 15:05:10,225:INFO:[LightGBM] [Info] Number of data points in the train set: 113754, number of used features: 27
2025-06-21 15:05:10,226:INFO:[LightGBM] [Info] [binary:BoostFromScore]: pavg=0.224484 -> initscore=-1.239722
2025-06-21 15:05:10,226:INFO:[LightGBM] [Info] Start training from score -1.239722
2025-06-21 15:05:10,946:INFO:LGBMClassifier(boosting_type='gbdt', class_weight=None, colsample_bytree=1.0,
               importance_type='split', learning_rate=0.1, max_depth=-1,
               min_child_samples=20, min_child_weight=0.001, min_split_gain=0.0,
               n_estimators=100, n_jobs=-1, num_leaves=31, objective=None,
               random_state=42, reg_alpha=0.0, reg_lambda=0.0, subsample=1.0,
               subsample_for_bin=200000, subsample_freq=0)
2025-06-21 15:05:10,947:INFO:create_model() successfully completed......................................
2025-06-21 15:05:11,069:INFO:_master_model_container: 14
2025-06-21 15:05:11,069:INFO:_display_container: 2
2025-06-21 15:05:11,069:INFO:LGBMClassifier(boosting_type='gbdt', class_weight=None, colsample_bytree=1.0,
               importance_type='split', learning_rate=0.1, max_depth=-1,
               min_child_samples=20, min_child_weight=0.001, min_split_gain=0.0,
               n_estimators=100, n_jobs=-1, num_leaves=31, objective=None,
               random_state=42, reg_alpha=0.0, reg_lambda=0.0, subsample=1.0,
               subsample_for_bin=200000, subsample_freq=0)
2025-06-21 15:05:11,069:INFO:compare_models() successfully completed......................................
2025-06-21 20:55:24,651:INFO:PyCaret ClassificationExperiment
2025-06-21 20:55:24,652:INFO:Logging name: clf-default-name
2025-06-21 20:55:24,652:INFO:ML Usecase: MLUsecase.CLASSIFICATION
2025-06-21 20:55:24,652:INFO:version 3.3.2
2025-06-21 20:55:24,652:INFO:Initializing setup()
2025-06-21 20:55:24,652:INFO:self.USI: f176
2025-06-21 20:55:24,652:INFO:self._variable_keys: {'USI', '_available_plots', 'html_param', 'exp_id', 'y_test', '_ml_usecase', 'X_train', 'pipeline', 'y_train', 'gpu_param', 'y', 'logging_param', 'X', 'memory', 'fold_shuffle_param', 'data', 'is_multiclass', 'X_test', 'fold_groups_param', 'fix_imbalance', 'exp_name_log', 'n_jobs_param', 'fold_generator', 'seed', 'gpu_n_jobs_param', 'idx', 'target_param', 'log_plots_param'}
2025-06-21 20:55:24,652:INFO:Checking environment
2025-06-21 20:55:24,652:INFO:python_version: 3.10.17
2025-06-21 20:55:24,652:INFO:python_build: ('main', 'Apr  8 2025 12:10:59')
2025-06-21 20:55:24,652:INFO:machine: arm64
2025-06-21 20:55:24,652:INFO:platform: macOS-15.6-arm64-arm-64bit
2025-06-21 20:55:24,653:INFO:Memory: svmem(total=8589934592, available=1285455872, percent=85.0, used=2940567552, free=60866560, active=1242906624, inactive=1170063360, wired=1697660928)
2025-06-21 20:55:24,653:INFO:Physical Core: 8
2025-06-21 20:55:24,653:INFO:Logical Core: 8
2025-06-21 20:55:24,653:INFO:Checking libraries
2025-06-21 20:55:24,653:INFO:System:
2025-06-21 20:55:24,653:INFO:    python: 3.10.17 (main, Apr  8 2025, 12:10:59) [Clang 16.0.0 (clang-1600.0.26.6)]
2025-06-21 20:55:24,653:INFO:executable: /Users/robertoorazi/Repositories/Facultad/AA1-TUIA-2025C1-Gallardo-Orazi/Clasificacion/aa1/bin/python
2025-06-21 20:55:24,653:INFO:   machine: macOS-15.6-arm64-arm-64bit
2025-06-21 20:55:24,653:INFO:PyCaret required dependencies:
2025-06-21 20:55:24,655:INFO:                 pip: 25.1.1
2025-06-21 20:55:24,655:INFO:          setuptools: 75.6.0
2025-06-21 20:55:24,655:INFO:             pycaret: 3.3.2
2025-06-21 20:55:24,655:INFO:             IPython: 8.30.0
2025-06-21 20:55:24,655:INFO:          ipywidgets: 8.1.5
2025-06-21 20:55:24,655:INFO:                tqdm: 4.67.1
2025-06-21 20:55:24,655:INFO:               numpy: 1.26.4
2025-06-21 20:55:24,655:INFO:              pandas: 2.1.4
2025-06-21 20:55:24,655:INFO:              jinja2: 3.1.4
2025-06-21 20:55:24,655:INFO:               scipy: 1.11.4
2025-06-21 20:55:24,655:INFO:              joblib: 1.3.2
2025-06-21 20:55:24,655:INFO:             sklearn: 1.4.2
2025-06-21 20:55:24,655:INFO:                pyod: 2.0.2
2025-06-21 20:55:24,655:INFO:            imblearn: 0.12.4
2025-06-21 20:55:24,655:INFO:   category_encoders: 2.6.4
2025-06-21 20:55:24,655:INFO:            lightgbm: 4.5.0
2025-06-21 20:55:24,655:INFO:               numba: 0.60.0
2025-06-21 20:55:24,655:INFO:            requests: 2.32.3
2025-06-21 20:55:24,655:INFO:          matplotlib: 3.7.5
2025-06-21 20:55:24,655:INFO:          scikitplot: 0.3.7
2025-06-21 20:55:24,655:INFO:         yellowbrick: 1.5
2025-06-21 20:55:24,655:INFO:              plotly: 5.24.1
2025-06-21 20:55:24,655:INFO:    plotly-resampler: Not installed
2025-06-21 20:55:24,655:INFO:             kaleido: 0.2.1
2025-06-21 20:55:24,655:INFO:           schemdraw: 0.15
2025-06-21 20:55:24,655:INFO:         statsmodels: 0.14.4
2025-06-21 20:55:24,655:INFO:              sktime: 0.26.0
2025-06-21 20:55:24,655:INFO:               tbats: 1.1.3
2025-06-21 20:55:24,655:INFO:            pmdarima: 2.0.4
2025-06-21 20:55:24,655:INFO:              psutil: 6.1.0
2025-06-21 20:55:24,655:INFO:          markupsafe: 3.0.2
2025-06-21 20:55:24,655:INFO:             pickle5: Not installed
2025-06-21 20:55:24,655:INFO:         cloudpickle: 3.1.0
2025-06-21 20:55:24,655:INFO:         deprecation: 2.1.0
2025-06-21 20:55:24,655:INFO:              xxhash: 3.5.0
2025-06-21 20:55:24,655:INFO:           wurlitzer: 3.1.1
2025-06-21 20:55:24,655:INFO:PyCaret optional dependencies:
2025-06-21 20:55:24,655:INFO:                shap: 0.46.0
2025-06-21 20:55:24,655:INFO:           interpret: Not installed
2025-06-21 20:55:24,655:INFO:                umap: Not installed
2025-06-21 20:55:24,655:INFO:     ydata_profiling: Not installed
2025-06-21 20:55:24,655:INFO:  explainerdashboard: Not installed
2025-06-21 20:55:24,655:INFO:             autoviz: Not installed
2025-06-21 20:55:24,655:INFO:           fairlearn: Not installed
2025-06-21 20:55:24,655:INFO:          deepchecks: Not installed
2025-06-21 20:55:24,655:INFO:             xgboost: Not installed
2025-06-21 20:55:24,655:INFO:            catboost: Not installed
2025-06-21 20:55:24,655:INFO:              kmodes: Not installed
2025-06-21 20:55:24,655:INFO:             mlxtend: Not installed
2025-06-21 20:55:24,655:INFO:       statsforecast: Not installed
2025-06-21 20:55:24,655:INFO:        tune_sklearn: Not installed
2025-06-21 20:55:24,655:INFO:                 ray: Not installed
2025-06-21 20:55:24,655:INFO:            hyperopt: Not installed
2025-06-21 20:55:24,655:INFO:              optuna: 4.1.0
2025-06-21 20:55:24,655:INFO:               skopt: 0.10.2
2025-06-21 20:55:24,655:INFO:              mlflow: Not installed
2025-06-21 20:55:24,655:INFO:              gradio: Not installed
2025-06-21 20:55:24,656:INFO:             fastapi: Not installed
2025-06-21 20:55:24,656:INFO:             uvicorn: Not installed
2025-06-21 20:55:24,656:INFO:              m2cgen: Not installed
2025-06-21 20:55:24,656:INFO:           evidently: Not installed
2025-06-21 20:55:24,656:INFO:               fugue: Not installed
2025-06-21 20:55:24,656:INFO:           streamlit: Not installed
2025-06-21 20:55:24,656:INFO:             prophet: Not installed
2025-06-21 20:55:24,656:INFO:None
2025-06-21 20:55:24,656:INFO:Set up data.
2025-06-21 20:55:24,691:INFO:Set up folding strategy.
2025-06-21 20:55:24,692:INFO:Set up train/test split.
2025-06-21 20:55:24,692:INFO:Set up data.
2025-06-21 20:55:24,706:INFO:Set up index.
2025-06-21 20:55:24,708:INFO:Assigning column types.
2025-06-21 20:55:24,760:INFO:Engine successfully changes for model 'lr' to 'sklearn'.
2025-06-21 20:55:24,782:INFO:Engine for model 'knn' has not been set explicitly, hence returning None.
2025-06-21 20:55:24,787:INFO:Engine for model 'rbfsvm' has not been set explicitly, hence returning None.
2025-06-21 20:55:24,807:WARNING:
'xgboost' is a soft dependency and not included in the pycaret installation. Please run: `pip install xgboost` to install.
Alternately, you can install this by running `pip install pycaret[models]`
2025-06-21 20:55:24,808:WARNING:
'catboost' is a soft dependency and not included in the pycaret installation. Please run: `pip install catboost` to install.
Alternately, you can install this by running `pip install pycaret[models]`
2025-06-21 20:55:24,829:INFO:Engine for model 'knn' has not been set explicitly, hence returning None.
2025-06-21 20:55:24,830:INFO:Engine for model 'rbfsvm' has not been set explicitly, hence returning None.
2025-06-21 20:55:24,844:WARNING:
'xgboost' is a soft dependency and not included in the pycaret installation. Please run: `pip install xgboost` to install.
Alternately, you can install this by running `pip install pycaret[models]`
2025-06-21 20:55:24,844:WARNING:
'catboost' is a soft dependency and not included in the pycaret installation. Please run: `pip install catboost` to install.
Alternately, you can install this by running `pip install pycaret[models]`
2025-06-21 20:55:24,844:INFO:Engine successfully changes for model 'knn' to 'sklearn'.
2025-06-21 20:55:24,865:INFO:Engine for model 'rbfsvm' has not been set explicitly, hence returning None.
2025-06-21 20:55:24,877:WARNING:
'xgboost' is a soft dependency and not included in the pycaret installation. Please run: `pip install xgboost` to install.
Alternately, you can install this by running `pip install pycaret[models]`
2025-06-21 20:55:24,877:WARNING:
'catboost' is a soft dependency and not included in the pycaret installation. Please run: `pip install catboost` to install.
Alternately, you can install this by running `pip install pycaret[models]`
2025-06-21 20:55:24,899:INFO:Engine for model 'rbfsvm' has not been set explicitly, hence returning None.
2025-06-21 20:55:24,912:WARNING:
'xgboost' is a soft dependency and not included in the pycaret installation. Please run: `pip install xgboost` to install.
Alternately, you can install this by running `pip install pycaret[models]`
2025-06-21 20:55:24,912:WARNING:
'catboost' is a soft dependency and not included in the pycaret installation. Please run: `pip install catboost` to install.
Alternately, you can install this by running `pip install pycaret[models]`
2025-06-21 20:55:24,912:INFO:Engine successfully changes for model 'rbfsvm' to 'sklearn'.
2025-06-21 20:55:24,945:WARNING:
'xgboost' is a soft dependency and not included in the pycaret installation. Please run: `pip install xgboost` to install.
Alternately, you can install this by running `pip install pycaret[models]`
2025-06-21 20:55:24,945:WARNING:
'catboost' is a soft dependency and not included in the pycaret installation. Please run: `pip install catboost` to install.
Alternately, you can install this by running `pip install pycaret[models]`
2025-06-21 20:55:24,978:WARNING:
'xgboost' is a soft dependency and not included in the pycaret installation. Please run: `pip install xgboost` to install.
Alternately, you can install this by running `pip install pycaret[models]`
2025-06-21 20:55:24,978:WARNING:
'catboost' is a soft dependency and not included in the pycaret installation. Please run: `pip install catboost` to install.
Alternately, you can install this by running `pip install pycaret[models]`
2025-06-21 20:55:24,984:INFO:Preparing preprocessing pipeline...
2025-06-21 20:55:24,991:INFO:Set up simple imputation.
2025-06-21 20:55:24,997:INFO:Set up column name cleaning.
2025-06-21 20:55:25,127:INFO:Finished creating preprocessing pipeline.
2025-06-21 20:55:25,130:INFO:Pipeline: Pipeline(memory=FastMemory(location=/var/folders/6v/vvlsrhf9375dd2sb2m9p71mc0000gn/T/joblib),
         steps=[('numerical_imputer',
                 TransformerWrapper(exclude=None,
                                    include=['Date', 'MinTemp', 'MaxTemp',
                                             'Rainfall', 'Evaporation',
                                             'Sunshine', 'WindGustSpeed',
                                             'WindSpeed9am', 'WindSpeed3pm',
                                             'Humidity9am', 'Humidity3pm',
                                             'Pressure9am', 'Pressure3pm',
                                             'Cloud9am', 'Cloud3pm', '...
                ('categorical_imputer',
                 TransformerWrapper(exclude=None, include=[],
                                    transformer=SimpleImputer(add_indicator=False,
                                                              copy=True,
                                                              fill_value=None,
                                                              keep_empty_features=False,
                                                              missing_values=nan,
                                                              strategy='most_frequent'))),
                ('clean_column_names',
                 TransformerWrapper(exclude=None, include=None,
                                    transformer=CleanColumnNames(match='[\\]\\[\\,\\{\\}\\"\\:]+')))],
         verbose=False)
2025-06-21 20:55:25,130:INFO:Creating final display dataframe.
2025-06-21 20:55:25,429:INFO:Setup _display_container:                     Description             Value
0                    Session id                42
1                        Target      RainTomorrow
2                   Target type            Binary
3           Original data shape      (142193, 28)
4        Transformed data shape      (142193, 28)
5   Transformed train set shape      (113754, 28)
6    Transformed test set shape       (28439, 28)
7              Numeric features                24
8      Rows with missing values             60.3%
9                    Preprocess              True
10              Imputation type            simple
11           Numeric imputation              mean
12       Categorical imputation              mode
13               Fold Generator   StratifiedKFold
14                  Fold Number                10
15                     CPU Jobs                -1
16                      Use GPU             False
17               Log Experiment             False
18              Experiment Name  clf-default-name
19                          USI              f176
2025-06-21 20:55:25,510:WARNING:
'xgboost' is a soft dependency and not included in the pycaret installation. Please run: `pip install xgboost` to install.
Alternately, you can install this by running `pip install pycaret[models]`
2025-06-21 20:55:25,510:WARNING:
'catboost' is a soft dependency and not included in the pycaret installation. Please run: `pip install catboost` to install.
Alternately, you can install this by running `pip install pycaret[models]`
2025-06-21 20:55:25,548:WARNING:
'xgboost' is a soft dependency and not included in the pycaret installation. Please run: `pip install xgboost` to install.
Alternately, you can install this by running `pip install pycaret[models]`
2025-06-21 20:55:25,548:WARNING:
'catboost' is a soft dependency and not included in the pycaret installation. Please run: `pip install catboost` to install.
Alternately, you can install this by running `pip install pycaret[models]`
2025-06-21 20:55:25,549:INFO:setup() successfully completed in 0.91s...............
2025-06-21 20:55:25,567:INFO:Initializing compare_models()
2025-06-21 20:55:25,567:INFO:compare_models(self=<pycaret.classification.oop.ClassificationExperiment object at 0x37489e170>, include=None, fold=None, round=4, cross_validation=True, sort=Accuracy, n_select=1, budget_time=None, turbo=True, errors=ignore, fit_kwargs=None, groups=None, experiment_custom_tags=None, probability_threshold=None, verbose=True, parallel=None, caller_params={'self': <pycaret.classification.oop.ClassificationExperiment object at 0x37489e170>, 'include': None, 'exclude': None, 'fold': None, 'round': 4, 'cross_validation': True, 'sort': 'Accuracy', 'n_select': 1, 'budget_time': None, 'turbo': True, 'errors': 'ignore', 'fit_kwargs': None, 'groups': None, 'experiment_custom_tags': None, 'probability_threshold': None, 'engine': None, 'verbose': True, 'parallel': None, '__class__': <class 'pycaret.classification.oop.ClassificationExperiment'>}, exclude=None)
2025-06-21 20:55:25,568:INFO:Checking exceptions
2025-06-21 20:55:25,625:INFO:Preparing display monitor
2025-06-21 20:55:25,661:INFO:Initializing Logistic Regression
2025-06-21 20:55:25,661:INFO:Total runtime is 2.0821889241536456e-06 minutes
2025-06-21 20:55:25,664:INFO:SubProcess create_model() called ==================================
2025-06-21 20:55:25,665:INFO:Initializing create_model()
2025-06-21 20:55:25,665:INFO:create_model(self=<pycaret.classification.oop.ClassificationExperiment object at 0x37489e170>, estimator=lr, fold=StratifiedKFold(n_splits=10, random_state=None, shuffle=False), round=4, cross_validation=True, predict=True, fit_kwargs={}, groups=None, refit=False, probability_threshold=None, experiment_custom_tags=None, verbose=False, system=False, add_to_model_list=True, metrics=None, display=<pycaret.internal.display.display.CommonDisplay object at 0x36ce7b700>, model_only=True, return_train_score=False, error_score=0.0, kwargs={})
2025-06-21 20:55:25,665:INFO:Checking exceptions
2025-06-21 20:55:25,665:INFO:Importing libraries
2025-06-21 20:55:25,665:INFO:Copying training dataset
2025-06-21 20:55:25,744:INFO:Defining folds
2025-06-21 20:55:25,744:INFO:Declaring metric variables
2025-06-21 20:55:25,745:INFO:Importing untrained model
2025-06-21 20:55:25,747:INFO:Logistic Regression Imported successfully
2025-06-21 20:55:25,751:INFO:Starting cross validation
2025-06-21 20:55:25,752:INFO:Cross validating with StratifiedKFold(n_splits=10, random_state=None, shuffle=False), n_jobs=-1
2025-06-21 20:55:39,029:WARNING:/Users/robertoorazi/Repositories/Facultad/AA1-TUIA-2025C1-Gallardo-Orazi/Clasificacion/aa1/lib/python3.10/site-packages/sklearn/linear_model/_logistic.py:469: ConvergenceWarning: lbfgs failed to converge (status=1):
STOP: TOTAL NO. of ITERATIONS REACHED LIMIT.

Increase the number of iterations (max_iter) or scale the data as shown in:
    https://scikit-learn.org/stable/modules/preprocessing.html
Please also refer to the documentation for alternative solver options:
    https://scikit-learn.org/stable/modules/linear_model.html#logistic-regression
  n_iter_i = _check_optimize_result(

2025-06-21 20:55:39,032:WARNING:/Users/robertoorazi/Repositories/Facultad/AA1-TUIA-2025C1-Gallardo-Orazi/Clasificacion/aa1/lib/python3.10/site-packages/sklearn/linear_model/_logistic.py:469: ConvergenceWarning: lbfgs failed to converge (status=1):
STOP: TOTAL NO. of ITERATIONS REACHED LIMIT.

Increase the number of iterations (max_iter) or scale the data as shown in:
    https://scikit-learn.org/stable/modules/preprocessing.html
Please also refer to the documentation for alternative solver options:
    https://scikit-learn.org/stable/modules/linear_model.html#logistic-regression
  n_iter_i = _check_optimize_result(

2025-06-21 20:55:39,140:WARNING:/Users/robertoorazi/Repositories/Facultad/AA1-TUIA-2025C1-Gallardo-Orazi/Clasificacion/aa1/lib/python3.10/site-packages/sklearn/linear_model/_logistic.py:469: ConvergenceWarning: lbfgs failed to converge (status=1):
STOP: TOTAL NO. of ITERATIONS REACHED LIMIT.

Increase the number of iterations (max_iter) or scale the data as shown in:
    https://scikit-learn.org/stable/modules/preprocessing.html
Please also refer to the documentation for alternative solver options:
    https://scikit-learn.org/stable/modules/linear_model.html#logistic-regression
  n_iter_i = _check_optimize_result(

2025-06-21 20:55:39,154:WARNING:/Users/robertoorazi/Repositories/Facultad/AA1-TUIA-2025C1-Gallardo-Orazi/Clasificacion/aa1/lib/python3.10/site-packages/sklearn/linear_model/_logistic.py:469: ConvergenceWarning: lbfgs failed to converge (status=1):
STOP: TOTAL NO. of ITERATIONS REACHED LIMIT.

Increase the number of iterations (max_iter) or scale the data as shown in:
    https://scikit-learn.org/stable/modules/preprocessing.html
Please also refer to the documentation for alternative solver options:
    https://scikit-learn.org/stable/modules/linear_model.html#logistic-regression
  n_iter_i = _check_optimize_result(

2025-06-21 20:55:39,276:WARNING:/Users/robertoorazi/Repositories/Facultad/AA1-TUIA-2025C1-Gallardo-Orazi/Clasificacion/aa1/lib/python3.10/site-packages/sklearn/linear_model/_logistic.py:469: ConvergenceWarning: lbfgs failed to converge (status=1):
STOP: TOTAL NO. of ITERATIONS REACHED LIMIT.

Increase the number of iterations (max_iter) or scale the data as shown in:
    https://scikit-learn.org/stable/modules/preprocessing.html
Please also refer to the documentation for alternative solver options:
    https://scikit-learn.org/stable/modules/linear_model.html#logistic-regression
  n_iter_i = _check_optimize_result(

2025-06-21 20:55:39,294:WARNING:/Users/robertoorazi/Repositories/Facultad/AA1-TUIA-2025C1-Gallardo-Orazi/Clasificacion/aa1/lib/python3.10/site-packages/sklearn/linear_model/_logistic.py:469: ConvergenceWarning: lbfgs failed to converge (status=1):
STOP: TOTAL NO. of ITERATIONS REACHED LIMIT.

Increase the number of iterations (max_iter) or scale the data as shown in:
    https://scikit-learn.org/stable/modules/preprocessing.html
Please also refer to the documentation for alternative solver options:
    https://scikit-learn.org/stable/modules/linear_model.html#logistic-regression
  n_iter_i = _check_optimize_result(

2025-06-21 20:55:39,432:WARNING:/Users/robertoorazi/Repositories/Facultad/AA1-TUIA-2025C1-Gallardo-Orazi/Clasificacion/aa1/lib/python3.10/site-packages/sklearn/linear_model/_logistic.py:469: ConvergenceWarning: lbfgs failed to converge (status=1):
STOP: TOTAL NO. of ITERATIONS REACHED LIMIT.

Increase the number of iterations (max_iter) or scale the data as shown in:
    https://scikit-learn.org/stable/modules/preprocessing.html
Please also refer to the documentation for alternative solver options:
    https://scikit-learn.org/stable/modules/linear_model.html#logistic-regression
  n_iter_i = _check_optimize_result(

2025-06-21 20:55:39,474:WARNING:/Users/robertoorazi/Repositories/Facultad/AA1-TUIA-2025C1-Gallardo-Orazi/Clasificacion/aa1/lib/python3.10/site-packages/sklearn/linear_model/_logistic.py:469: ConvergenceWarning: lbfgs failed to converge (status=1):
STOP: TOTAL NO. of ITERATIONS REACHED LIMIT.

Increase the number of iterations (max_iter) or scale the data as shown in:
    https://scikit-learn.org/stable/modules/preprocessing.html
Please also refer to the documentation for alternative solver options:
    https://scikit-learn.org/stable/modules/linear_model.html#logistic-regression
  n_iter_i = _check_optimize_result(

2025-06-21 20:55:44,057:WARNING:/Users/robertoorazi/Repositories/Facultad/AA1-TUIA-2025C1-Gallardo-Orazi/Clasificacion/aa1/lib/python3.10/site-packages/sklearn/linear_model/_logistic.py:469: ConvergenceWarning: lbfgs failed to converge (status=1):
STOP: TOTAL NO. of ITERATIONS REACHED LIMIT.

Increase the number of iterations (max_iter) or scale the data as shown in:
    https://scikit-learn.org/stable/modules/preprocessing.html
Please also refer to the documentation for alternative solver options:
    https://scikit-learn.org/stable/modules/linear_model.html#logistic-regression
  n_iter_i = _check_optimize_result(

2025-06-21 20:55:44,142:WARNING:/Users/robertoorazi/Repositories/Facultad/AA1-TUIA-2025C1-Gallardo-Orazi/Clasificacion/aa1/lib/python3.10/site-packages/sklearn/linear_model/_logistic.py:469: ConvergenceWarning: lbfgs failed to converge (status=1):
STOP: TOTAL NO. of ITERATIONS REACHED LIMIT.

Increase the number of iterations (max_iter) or scale the data as shown in:
    https://scikit-learn.org/stable/modules/preprocessing.html
Please also refer to the documentation for alternative solver options:
    https://scikit-learn.org/stable/modules/linear_model.html#logistic-regression
  n_iter_i = _check_optimize_result(

2025-06-21 20:55:44,175:INFO:Calculating mean and std
2025-06-21 20:55:44,178:INFO:Creating metrics dataframe
2025-06-21 20:55:44,188:INFO:Uploading results into container
2025-06-21 20:55:44,189:INFO:Uploading model into container now
2025-06-21 20:55:44,190:INFO:_master_model_container: 1
2025-06-21 20:55:44,190:INFO:_display_container: 2
2025-06-21 20:55:44,191:INFO:LogisticRegression(C=1.0, class_weight=None, dual=False, fit_intercept=True,
                   intercept_scaling=1, l1_ratio=None, max_iter=1000,
                   multi_class='auto', n_jobs=None, penalty='l2',
                   random_state=42, solver='lbfgs', tol=0.0001, verbose=0,
                   warm_start=False)
2025-06-21 20:55:44,191:INFO:create_model() successfully completed......................................
2025-06-21 20:55:46,652:INFO:SubProcess create_model() end ==================================
2025-06-21 20:55:46,652:INFO:Creating metrics dataframe
2025-06-21 20:55:46,656:INFO:Initializing K Neighbors Classifier
2025-06-21 20:55:46,656:INFO:Total runtime is 0.3499287486076355 minutes
2025-06-21 20:55:46,658:INFO:SubProcess create_model() called ==================================
2025-06-21 20:55:46,658:INFO:Initializing create_model()
2025-06-21 20:55:46,658:INFO:create_model(self=<pycaret.classification.oop.ClassificationExperiment object at 0x37489e170>, estimator=knn, fold=StratifiedKFold(n_splits=10, random_state=None, shuffle=False), round=4, cross_validation=True, predict=True, fit_kwargs={}, groups=None, refit=False, probability_threshold=None, experiment_custom_tags=None, verbose=False, system=False, add_to_model_list=True, metrics=None, display=<pycaret.internal.display.display.CommonDisplay object at 0x36ce7b700>, model_only=True, return_train_score=False, error_score=0.0, kwargs={})
2025-06-21 20:55:46,658:INFO:Checking exceptions
2025-06-21 20:55:46,658:INFO:Importing libraries
2025-06-21 20:55:46,658:INFO:Copying training dataset
2025-06-21 20:55:46,741:INFO:Defining folds
2025-06-21 20:55:46,741:INFO:Declaring metric variables
2025-06-21 20:55:46,743:INFO:Importing untrained model
2025-06-21 20:55:46,745:INFO:K Neighbors Classifier Imported successfully
2025-06-21 20:55:46,748:INFO:Starting cross validation
2025-06-21 20:55:46,749:INFO:Cross validating with StratifiedKFold(n_splits=10, random_state=None, shuffle=False), n_jobs=-1
2025-06-21 20:56:07,424:INFO:Calculating mean and std
2025-06-21 20:56:07,427:INFO:Creating metrics dataframe
2025-06-21 20:56:07,431:INFO:Uploading results into container
2025-06-21 20:56:07,431:INFO:Uploading model into container now
2025-06-21 20:56:07,432:INFO:_master_model_container: 2
2025-06-21 20:56:07,432:INFO:_display_container: 2
2025-06-21 20:56:07,433:INFO:KNeighborsClassifier(algorithm='auto', leaf_size=30, metric='minkowski',
                     metric_params=None, n_jobs=-1, n_neighbors=5, p=2,
                     weights='uniform')
2025-06-21 20:56:07,433:INFO:create_model() successfully completed......................................
2025-06-21 20:56:09,414:INFO:SubProcess create_model() end ==================================
2025-06-21 20:56:09,414:INFO:Creating metrics dataframe
2025-06-21 20:56:09,419:INFO:Initializing Naive Bayes
2025-06-21 20:56:09,419:INFO:Total runtime is 0.7293015162150065 minutes
2025-06-21 20:56:09,420:INFO:SubProcess create_model() called ==================================
2025-06-21 20:56:09,420:INFO:Initializing create_model()
2025-06-21 20:56:09,421:INFO:create_model(self=<pycaret.classification.oop.ClassificationExperiment object at 0x37489e170>, estimator=nb, fold=StratifiedKFold(n_splits=10, random_state=None, shuffle=False), round=4, cross_validation=True, predict=True, fit_kwargs={}, groups=None, refit=False, probability_threshold=None, experiment_custom_tags=None, verbose=False, system=False, add_to_model_list=True, metrics=None, display=<pycaret.internal.display.display.CommonDisplay object at 0x36ce7b700>, model_only=True, return_train_score=False, error_score=0.0, kwargs={})
2025-06-21 20:56:09,421:INFO:Checking exceptions
2025-06-21 20:56:09,421:INFO:Importing libraries
2025-06-21 20:56:09,421:INFO:Copying training dataset
2025-06-21 20:56:09,503:INFO:Defining folds
2025-06-21 20:56:09,503:INFO:Declaring metric variables
2025-06-21 20:56:09,504:INFO:Importing untrained model
2025-06-21 20:56:09,507:INFO:Naive Bayes Imported successfully
2025-06-21 20:56:09,510:INFO:Starting cross validation
2025-06-21 20:56:09,510:INFO:Cross validating with StratifiedKFold(n_splits=10, random_state=None, shuffle=False), n_jobs=-1
2025-06-21 20:56:10,276:INFO:Calculating mean and std
2025-06-21 20:56:10,279:INFO:Creating metrics dataframe
2025-06-21 20:56:10,284:INFO:Uploading results into container
2025-06-21 20:56:10,285:INFO:Uploading model into container now
2025-06-21 20:56:10,286:INFO:_master_model_container: 3
2025-06-21 20:56:10,286:INFO:_display_container: 2
2025-06-21 20:56:10,286:INFO:GaussianNB(priors=None, var_smoothing=1e-09)
2025-06-21 20:56:10,286:INFO:create_model() successfully completed......................................
2025-06-21 20:56:10,658:INFO:SubProcess create_model() end ==================================
2025-06-21 20:56:10,658:INFO:Creating metrics dataframe
2025-06-21 20:56:10,662:INFO:Initializing Decision Tree Classifier
2025-06-21 20:56:10,662:INFO:Total runtime is 0.7500279466311137 minutes
2025-06-21 20:56:10,664:INFO:SubProcess create_model() called ==================================
2025-06-21 20:56:10,664:INFO:Initializing create_model()
2025-06-21 20:56:10,664:INFO:create_model(self=<pycaret.classification.oop.ClassificationExperiment object at 0x37489e170>, estimator=dt, fold=StratifiedKFold(n_splits=10, random_state=None, shuffle=False), round=4, cross_validation=True, predict=True, fit_kwargs={}, groups=None, refit=False, probability_threshold=None, experiment_custom_tags=None, verbose=False, system=False, add_to_model_list=True, metrics=None, display=<pycaret.internal.display.display.CommonDisplay object at 0x36ce7b700>, model_only=True, return_train_score=False, error_score=0.0, kwargs={})
2025-06-21 20:56:10,664:INFO:Checking exceptions
2025-06-21 20:56:10,664:INFO:Importing libraries
2025-06-21 20:56:10,664:INFO:Copying training dataset
2025-06-21 20:56:10,735:INFO:Defining folds
2025-06-21 20:56:10,735:INFO:Declaring metric variables
2025-06-21 20:56:10,736:INFO:Importing untrained model
2025-06-21 20:56:10,738:INFO:Decision Tree Classifier Imported successfully
2025-06-21 20:56:10,741:INFO:Starting cross validation
2025-06-21 20:56:10,742:INFO:Cross validating with StratifiedKFold(n_splits=10, random_state=None, shuffle=False), n_jobs=-1
2025-06-21 20:56:14,456:INFO:Calculating mean and std
2025-06-21 20:56:14,461:INFO:Creating metrics dataframe
2025-06-21 20:56:14,467:INFO:Uploading results into container
2025-06-21 20:56:14,468:INFO:Uploading model into container now
2025-06-21 20:56:14,469:INFO:_master_model_container: 4
2025-06-21 20:56:14,469:INFO:_display_container: 2
2025-06-21 20:56:14,470:INFO:DecisionTreeClassifier(ccp_alpha=0.0, class_weight=None, criterion='gini',
                       max_depth=None, max_features=None, max_leaf_nodes=None,
                       min_impurity_decrease=0.0, min_samples_leaf=1,
                       min_samples_split=2, min_weight_fraction_leaf=0.0,
                       monotonic_cst=None, random_state=42, splitter='best')
2025-06-21 20:56:14,470:INFO:create_model() successfully completed......................................
2025-06-21 20:56:14,870:INFO:SubProcess create_model() end ==================================
2025-06-21 20:56:14,870:INFO:Creating metrics dataframe
2025-06-21 20:56:14,875:INFO:Initializing SVM - Linear Kernel
2025-06-21 20:56:14,875:INFO:Total runtime is 0.820235566298167 minutes
2025-06-21 20:56:14,876:INFO:SubProcess create_model() called ==================================
2025-06-21 20:56:14,876:INFO:Initializing create_model()
2025-06-21 20:56:14,876:INFO:create_model(self=<pycaret.classification.oop.ClassificationExperiment object at 0x37489e170>, estimator=svm, fold=StratifiedKFold(n_splits=10, random_state=None, shuffle=False), round=4, cross_validation=True, predict=True, fit_kwargs={}, groups=None, refit=False, probability_threshold=None, experiment_custom_tags=None, verbose=False, system=False, add_to_model_list=True, metrics=None, display=<pycaret.internal.display.display.CommonDisplay object at 0x36ce7b700>, model_only=True, return_train_score=False, error_score=0.0, kwargs={})
2025-06-21 20:56:14,876:INFO:Checking exceptions
2025-06-21 20:56:14,877:INFO:Importing libraries
2025-06-21 20:56:14,877:INFO:Copying training dataset
2025-06-21 20:56:14,947:INFO:Defining folds
2025-06-21 20:56:14,947:INFO:Declaring metric variables
2025-06-21 20:56:14,948:INFO:Importing untrained model
2025-06-21 20:56:14,951:INFO:SVM - Linear Kernel Imported successfully
2025-06-21 20:56:14,953:INFO:Starting cross validation
2025-06-21 20:56:14,954:INFO:Cross validating with StratifiedKFold(n_splits=10, random_state=None, shuffle=False), n_jobs=-1
2025-06-21 20:56:29,767:INFO:Calculating mean and std
2025-06-21 20:56:29,771:INFO:Creating metrics dataframe
2025-06-21 20:56:29,775:INFO:Uploading results into container
2025-06-21 20:56:29,775:INFO:Uploading model into container now
2025-06-21 20:56:29,776:INFO:_master_model_container: 5
2025-06-21 20:56:29,776:INFO:_display_container: 2
2025-06-21 20:56:29,781:INFO:SGDClassifier(alpha=0.0001, average=False, class_weight=None,
              early_stopping=False, epsilon=0.1, eta0=0.001, fit_intercept=True,
              l1_ratio=0.15, learning_rate='optimal', loss='hinge',
              max_iter=1000, n_iter_no_change=5, n_jobs=-1, penalty='l2',
              power_t=0.5, random_state=42, shuffle=True, tol=0.001,
              validation_fraction=0.1, verbose=0, warm_start=False)
2025-06-21 20:56:29,781:INFO:create_model() successfully completed......................................
2025-06-21 20:56:30,182:INFO:SubProcess create_model() end ==================================
2025-06-21 20:56:30,182:INFO:Creating metrics dataframe
2025-06-21 20:56:30,191:INFO:Initializing Ridge Classifier
2025-06-21 20:56:30,191:INFO:Total runtime is 1.0755082964897156 minutes
2025-06-21 20:56:30,193:INFO:SubProcess create_model() called ==================================
2025-06-21 20:56:30,193:INFO:Initializing create_model()
2025-06-21 20:56:30,193:INFO:create_model(self=<pycaret.classification.oop.ClassificationExperiment object at 0x37489e170>, estimator=ridge, fold=StratifiedKFold(n_splits=10, random_state=None, shuffle=False), round=4, cross_validation=True, predict=True, fit_kwargs={}, groups=None, refit=False, probability_threshold=None, experiment_custom_tags=None, verbose=False, system=False, add_to_model_list=True, metrics=None, display=<pycaret.internal.display.display.CommonDisplay object at 0x36ce7b700>, model_only=True, return_train_score=False, error_score=0.0, kwargs={})
2025-06-21 20:56:30,193:INFO:Checking exceptions
2025-06-21 20:56:30,193:INFO:Importing libraries
2025-06-21 20:56:30,193:INFO:Copying training dataset
2025-06-21 20:56:30,380:INFO:Defining folds
2025-06-21 20:56:30,380:INFO:Declaring metric variables
2025-06-21 20:56:30,382:INFO:Importing untrained model
2025-06-21 20:56:30,384:INFO:Ridge Classifier Imported successfully
2025-06-21 20:56:30,387:INFO:Starting cross validation
2025-06-21 20:56:30,388:INFO:Cross validating with StratifiedKFold(n_splits=10, random_state=None, shuffle=False), n_jobs=-1
2025-06-21 20:56:31,194:INFO:Calculating mean and std
2025-06-21 20:56:31,196:INFO:Creating metrics dataframe
2025-06-21 20:56:31,202:INFO:Uploading results into container
2025-06-21 20:56:31,203:INFO:Uploading model into container now
2025-06-21 20:56:31,205:INFO:_master_model_container: 6
2025-06-21 20:56:31,205:INFO:_display_container: 2
2025-06-21 20:56:31,206:INFO:RidgeClassifier(alpha=1.0, class_weight=None, copy_X=True, fit_intercept=True,
                max_iter=None, positive=False, random_state=42, solver='auto',
                tol=0.0001)
2025-06-21 20:56:31,206:INFO:create_model() successfully completed......................................
2025-06-21 20:56:31,667:INFO:SubProcess create_model() end ==================================
2025-06-21 20:56:31,667:INFO:Creating metrics dataframe
2025-06-21 20:56:31,672:INFO:Initializing Random Forest Classifier
2025-06-21 20:56:31,672:INFO:Total runtime is 1.100190532207489 minutes
2025-06-21 20:56:31,674:INFO:SubProcess create_model() called ==================================
2025-06-21 20:56:31,674:INFO:Initializing create_model()
2025-06-21 20:56:31,674:INFO:create_model(self=<pycaret.classification.oop.ClassificationExperiment object at 0x37489e170>, estimator=rf, fold=StratifiedKFold(n_splits=10, random_state=None, shuffle=False), round=4, cross_validation=True, predict=True, fit_kwargs={}, groups=None, refit=False, probability_threshold=None, experiment_custom_tags=None, verbose=False, system=False, add_to_model_list=True, metrics=None, display=<pycaret.internal.display.display.CommonDisplay object at 0x36ce7b700>, model_only=True, return_train_score=False, error_score=0.0, kwargs={})
2025-06-21 20:56:31,674:INFO:Checking exceptions
2025-06-21 20:56:31,674:INFO:Importing libraries
2025-06-21 20:56:31,674:INFO:Copying training dataset
2025-06-21 20:56:31,759:INFO:Defining folds
2025-06-21 20:56:31,760:INFO:Declaring metric variables
2025-06-21 20:56:31,762:INFO:Importing untrained model
2025-06-21 20:56:31,764:INFO:Random Forest Classifier Imported successfully
2025-06-21 20:56:31,768:INFO:Starting cross validation
2025-06-21 20:56:31,768:INFO:Cross validating with StratifiedKFold(n_splits=10, random_state=None, shuffle=False), n_jobs=-1
2025-06-21 20:57:08,674:INFO:Calculating mean and std
2025-06-21 20:57:08,678:INFO:Creating metrics dataframe
2025-06-21 20:57:08,685:INFO:Uploading results into container
2025-06-21 20:57:08,686:INFO:Uploading model into container now
2025-06-21 20:57:08,687:INFO:_master_model_container: 7
2025-06-21 20:57:08,687:INFO:_display_container: 2
2025-06-21 20:57:08,689:INFO:RandomForestClassifier(bootstrap=True, ccp_alpha=0.0, class_weight=None,
                       criterion='gini', max_depth=None, max_features='sqrt',
                       max_leaf_nodes=None, max_samples=None,
                       min_impurity_decrease=0.0, min_samples_leaf=1,
                       min_samples_split=2, min_weight_fraction_leaf=0.0,
                       monotonic_cst=None, n_estimators=100, n_jobs=-1,
                       oob_score=False, random_state=42, verbose=0,
                       warm_start=False)
2025-06-21 20:57:08,689:INFO:create_model() successfully completed......................................
2025-06-21 20:57:09,108:INFO:SubProcess create_model() end ==================================
2025-06-21 20:57:09,108:INFO:Creating metrics dataframe
2025-06-21 20:57:09,113:INFO:Initializing Quadratic Discriminant Analysis
2025-06-21 20:57:09,113:INFO:Total runtime is 1.7242005189259846 minutes
2025-06-21 20:57:09,114:INFO:SubProcess create_model() called ==================================
2025-06-21 20:57:09,114:INFO:Initializing create_model()
2025-06-21 20:57:09,114:INFO:create_model(self=<pycaret.classification.oop.ClassificationExperiment object at 0x37489e170>, estimator=qda, fold=StratifiedKFold(n_splits=10, random_state=None, shuffle=False), round=4, cross_validation=True, predict=True, fit_kwargs={}, groups=None, refit=False, probability_threshold=None, experiment_custom_tags=None, verbose=False, system=False, add_to_model_list=True, metrics=None, display=<pycaret.internal.display.display.CommonDisplay object at 0x36ce7b700>, model_only=True, return_train_score=False, error_score=0.0, kwargs={})
2025-06-21 20:57:09,114:INFO:Checking exceptions
2025-06-21 20:57:09,114:INFO:Importing libraries
2025-06-21 20:57:09,114:INFO:Copying training dataset
2025-06-21 20:57:09,202:INFO:Defining folds
2025-06-21 20:57:09,202:INFO:Declaring metric variables
2025-06-21 20:57:09,203:INFO:Importing untrained model
2025-06-21 20:57:09,206:INFO:Quadratic Discriminant Analysis Imported successfully
2025-06-21 20:57:09,209:INFO:Starting cross validation
2025-06-21 20:57:09,210:INFO:Cross validating with StratifiedKFold(n_splits=10, random_state=None, shuffle=False), n_jobs=-1
2025-06-21 20:57:10,512:INFO:Calculating mean and std
2025-06-21 20:57:10,516:INFO:Creating metrics dataframe
2025-06-21 20:57:10,521:INFO:Uploading results into container
2025-06-21 20:57:10,522:INFO:Uploading model into container now
2025-06-21 20:57:10,522:INFO:_master_model_container: 8
2025-06-21 20:57:10,522:INFO:_display_container: 2
2025-06-21 20:57:10,523:INFO:QuadraticDiscriminantAnalysis(priors=None, reg_param=0.0,
                              store_covariance=False, tol=0.0001)
2025-06-21 20:57:10,523:INFO:create_model() successfully completed......................................
2025-06-21 20:57:10,795:INFO:SubProcess create_model() end ==================================
2025-06-21 20:57:10,796:INFO:Creating metrics dataframe
2025-06-21 20:57:10,800:INFO:Initializing Ada Boost Classifier
2025-06-21 20:57:10,800:INFO:Total runtime is 1.7523193995157877 minutes
2025-06-21 20:57:10,801:INFO:SubProcess create_model() called ==================================
2025-06-21 20:57:10,801:INFO:Initializing create_model()
2025-06-21 20:57:10,801:INFO:create_model(self=<pycaret.classification.oop.ClassificationExperiment object at 0x37489e170>, estimator=ada, fold=StratifiedKFold(n_splits=10, random_state=None, shuffle=False), round=4, cross_validation=True, predict=True, fit_kwargs={}, groups=None, refit=False, probability_threshold=None, experiment_custom_tags=None, verbose=False, system=False, add_to_model_list=True, metrics=None, display=<pycaret.internal.display.display.CommonDisplay object at 0x36ce7b700>, model_only=True, return_train_score=False, error_score=0.0, kwargs={})
2025-06-21 20:57:10,802:INFO:Checking exceptions
2025-06-21 20:57:10,802:INFO:Importing libraries
2025-06-21 20:57:10,802:INFO:Copying training dataset
2025-06-21 20:57:10,865:INFO:Defining folds
2025-06-21 20:57:10,865:INFO:Declaring metric variables
2025-06-21 20:57:10,867:INFO:Importing untrained model
2025-06-21 20:57:10,869:INFO:Ada Boost Classifier Imported successfully
2025-06-21 20:57:10,872:INFO:Starting cross validation
2025-06-21 20:57:10,872:INFO:Cross validating with StratifiedKFold(n_splits=10, random_state=None, shuffle=False), n_jobs=-1
2025-06-21 20:57:11,024:WARNING:/Users/robertoorazi/Repositories/Facultad/AA1-TUIA-2025C1-Gallardo-Orazi/Clasificacion/aa1/lib/python3.10/site-packages/sklearn/ensemble/_weight_boosting.py:519: FutureWarning: The SAMME.R algorithm (the default) is deprecated and will be removed in 1.6. Use the SAMME algorithm to circumvent this warning.
  warnings.warn(

2025-06-21 20:57:11,073:WARNING:/Users/robertoorazi/Repositories/Facultad/AA1-TUIA-2025C1-Gallardo-Orazi/Clasificacion/aa1/lib/python3.10/site-packages/sklearn/ensemble/_weight_boosting.py:519: FutureWarning: The SAMME.R algorithm (the default) is deprecated and will be removed in 1.6. Use the SAMME algorithm to circumvent this warning.
  warnings.warn(

2025-06-21 20:57:11,125:WARNING:/Users/robertoorazi/Repositories/Facultad/AA1-TUIA-2025C1-Gallardo-Orazi/Clasificacion/aa1/lib/python3.10/site-packages/sklearn/ensemble/_weight_boosting.py:519: FutureWarning: The SAMME.R algorithm (the default) is deprecated and will be removed in 1.6. Use the SAMME algorithm to circumvent this warning.
  warnings.warn(

2025-06-21 20:57:11,185:WARNING:/Users/robertoorazi/Repositories/Facultad/AA1-TUIA-2025C1-Gallardo-Orazi/Clasificacion/aa1/lib/python3.10/site-packages/sklearn/ensemble/_weight_boosting.py:519: FutureWarning: The SAMME.R algorithm (the default) is deprecated and will be removed in 1.6. Use the SAMME algorithm to circumvent this warning.
  warnings.warn(

2025-06-21 20:57:11,272:WARNING:/Users/robertoorazi/Repositories/Facultad/AA1-TUIA-2025C1-Gallardo-Orazi/Clasificacion/aa1/lib/python3.10/site-packages/sklearn/ensemble/_weight_boosting.py:519: FutureWarning: The SAMME.R algorithm (the default) is deprecated and will be removed in 1.6. Use the SAMME algorithm to circumvent this warning.
  warnings.warn(

2025-06-21 20:57:11,362:WARNING:/Users/robertoorazi/Repositories/Facultad/AA1-TUIA-2025C1-Gallardo-Orazi/Clasificacion/aa1/lib/python3.10/site-packages/sklearn/ensemble/_weight_boosting.py:519: FutureWarning: The SAMME.R algorithm (the default) is deprecated and will be removed in 1.6. Use the SAMME algorithm to circumvent this warning.
  warnings.warn(

2025-06-21 20:57:11,442:WARNING:/Users/robertoorazi/Repositories/Facultad/AA1-TUIA-2025C1-Gallardo-Orazi/Clasificacion/aa1/lib/python3.10/site-packages/sklearn/ensemble/_weight_boosting.py:519: FutureWarning: The SAMME.R algorithm (the default) is deprecated and will be removed in 1.6. Use the SAMME algorithm to circumvent this warning.
  warnings.warn(

2025-06-21 20:57:11,564:WARNING:/Users/robertoorazi/Repositories/Facultad/AA1-TUIA-2025C1-Gallardo-Orazi/Clasificacion/aa1/lib/python3.10/site-packages/sklearn/ensemble/_weight_boosting.py:519: FutureWarning: The SAMME.R algorithm (the default) is deprecated and will be removed in 1.6. Use the SAMME algorithm to circumvent this warning.
  warnings.warn(

2025-06-21 20:57:17,207:WARNING:/Users/robertoorazi/Repositories/Facultad/AA1-TUIA-2025C1-Gallardo-Orazi/Clasificacion/aa1/lib/python3.10/site-packages/sklearn/ensemble/_weight_boosting.py:519: FutureWarning: The SAMME.R algorithm (the default) is deprecated and will be removed in 1.6. Use the SAMME algorithm to circumvent this warning.
  warnings.warn(

2025-06-21 20:57:17,291:WARNING:/Users/robertoorazi/Repositories/Facultad/AA1-TUIA-2025C1-Gallardo-Orazi/Clasificacion/aa1/lib/python3.10/site-packages/sklearn/ensemble/_weight_boosting.py:519: FutureWarning: The SAMME.R algorithm (the default) is deprecated and will be removed in 1.6. Use the SAMME algorithm to circumvent this warning.
  warnings.warn(

2025-06-21 20:57:21,307:INFO:Calculating mean and std
2025-06-21 20:57:21,309:INFO:Creating metrics dataframe
2025-06-21 20:57:21,313:INFO:Uploading results into container
2025-06-21 20:57:21,314:INFO:Uploading model into container now
2025-06-21 20:57:21,316:INFO:_master_model_container: 9
2025-06-21 20:57:21,316:INFO:_display_container: 2
2025-06-21 20:57:21,317:INFO:AdaBoostClassifier(algorithm='SAMME.R', estimator=None, learning_rate=1.0,
                   n_estimators=50, random_state=42)
2025-06-21 20:57:21,318:INFO:create_model() successfully completed......................................
2025-06-21 20:57:21,794:INFO:SubProcess create_model() end ==================================
2025-06-21 20:57:21,794:INFO:Creating metrics dataframe
2025-06-21 20:57:21,801:INFO:Initializing Gradient Boosting Classifier
2025-06-21 20:57:21,801:INFO:Total runtime is 1.935667065779368 minutes
2025-06-21 20:57:21,803:INFO:SubProcess create_model() called ==================================
2025-06-21 20:57:21,803:INFO:Initializing create_model()
2025-06-21 20:57:21,803:INFO:create_model(self=<pycaret.classification.oop.ClassificationExperiment object at 0x37489e170>, estimator=gbc, fold=StratifiedKFold(n_splits=10, random_state=None, shuffle=False), round=4, cross_validation=True, predict=True, fit_kwargs={}, groups=None, refit=False, probability_threshold=None, experiment_custom_tags=None, verbose=False, system=False, add_to_model_list=True, metrics=None, display=<pycaret.internal.display.display.CommonDisplay object at 0x36ce7b700>, model_only=True, return_train_score=False, error_score=0.0, kwargs={})
2025-06-21 20:57:21,803:INFO:Checking exceptions
2025-06-21 20:57:21,803:INFO:Importing libraries
2025-06-21 20:57:21,803:INFO:Copying training dataset
2025-06-21 20:57:21,877:INFO:Defining folds
2025-06-21 20:57:21,877:INFO:Declaring metric variables
2025-06-21 20:57:21,879:INFO:Importing untrained model
2025-06-21 20:57:21,882:INFO:Gradient Boosting Classifier Imported successfully
2025-06-21 20:57:21,885:INFO:Starting cross validation
2025-06-21 20:57:21,886:INFO:Cross validating with StratifiedKFold(n_splits=10, random_state=None, shuffle=False), n_jobs=-1
2025-06-21 20:58:13,573:INFO:Calculating mean and std
2025-06-21 20:58:13,577:INFO:Creating metrics dataframe
2025-06-21 20:58:13,580:INFO:Uploading results into container
2025-06-21 20:58:13,581:INFO:Uploading model into container now
2025-06-21 20:58:13,582:INFO:_master_model_container: 10
2025-06-21 20:58:13,582:INFO:_display_container: 2
2025-06-21 20:58:13,583:INFO:GradientBoostingClassifier(ccp_alpha=0.0, criterion='friedman_mse', init=None,
                           learning_rate=0.1, loss='log_loss', max_depth=3,
                           max_features=None, max_leaf_nodes=None,
                           min_impurity_decrease=0.0, min_samples_leaf=1,
                           min_samples_split=2, min_weight_fraction_leaf=0.0,
                           n_estimators=100, n_iter_no_change=None,
                           random_state=42, subsample=1.0, tol=0.0001,
                           validation_fraction=0.1, verbose=0,
                           warm_start=False)
2025-06-21 20:58:13,583:INFO:create_model() successfully completed......................................
2025-06-21 20:58:13,951:INFO:SubProcess create_model() end ==================================
2025-06-21 20:58:13,951:INFO:Creating metrics dataframe
2025-06-21 20:58:13,956:INFO:Initializing Linear Discriminant Analysis
2025-06-21 20:58:13,956:INFO:Total runtime is 2.804928648471832 minutes
2025-06-21 20:58:13,958:INFO:SubProcess create_model() called ==================================
2025-06-21 20:58:13,958:INFO:Initializing create_model()
2025-06-21 20:58:13,958:INFO:create_model(self=<pycaret.classification.oop.ClassificationExperiment object at 0x37489e170>, estimator=lda, fold=StratifiedKFold(n_splits=10, random_state=None, shuffle=False), round=4, cross_validation=True, predict=True, fit_kwargs={}, groups=None, refit=False, probability_threshold=None, experiment_custom_tags=None, verbose=False, system=False, add_to_model_list=True, metrics=None, display=<pycaret.internal.display.display.CommonDisplay object at 0x36ce7b700>, model_only=True, return_train_score=False, error_score=0.0, kwargs={})
2025-06-21 20:58:13,958:INFO:Checking exceptions
2025-06-21 20:58:13,958:INFO:Importing libraries
2025-06-21 20:58:13,958:INFO:Copying training dataset
2025-06-21 20:58:14,041:INFO:Defining folds
2025-06-21 20:58:14,041:INFO:Declaring metric variables
2025-06-21 20:58:14,043:INFO:Importing untrained model
2025-06-21 20:58:14,045:INFO:Linear Discriminant Analysis Imported successfully
2025-06-21 20:58:14,047:INFO:Starting cross validation
2025-06-21 20:58:14,048:INFO:Cross validating with StratifiedKFold(n_splits=10, random_state=None, shuffle=False), n_jobs=-1
2025-06-21 20:58:15,040:INFO:Calculating mean and std
2025-06-21 20:58:15,045:INFO:Creating metrics dataframe
2025-06-21 20:58:15,049:INFO:Uploading results into container
2025-06-21 20:58:15,049:INFO:Uploading model into container now
2025-06-21 20:58:15,050:INFO:_master_model_container: 11
2025-06-21 20:58:15,050:INFO:_display_container: 2
2025-06-21 20:58:15,051:INFO:LinearDiscriminantAnalysis(covariance_estimator=None, n_components=None,
                           priors=None, shrinkage=None, solver='svd',
                           store_covariance=False, tol=0.0001)
2025-06-21 20:58:15,051:INFO:create_model() successfully completed......................................
2025-06-21 20:58:15,340:INFO:SubProcess create_model() end ==================================
2025-06-21 20:58:15,340:INFO:Creating metrics dataframe
2025-06-21 20:58:15,345:INFO:Initializing Extra Trees Classifier
2025-06-21 20:58:15,345:INFO:Total runtime is 2.8280682166417437 minutes
2025-06-21 20:58:15,346:INFO:SubProcess create_model() called ==================================
2025-06-21 20:58:15,346:INFO:Initializing create_model()
2025-06-21 20:58:15,346:INFO:create_model(self=<pycaret.classification.oop.ClassificationExperiment object at 0x37489e170>, estimator=et, fold=StratifiedKFold(n_splits=10, random_state=None, shuffle=False), round=4, cross_validation=True, predict=True, fit_kwargs={}, groups=None, refit=False, probability_threshold=None, experiment_custom_tags=None, verbose=False, system=False, add_to_model_list=True, metrics=None, display=<pycaret.internal.display.display.CommonDisplay object at 0x36ce7b700>, model_only=True, return_train_score=False, error_score=0.0, kwargs={})
2025-06-21 20:58:15,346:INFO:Checking exceptions
2025-06-21 20:58:15,346:INFO:Importing libraries
2025-06-21 20:58:15,346:INFO:Copying training dataset
2025-06-21 20:58:15,413:INFO:Defining folds
2025-06-21 20:58:15,413:INFO:Declaring metric variables
2025-06-21 20:58:15,415:INFO:Importing untrained model
2025-06-21 20:58:15,418:INFO:Extra Trees Classifier Imported successfully
2025-06-21 20:58:15,421:INFO:Starting cross validation
2025-06-21 20:58:15,421:INFO:Cross validating with StratifiedKFold(n_splits=10, random_state=None, shuffle=False), n_jobs=-1
2025-06-21 20:58:41,386:INFO:Calculating mean and std
2025-06-21 20:58:41,390:INFO:Creating metrics dataframe
2025-06-21 20:58:41,398:INFO:Uploading results into container
2025-06-21 20:58:41,399:INFO:Uploading model into container now
2025-06-21 20:58:41,401:INFO:_master_model_container: 12
2025-06-21 20:58:41,401:INFO:_display_container: 2
2025-06-21 20:58:41,402:INFO:ExtraTreesClassifier(bootstrap=False, ccp_alpha=0.0, class_weight=None,
                     criterion='gini', max_depth=None, max_features='sqrt',
                     max_leaf_nodes=None, max_samples=None,
                     min_impurity_decrease=0.0, min_samples_leaf=1,
                     min_samples_split=2, min_weight_fraction_leaf=0.0,
                     monotonic_cst=None, n_estimators=100, n_jobs=-1,
                     oob_score=False, random_state=42, verbose=0,
                     warm_start=False)
2025-06-21 20:58:41,403:INFO:create_model() successfully completed......................................
2025-06-21 20:58:41,863:INFO:SubProcess create_model() end ==================================
2025-06-21 20:58:41,863:INFO:Creating metrics dataframe
2025-06-21 20:58:41,870:INFO:Initializing Light Gradient Boosting Machine
2025-06-21 20:58:41,870:INFO:Total runtime is 3.2701625307401017 minutes
2025-06-21 20:58:41,874:INFO:SubProcess create_model() called ==================================
2025-06-21 20:58:41,874:INFO:Initializing create_model()
2025-06-21 20:58:41,874:INFO:create_model(self=<pycaret.classification.oop.ClassificationExperiment object at 0x37489e170>, estimator=lightgbm, fold=StratifiedKFold(n_splits=10, random_state=None, shuffle=False), round=4, cross_validation=True, predict=True, fit_kwargs={}, groups=None, refit=False, probability_threshold=None, experiment_custom_tags=None, verbose=False, system=False, add_to_model_list=True, metrics=None, display=<pycaret.internal.display.display.CommonDisplay object at 0x36ce7b700>, model_only=True, return_train_score=False, error_score=0.0, kwargs={})
2025-06-21 20:58:41,874:INFO:Checking exceptions
2025-06-21 20:58:41,874:INFO:Importing libraries
2025-06-21 20:58:41,874:INFO:Copying training dataset
2025-06-21 20:58:41,962:INFO:Defining folds
2025-06-21 20:58:41,963:INFO:Declaring metric variables
2025-06-21 20:58:41,965:INFO:Importing untrained model
2025-06-21 20:58:41,967:INFO:Light Gradient Boosting Machine Imported successfully
2025-06-21 20:58:41,971:INFO:Starting cross validation
2025-06-21 20:58:41,972:INFO:Cross validating with StratifiedKFold(n_splits=10, random_state=None, shuffle=False), n_jobs=-1
2025-06-21 20:58:46,204:INFO:[LightGBM] [Warning] Found whitespace in feature_names, replace with underlines
2025-06-21 20:58:46,205:INFO:[LightGBM] [Info] Number of positive: 22982, number of negative: 79396
2025-06-21 20:58:46,216:INFO:[LightGBM] [Info] Auto-choosing row-wise multi-threading, the overhead of testing was 0.005689 seconds.
2025-06-21 20:58:46,216:INFO:You can set `force_row_wise=true` to remove the overhead.
2025-06-21 20:58:46,216:INFO:And if memory is not enough, you can set `force_col_wise=true`.
2025-06-21 20:58:46,216:INFO:[LightGBM] [Info] Total Bins 2669
2025-06-21 20:58:46,217:INFO:[LightGBM] [Info] Number of data points in the train set: 102378, number of used features: 27
2025-06-21 20:58:46,217:INFO:[LightGBM] [Info] [binary:BoostFromScore]: pavg=0.224482 -> initscore=-1.239737
2025-06-21 20:58:46,217:INFO:[LightGBM] [Info] Start training from score -1.239737
2025-06-21 20:58:46,722:INFO:[LightGBM] [Warning] Found whitespace in feature_names, replace with underlines
2025-06-21 20:58:46,722:INFO:[LightGBM] [Info] Number of positive: 22983, number of negative: 79396
2025-06-21 20:58:46,747:INFO:[LightGBM] [Info] Auto-choosing row-wise multi-threading, the overhead of testing was 0.015552 seconds.
2025-06-21 20:58:46,747:INFO:You can set `force_row_wise=true` to remove the overhead.
2025-06-21 20:58:46,747:INFO:And if memory is not enough, you can set `force_col_wise=true`.
2025-06-21 20:58:46,747:INFO:[LightGBM] [Info] Total Bins 2671
2025-06-21 20:58:46,748:INFO:[LightGBM] [Info] Number of data points in the train set: 102379, number of used features: 27
2025-06-21 20:58:46,748:INFO:[LightGBM] [Warning] Found whitespace in feature_names, replace with underlines
2025-06-21 20:58:46,756:INFO:[LightGBM] [Info] [binary:BoostFromScore]: pavg=0.224489 -> initscore=-1.239693
2025-06-21 20:58:46,756:INFO:[LightGBM] [Info] Start training from score -1.239693
2025-06-21 20:58:46,763:INFO:[LightGBM] [Info] Number of positive: 22983, number of negative: 79396
2025-06-21 20:58:46,779:INFO:[LightGBM] [Warning] Found whitespace in feature_names, replace with underlines
2025-06-21 20:58:46,782:INFO:[LightGBM] [Info] Number of positive: 22983, number of negative: 79396
2025-06-21 20:58:46,785:INFO:[LightGBM] [Info] Auto-choosing row-wise multi-threading, the overhead of testing was 0.006685 seconds.
2025-06-21 20:58:46,785:INFO:You can set `force_row_wise=true` to remove the overhead.
2025-06-21 20:58:46,785:INFO:And if memory is not enough, you can set `force_col_wise=true`.
2025-06-21 20:58:46,785:INFO:[LightGBM] [Info] Total Bins 2671
2025-06-21 20:58:46,785:INFO:[LightGBM] [Info] Number of data points in the train set: 102379, number of used features: 27
2025-06-21 20:58:46,788:INFO:[LightGBM] [Info] [binary:BoostFromScore]: pavg=0.224489 -> initscore=-1.239693
2025-06-21 20:58:46,788:INFO:[LightGBM] [Info] Start training from score -1.239693
2025-06-21 20:58:46,793:INFO:[LightGBM] [Info] Auto-choosing row-wise multi-threading, the overhead of testing was 0.005634 seconds.
2025-06-21 20:58:46,793:INFO:You can set `force_row_wise=true` to remove the overhead.
2025-06-21 20:58:46,793:INFO:And if memory is not enough, you can set `force_col_wise=true`.
2025-06-21 20:58:46,794:INFO:[LightGBM] [Info] Total Bins 2670
2025-06-21 20:58:46,794:INFO:[LightGBM] [Info] Number of data points in the train set: 102379, number of used features: 27
2025-06-21 20:58:46,796:INFO:[LightGBM] [Info] [binary:BoostFromScore]: pavg=0.224489 -> initscore=-1.239693
2025-06-21 20:58:46,797:INFO:[LightGBM] [Info] Start training from score -1.239693
2025-06-21 20:58:47,264:INFO:[LightGBM] [Warning] Found whitespace in feature_names, replace with underlines
2025-06-21 20:58:47,269:INFO:[LightGBM] [Info] Number of positive: 22983, number of negative: 79396
2025-06-21 20:58:47,328:INFO:[LightGBM] [Info] Auto-choosing col-wise multi-threading, the overhead of testing was 0.040787 seconds.
2025-06-21 20:58:47,328:INFO:You can set `force_col_wise=true` to remove the overhead.
2025-06-21 20:58:47,328:INFO:[LightGBM] [Info] Total Bins 2668
2025-06-21 20:58:47,331:INFO:[LightGBM] [Info] Number of data points in the train set: 102379, number of used features: 27
2025-06-21 20:58:47,332:INFO:[LightGBM] [Info] [binary:BoostFromScore]: pavg=0.224489 -> initscore=-1.239693
2025-06-21 20:58:47,340:INFO:[LightGBM] [Info] Start training from score -1.239693
2025-06-21 20:58:49,755:INFO:Calculating mean and std
2025-06-21 20:58:49,759:INFO:Creating metrics dataframe
2025-06-21 20:58:49,766:INFO:Uploading results into container
2025-06-21 20:58:49,767:INFO:Uploading model into container now
2025-06-21 20:58:49,770:INFO:_master_model_container: 13
2025-06-21 20:58:49,770:INFO:_display_container: 2
2025-06-21 20:58:49,771:INFO:LGBMClassifier(boosting_type='gbdt', class_weight=None, colsample_bytree=1.0,
               importance_type='split', learning_rate=0.1, max_depth=-1,
               min_child_samples=20, min_child_weight=0.001, min_split_gain=0.0,
               n_estimators=100, n_jobs=-1, num_leaves=31, objective=None,
               random_state=42, reg_alpha=0.0, reg_lambda=0.0, subsample=1.0,
               subsample_for_bin=200000, subsample_freq=0)
2025-06-21 20:58:49,771:INFO:create_model() successfully completed......................................
2025-06-21 20:58:50,097:INFO:SubProcess create_model() end ==================================
2025-06-21 20:58:50,097:INFO:Creating metrics dataframe
2025-06-21 20:58:50,104:INFO:Initializing Dummy Classifier
2025-06-21 20:58:50,105:INFO:Total runtime is 3.4073986013730364 minutes
2025-06-21 20:58:50,106:INFO:SubProcess create_model() called ==================================
2025-06-21 20:58:50,107:INFO:Initializing create_model()
2025-06-21 20:58:50,107:INFO:create_model(self=<pycaret.classification.oop.ClassificationExperiment object at 0x37489e170>, estimator=dummy, fold=StratifiedKFold(n_splits=10, random_state=None, shuffle=False), round=4, cross_validation=True, predict=True, fit_kwargs={}, groups=None, refit=False, probability_threshold=None, experiment_custom_tags=None, verbose=False, system=False, add_to_model_list=True, metrics=None, display=<pycaret.internal.display.display.CommonDisplay object at 0x36ce7b700>, model_only=True, return_train_score=False, error_score=0.0, kwargs={})
2025-06-21 20:58:50,107:INFO:Checking exceptions
2025-06-21 20:58:50,107:INFO:Importing libraries
2025-06-21 20:58:50,107:INFO:Copying training dataset
2025-06-21 20:58:50,180:INFO:Defining folds
2025-06-21 20:58:50,180:INFO:Declaring metric variables
2025-06-21 20:58:50,181:INFO:Importing untrained model
2025-06-21 20:58:50,183:INFO:Dummy Classifier Imported successfully
2025-06-21 20:58:50,186:INFO:Starting cross validation
2025-06-21 20:58:50,187:INFO:Cross validating with StratifiedKFold(n_splits=10, random_state=None, shuffle=False), n_jobs=-1
2025-06-21 20:58:50,386:WARNING:/Users/robertoorazi/Repositories/Facultad/AA1-TUIA-2025C1-Gallardo-Orazi/Clasificacion/aa1/lib/python3.10/site-packages/sklearn/metrics/_classification.py:1509: UndefinedMetricWarning: Precision is ill-defined and being set to 0.0 due to no predicted samples. Use `zero_division` parameter to control this behavior.
  _warn_prf(average, modifier, f"{metric.capitalize()} is", len(result))

2025-06-21 20:58:50,419:WARNING:/Users/robertoorazi/Repositories/Facultad/AA1-TUIA-2025C1-Gallardo-Orazi/Clasificacion/aa1/lib/python3.10/site-packages/sklearn/metrics/_classification.py:1509: UndefinedMetricWarning: Precision is ill-defined and being set to 0.0 due to no predicted samples. Use `zero_division` parameter to control this behavior.
  _warn_prf(average, modifier, f"{metric.capitalize()} is", len(result))

2025-06-21 20:58:50,453:WARNING:/Users/robertoorazi/Repositories/Facultad/AA1-TUIA-2025C1-Gallardo-Orazi/Clasificacion/aa1/lib/python3.10/site-packages/sklearn/metrics/_classification.py:1509: UndefinedMetricWarning: Precision is ill-defined and being set to 0.0 due to no predicted samples. Use `zero_division` parameter to control this behavior.
  _warn_prf(average, modifier, f"{metric.capitalize()} is", len(result))

2025-06-21 20:58:50,498:WARNING:/Users/robertoorazi/Repositories/Facultad/AA1-TUIA-2025C1-Gallardo-Orazi/Clasificacion/aa1/lib/python3.10/site-packages/sklearn/metrics/_classification.py:1509: UndefinedMetricWarning: Precision is ill-defined and being set to 0.0 due to no predicted samples. Use `zero_division` parameter to control this behavior.
  _warn_prf(average, modifier, f"{metric.capitalize()} is", len(result))

2025-06-21 20:58:50,556:WARNING:/Users/robertoorazi/Repositories/Facultad/AA1-TUIA-2025C1-Gallardo-Orazi/Clasificacion/aa1/lib/python3.10/site-packages/sklearn/metrics/_classification.py:1509: UndefinedMetricWarning: Precision is ill-defined and being set to 0.0 due to no predicted samples. Use `zero_division` parameter to control this behavior.
  _warn_prf(average, modifier, f"{metric.capitalize()} is", len(result))

2025-06-21 20:58:50,631:WARNING:/Users/robertoorazi/Repositories/Facultad/AA1-TUIA-2025C1-Gallardo-Orazi/Clasificacion/aa1/lib/python3.10/site-packages/sklearn/metrics/_classification.py:1509: UndefinedMetricWarning: Precision is ill-defined and being set to 0.0 due to no predicted samples. Use `zero_division` parameter to control this behavior.
  _warn_prf(average, modifier, f"{metric.capitalize()} is", len(result))

2025-06-21 20:58:50,691:WARNING:/Users/robertoorazi/Repositories/Facultad/AA1-TUIA-2025C1-Gallardo-Orazi/Clasificacion/aa1/lib/python3.10/site-packages/sklearn/metrics/_classification.py:1509: UndefinedMetricWarning: Precision is ill-defined and being set to 0.0 due to no predicted samples. Use `zero_division` parameter to control this behavior.
  _warn_prf(average, modifier, f"{metric.capitalize()} is", len(result))

2025-06-21 20:58:50,715:WARNING:/Users/robertoorazi/Repositories/Facultad/AA1-TUIA-2025C1-Gallardo-Orazi/Clasificacion/aa1/lib/python3.10/site-packages/sklearn/metrics/_classification.py:1509: UndefinedMetricWarning: Precision is ill-defined and being set to 0.0 due to no predicted samples. Use `zero_division` parameter to control this behavior.
  _warn_prf(average, modifier, f"{metric.capitalize()} is", len(result))

2025-06-21 20:58:50,765:WARNING:/Users/robertoorazi/Repositories/Facultad/AA1-TUIA-2025C1-Gallardo-Orazi/Clasificacion/aa1/lib/python3.10/site-packages/sklearn/metrics/_classification.py:1509: UndefinedMetricWarning: Precision is ill-defined and being set to 0.0 due to no predicted samples. Use `zero_division` parameter to control this behavior.
  _warn_prf(average, modifier, f"{metric.capitalize()} is", len(result))

2025-06-21 20:58:50,792:WARNING:/Users/robertoorazi/Repositories/Facultad/AA1-TUIA-2025C1-Gallardo-Orazi/Clasificacion/aa1/lib/python3.10/site-packages/sklearn/metrics/_classification.py:1509: UndefinedMetricWarning: Precision is ill-defined and being set to 0.0 due to no predicted samples. Use `zero_division` parameter to control this behavior.
  _warn_prf(average, modifier, f"{metric.capitalize()} is", len(result))

2025-06-21 20:58:50,806:INFO:Calculating mean and std
2025-06-21 20:58:50,807:INFO:Creating metrics dataframe
2025-06-21 20:58:50,808:INFO:Uploading results into container
2025-06-21 20:58:50,808:INFO:Uploading model into container now
2025-06-21 20:58:50,808:INFO:_master_model_container: 14
2025-06-21 20:58:50,808:INFO:_display_container: 2
2025-06-21 20:58:50,809:INFO:DummyClassifier(constant=None, random_state=42, strategy='prior')
2025-06-21 20:58:50,809:INFO:create_model() successfully completed......................................
2025-06-21 20:58:51,080:INFO:SubProcess create_model() end ==================================
2025-06-21 20:58:51,081:INFO:Creating metrics dataframe
2025-06-21 20:58:51,095:INFO:Initializing create_model()
2025-06-21 20:58:51,095:INFO:create_model(self=<pycaret.classification.oop.ClassificationExperiment object at 0x37489e170>, estimator=LGBMClassifier(boosting_type='gbdt', class_weight=None, colsample_bytree=1.0,
               importance_type='split', learning_rate=0.1, max_depth=-1,
               min_child_samples=20, min_child_weight=0.001, min_split_gain=0.0,
               n_estimators=100, n_jobs=-1, num_leaves=31, objective=None,
               random_state=42, reg_alpha=0.0, reg_lambda=0.0, subsample=1.0,
               subsample_for_bin=200000, subsample_freq=0), fold=StratifiedKFold(n_splits=10, random_state=None, shuffle=False), round=4, cross_validation=False, predict=False, fit_kwargs={}, groups=None, refit=True, probability_threshold=None, experiment_custom_tags=None, verbose=False, system=False, add_to_model_list=True, metrics=None, display=None, model_only=True, return_train_score=False, error_score=0.0, kwargs={})
2025-06-21 20:58:51,095:INFO:Checking exceptions
2025-06-21 20:58:51,098:INFO:Importing libraries
2025-06-21 20:58:51,098:INFO:Copying training dataset
2025-06-21 20:58:51,164:INFO:Defining folds
2025-06-21 20:58:51,164:INFO:Declaring metric variables
2025-06-21 20:58:51,164:INFO:Importing untrained model
2025-06-21 20:58:51,164:INFO:Declaring custom model
2025-06-21 20:58:51,165:INFO:Light Gradient Boosting Machine Imported successfully
2025-06-21 20:58:51,165:INFO:Cross validation set to False
2025-06-21 20:58:51,165:INFO:Fitting Model
2025-06-21 20:58:51,338:INFO:[LightGBM] [Warning] Found whitespace in feature_names, replace with underlines
2025-06-21 20:58:51,339:INFO:[LightGBM] [Info] Number of positive: 25536, number of negative: 88218
2025-06-21 20:58:51,347:INFO:[LightGBM] [Info] Auto-choosing row-wise multi-threading, the overhead of testing was 0.003088 seconds.
2025-06-21 20:58:51,347:INFO:You can set `force_row_wise=true` to remove the overhead.
2025-06-21 20:58:51,347:INFO:And if memory is not enough, you can set `force_col_wise=true`.
2025-06-21 20:58:51,347:INFO:[LightGBM] [Info] Total Bins 2674
2025-06-21 20:58:51,348:INFO:[LightGBM] [Info] Number of data points in the train set: 113754, number of used features: 27
2025-06-21 20:58:51,348:INFO:[LightGBM] [Info] [binary:BoostFromScore]: pavg=0.224484 -> initscore=-1.239722
2025-06-21 20:58:51,348:INFO:[LightGBM] [Info] Start training from score -1.239722
2025-06-21 20:58:52,114:INFO:LGBMClassifier(boosting_type='gbdt', class_weight=None, colsample_bytree=1.0,
               importance_type='split', learning_rate=0.1, max_depth=-1,
               min_child_samples=20, min_child_weight=0.001, min_split_gain=0.0,
               n_estimators=100, n_jobs=-1, num_leaves=31, objective=None,
               random_state=42, reg_alpha=0.0, reg_lambda=0.0, subsample=1.0,
               subsample_for_bin=200000, subsample_freq=0)
2025-06-21 20:58:52,114:INFO:create_model() successfully completed......................................
2025-06-21 20:58:52,392:INFO:_master_model_container: 14
2025-06-21 20:58:52,392:INFO:_display_container: 2
2025-06-21 20:58:52,392:INFO:LGBMClassifier(boosting_type='gbdt', class_weight=None, colsample_bytree=1.0,
               importance_type='split', learning_rate=0.1, max_depth=-1,
               min_child_samples=20, min_child_weight=0.001, min_split_gain=0.0,
               n_estimators=100, n_jobs=-1, num_leaves=31, objective=None,
               random_state=42, reg_alpha=0.0, reg_lambda=0.0, subsample=1.0,
               subsample_for_bin=200000, subsample_freq=0)
2025-06-21 20:58:52,392:INFO:compare_models() successfully completed......................................
